Competition,Season,Season start year,Round,Matchweek,Day,Date,Time,Host country,Host,Host goals,Score,Guest country,Guest,Guest goals,Attendance,Venue,Referee,Notes,Competition phase,Extra time,Penalty kicks,Penalty kicks result,Host penalties scored,Guest penalties scored
Conference League,2021/22,2021,Group stage,1,Wed,2021-09-15,17:30,ru,Spartak Moscow,0,0–1,pl,Legia Warsaw,1,6832,Stadion Akademii imeni Cherenkova № 4,Nikola Dabanović,,main stage,,,,,
Conference League,2021/22,2021,Group stage,1,Thu,2021-09-16,18:45,es,Real Betis,4,4–3,sct,Celtic,3,30893,Estadio Benito Villamarín,Fran Jović,,main stage,,,,,
Conference League,2021/22,2021,Group stage,1,Thu,2021-09-16,18:45,at,Rapid Wien,0,0–1,be,Genk,1,18400,Gerhard-Hanappi-Stadion,Kristo Tohver,,main stage,,,,,
Conference League,2021/22,2021,Group stage,1,Thu,2021-09-16,18:45,rs,Red Star,2,2–1,pt,Braga,1,24671,Stadion Rajko Mitić,John Beaton,,main stage,,,,,
Conference League,2021/22,2021,Group stage,1,Thu,2021-09-16,18:45,de,Leverkusen,2,2–1,hu,Ferencváros,1,11013,BayArena,Andris Treimanis,,main stage,,,,,
Conference League,2021/22,2021,Group stage,1,Thu,2021-09-16,18:45,dk,Midtjylland,1,1–1,bg,Ludogorets,1,6568,MCH Arena,Chang Ssu-yu,,main stage,,,,,
Conference League,2021/22,2021,Group stage,1,Thu,2021-09-16,18:45,hr,Dinamo Zagreb,0,0–2,eng,West Ham,2,12344,Stadion Maksimir,Ruddy Buquet,,main stage,,,,,
Conference League,2021/22,2021,Group stage,1,Thu,2021-09-16,19:45,ru,Loko Moscow,1,1–1,fr,Marseille,1,8100,RZD Arena,Irfan Peljto,,main stage,,,,,
Conference League,2021/22,2021,Group stage,1,Thu,2021-09-16,19:45,tr,Galatasaray,1,1–0,it,Lazio,0,15353,Ali Sami Yen Stadyumu,Matej Jug,,main stage,,,,,
Conference League,2021/22,2021,Group stage,1,Thu,2021-09-16,20:00,sct,Rangers,0,0–2,fr,Lyon,2,44906,Ibrox Stadium,Andreas Ekberg,,main stage,,,,,
Conference League,2021/22,2021,Group stage,1,Thu,2021-09-16,20:00,eng,Leicester City,2,2–2,it,Napoli,2,29579,King Power Stadium,Tiago Martins,,main stage,,,,,
Conference League,2021/22,2021,Group stage,1,Thu,2021-09-16,21:00,nl,PSV,2,2–2,es,Real Sociedad,2,23135,Philips Stadion,William Collum,,main stage,,,,,
Conference League,2021/22,2021,Group stage,1,Thu,2021-09-16,21:00,dk,Brøndby,0,0–0,cz,Sparta Prague,0,18867,Brøndby Stadion,Aleksandar Stavrev,,main stage,,,,,
Conference League,2021/22,2021,Group stage,1,Thu,2021-09-16,21:00,de,Frankfurt,1,1–1,tr,Fenerbahçe,1,25000,Deutsche Bank Park,Maurizio Mariani,,main stage,,,,,
Conference League,2021/22,2021,Group stage,1,Thu,2021-09-16,21:00,fr,Monaco,1,1–0,at,Sturm Graz,0,2941,Stade Louis II,Donatas Rumšas,,main stage,,,,,
Conference League,2021/22,2021,Group stage,1,Thu,2021-09-16,22:00,gr,Olympiacos,2,2–1,be,Antwerp,1,15615,Stadio Georgios Karaiskáki,Tamás Bognár,,main stage,,,,,
Conference League,2021/22,2021,Group stage,2,Thu,2021-09-30,18:45,fr,Lyon,3,3–0,dk,Brøndby,0,25466,Groupama Stadium,Harald Lechner,,main stage,,,,,
Conference League,2021/22,2021,Group stage,2,Thu,2021-09-30,18:45,it,Napoli,2,2–3,ru,Spartak Moscow,3,13373,Stadio Diego Armando Maradona,Ivan Kružliak,,main stage,,,,,
Conference League,2021/22,2021,Group stage,2,Thu,2021-09-30,18:45,at,Sturm Graz,1,1–4,nl,PSV,4,15026,Merkur Arena,Anatolii Aranovskii,,main stage,,,,,
Conference League,2021/22,2021,Group stage,2,Thu,2021-09-30,18:45,pl,Legia Warsaw,1,1–0,eng,Leicester City,0,27087,Stadion Miejski Legii Warszawa im. Marsz...,Ivan Bebek,,main stage,,,,,
Conference League,2021/22,2021,Group stage,2,Thu,2021-09-30,18:45,es,Real Sociedad,1,1–1,fr,Monaco,1,23765,Estadio Municipal de Anoeta,Sergey Ivanov,,main stage,,,,,
Conference League,2021/22,2021,Group stage,2,Thu,2021-09-30,18:45,cz,Sparta Prague,1,1–0,sct,Rangers,0,10879,Generali Česká Pojišťovna Arena,Ali Palabıyık,,main stage,,,,,
Conference League,2021/22,2021,Group stage,2,Thu,2021-09-30,18:45,be,Antwerp,0,0–1,de,Frankfurt,1,13183,Bosuilstadion,Jakob Kehlet,,main stage,,,,,
Conference League,2021/22,2021,Group stage,2,Thu,2021-09-30,19:45,tr,Fenerbahçe,0,0–3,gr,Olympiacos,3,22160,Ülker Stadyumu Fenerbahçe Şükrü Saracoğl...,Alejandro Hernández,,main stage,,,,,
Conference League,2021/22,2021,Group stage,2,Thu,2021-09-30,20:00,sct,Celtic,0,0–4,de,Leverkusen,4,55436,Celtic Park,Marco Di Bello,,main stage,,,,,
Conference League,2021/22,2021,Group stage,2,Thu,2021-09-30,20:00,eng,West Ham,2,2–0,at,Rapid Wien,0,50004,London Stadium,Tobias Stieler,,main stage,,,,,
Conference League,2021/22,2021,Group stage,2,Thu,2021-09-30,20:00,pt,Braga,3,3–1,dk,Midtjylland,1,5449,Estádio Municipal de Braga,Stéphanie Frappart,,main stage,,,,,
Conference League,2021/22,2021,Group stage,2,Thu,2021-09-30,21:00,fr,Marseille,0,0–0,tr,Galatasaray,0,49870,Orange Vélodrome,Paweł Raczkowski,,main stage,,,,,
Conference League,2021/22,2021,Group stage,2,Thu,2021-09-30,21:00,be,Genk,0,0–3,hr,Dinamo Zagreb,3,11262,Luminus Arena,Mattias Gestranius,,main stage,,,,,
Conference League,2021/22,2021,Group stage,2,Thu,2021-09-30,21:00,hu,Ferencváros,1,1–3,es,Real Betis,3,16759,Groupama Arena,Roi Reinshreiber,,main stage,,,,,
Conference League,2021/22,2021,Group stage,2,Thu,2021-09-30,21:00,it,Lazio,2,2–0,ru,Loko Moscow,0,6767,Stadio Olimpico,Craig Pawson,,main stage,,,,,
Conference League,2021/22,2021,Group stage,2,Thu,2021-09-30,22:00,bg,Ludogorets,0,0–1,rs,Red Star,1,3078,Huvepharma Arena,Jérôme Brisard,,main stage,,,,,
Conference League,2021/22,2021,Group stage,3,Tue,2021-10-19,15:30,sct,Celtic,2,2–0,hu,Ferencváros,0,50427,Celtic Park,Jakob Kehlet,,main stage,,,,,
Conference League,2021/22,2021,Group stage,3,Wed,2021-10-20,17:30,ru,Spartak Moscow,3,3–4,eng,Leicester City,4,11366,Otkrytie Arena,Anastasios Sidiropoulos,,main stage,,,,,
Conference League,2021/22,2021,Group stage,3,Thu,2021-10-21,18:45,es,Real Betis,1,1–1,de,Leverkusen,1,39230,Estadio Benito Villamarín,Bartosz Frankowski,,main stage,,,,,
Conference League,2021/22,2021,Group stage,3,Thu,2021-10-21,18:45,dk,Midtjylland,1,1–1,rs,Red Star,1,8438,MCH Arena,Roi Reinshreiber,,main stage,,,,,
Conference League,2021/22,2021,Group stage,3,Thu,2021-10-21,18:45,it,Lazio,0,0–0,fr,Marseille,0,8329,Stadio Olimpico,Deniz Aytekin,,main stage,,,,,
Conference League,2021/22,2021,Group stage,3,Thu,2021-10-21,18:45,at,Rapid Wien,2,2–1,hr,Dinamo Zagreb,1,22300,Allianz Stadion,Kateryna Monzul,,main stage,,,,,
Conference League,2021/22,2021,Group stage,3,Thu,2021-10-21,19:45,tr,Fenerbahçe,2,2–2,be,Antwerp,2,16629,Ülker Stadyumu Fenerbahçe Şükrü Saracoğl...,Sergey Ivanov,,main stage,,,,,
Conference League,2021/22,2021,Group stage,3,Thu,2021-10-21,19:45,bg,Ludogorets,0,0–1,pt,Braga,1,2280,Huvepharma Arena,Kristo Tohver,,main stage,,,,,
Conference League,2021/22,2021,Group stage,3,Thu,2021-10-21,20:00,eng,West Ham,3,3–0,be,Genk,0,45980,London Stadium,Donatas Rumšas,,main stage,,,,,
Conference League,2021/22,2021,Group stage,3,Thu,2021-10-21,20:00,sct,Rangers,2,2–0,dk,Brøndby,0,46842,Ibrox Stadium,Fran Jović,,main stage,,,,,
Conference League,2021/22,2021,Group stage,3,Thu,2021-10-21,21:00,de,Frankfurt,3,3–1,gr,Olympiacos,1,35000,Deutsche Bank Park,Tiago Martins,,main stage,,,,,
Conference League,2021/22,2021,Group stage,3,Thu,2021-10-21,21:00,cz,Sparta Prague,3,3–4,fr,Lyon,4,12427,Generali Česká Pojišťovna Arena,Matej Jug,,main stage,,,,,
Conference League,2021/22,2021,Group stage,3,Thu,2021-10-21,21:00,at,Sturm Graz,0,0–1,es,Real Sociedad,1,14809,Merkur Arena,Tobias Stieler,,main stage,,,,,
Conference League,2021/22,2021,Group stage,3,Thu,2021-10-21,21:00,nl,PSV,1,1–2,fr,Monaco,2,33000,Philips Stadion,Davide Massa,,main stage,,,,,
Conference League,2021/22,2021,Group stage,3,Thu,2021-10-21,21:00,it,Napoli,3,3–0,pl,Legia Warsaw,0,10346,Stadio Diego Armando Maradona,Carlos Grande Rabadán,,main stage,,,,,
Conference League,2021/22,2021,Group stage,3,Thu,2021-10-21,22:00,ru,Loko Moscow,0,0–1,tr,Galatasaray,1,8100,RZD Arena,Harald Lechner,,main stage,,,,,
Conference League,2021/22,2021,Group stage,4,Thu,2021-11-04,18:45,es,Real Sociedad,1,1–1,at,Sturm Graz,1,25010,Estadio Municipal de Anoeta,Andris Treimanis,,main stage,,,,,
Conference League,2021/22,2021,Group stage,4,Thu,2021-11-04,18:45,dk,Brøndby,1,1–1,sct,Rangers,1,20462,Brøndby Stadion,Nikola Dabanović,,main stage,,,,,
Conference League,2021/22,2021,Group stage,4,Thu,2021-11-04,18:45,fr,Monaco,0,0–0,nl,PSV,0,5840,Stade Louis II,Cüneyt Çakιr,,main stage,,,,,
Conference League,2021/22,2021,Group stage,4,Thu,2021-11-04,18:45,pl,Legia Warsaw,1,1–4,it,Napoli,4,25706,Stadion Miejski Legii Warszawa im. Marsz...,Lawrence Visser,,main stage,,,,,
Conference League,2021/22,2021,Group stage,4,Thu,2021-11-04,18:45,fr,Lyon,3,3–0,cz,Sparta Prague,0,33934,Groupama Stadium,Maurizio Mariani,,main stage,,,,,
Conference League,2021/22,2021,Group stage,4,Thu,2021-11-04,18:45,be,Genk,2,2–2,eng,West Ham,2,12239,Luminus Arena,Aleksandar Stavrev,,main stage,,,,,
Conference League,2021/22,2021,Group stage,4,Thu,2021-11-04,19:45,gr,Olympiacos,1,1–2,de,Frankfurt,2,23050,Stadio Georgios Karaiskáki,Aliaksei Kulbakou,,main stage,,,,,
Conference League,2021/22,2021,Group stage,4,Thu,2021-11-04,20:00,pt,Braga,4,4–2,bg,Ludogorets,2,6221,Estádio Municipal de Braga,Glenn Nyberg,,main stage,,,,,
Conference League,2021/22,2021,Group stage,4,Thu,2021-11-04,20:00,eng,Leicester City,1,1–1,ru,Spartak Moscow,1,30222,King Power Stadium,Halil Umut Meler,,main stage,,,,,
Conference League,2021/22,2021,Group stage,4,Thu,2021-11-04,20:45,tr,Galatasaray,1,1–1,ru,Loko Moscow,1,27776,Nef Stadyumu,Sandro Schärer,,main stage,,,,,
Conference League,2021/22,2021,Group stage,4,Thu,2021-11-04,21:00,hu,Ferencváros,2,2–3,sct,Celtic,3,16501,Groupama Arena,Fábio Veríssimo,,main stage,,,,,
Conference League,2021/22,2021,Group stage,4,Thu,2021-11-04,21:00,rs,Red Star,0,0–1,dk,Midtjylland,1,23070,Stadion Rajko Mitić,Tamás Bognár,,main stage,,,,,
Conference League,2021/22,2021,Group stage,4,Thu,2021-11-04,21:00,de,Leverkusen,4,4–0,es,Real Betis,0,15208,BayArena,Anthony Taylor,,main stage,,,,,
Conference League,2021/22,2021,Group stage,4,Thu,2021-11-04,21:00,be,Antwerp,0,0–3,tr,Fenerbahçe,3,,Bosuilstadion,Irfan Peljto,,main stage,,,,,
Conference League,2021/22,2021,Group stage,4,Thu,2021-11-04,21:00,fr,Marseille,2,2–2,it,Lazio,2,59163,Orange Vélodrome,José Sánchez,,main stage,,,,,
Conference League,2021/22,2021,Group stage,4,Thu,2021-11-04,21:00,hr,Dinamo Zagreb,3,3–1,at,Rapid Wien,1,7835,Stadion Maksimir,John Beaton,,main stage,,,,,
Conference League,2021/22,2021,Group stage,5,Wed,2021-11-24,18:30,ru,Spartak Moscow,2,2–1,it,Napoli,1,25706,Otkrytie Arena,Clément Turpin,,main stage,,,,,
Conference League,2021/22,2021,Group stage,5,Thu,2021-11-25,18:45,at,Rapid Wien,0,0–2,eng,West Ham,2,,Allianz Stadion,Sergey Ivanov,,main stage,,,,,
Conference League,2021/22,2021,Group stage,5,Thu,2021-11-25,18:45,es,Real Betis,2,2–0,hu,Ferencváros,0,30137,Estadio Benito Villamarín,Ruddy Buquet,,main stage,,,,,
Conference League,2021/22,2021,Group stage,5,Thu,2021-11-25,18:45,rs,Red Star,1,1–0,bg,Ludogorets,0,11252,Stadion Rajko Mitić,José Sánchez,,main stage,,,,,
Conference League,2021/22,2021,Group stage,5,Thu,2021-11-25,18:45,de,Leverkusen,3,3–2,sct,Celtic,2,19830,BayArena,Anastasios Sidiropoulos,,main stage,,,,,
Conference League,2021/22,2021,Group stage,5,Thu,2021-11-25,18:45,dk,Midtjylland,3,3–2,pt,Braga,2,7189,MCH Arena,Matej Jug,,main stage,,,,,
Conference League,2021/22,2021,Group stage,5,Thu,2021-11-25,18:45,hr,Dinamo Zagreb,1,1–1,be,Genk,1,6892,Stadion Maksimir,Glenn Nyberg,,main stage,,,,,
Conference League,2021/22,2021,Group stage,5,Thu,2021-11-25,20:00,eng,Leicester City,3,3–1,pl,Legia Warsaw,1,30658,King Power Stadium,Deniz Aytekin,,main stage,,,,,
Conference League,2021/22,2021,Group stage,5,Thu,2021-11-25,20:00,sct,Rangers,2,2–0,cz,Sparta Prague,0,48370,Ibrox Stadium,Danny Makkelie,,main stage,,,,,
Conference League,2021/22,2021,Group stage,5,Thu,2021-11-25,20:45,tr,Galatasaray,4,4–2,fr,Marseille,2,39758,Ali Sami Yen Stadyumu,Tobias Stieler,,main stage,,,,,
Conference League,2021/22,2021,Group stage,5,Thu,2021-11-25,20:45,ru,Loko Moscow,0,0–3,it,Lazio,3,8100,RZD Arena,Artur Dias,,main stage,,,,,
Conference League,2021/22,2021,Group stage,5,Thu,2021-11-25,21:00,de,Frankfurt,2,2–2,be,Antwerp,2,30000,Deutsche Bank Park,Paul Tierney,,main stage,,,,,
Conference League,2021/22,2021,Group stage,5,Thu,2021-11-25,21:00,fr,Monaco,2,2–1,es,Real Sociedad,1,3834,Stade Louis II,Ivan Kružliak,,main stage,,,,,
Conference League,2021/22,2021,Group stage,5,Thu,2021-11-25,21:00,dk,Brøndby,1,1–3,fr,Lyon,3,16645,Brøndby Stadion,Georgi Kabakov,,main stage,,,,,
Conference League,2021/22,2021,Group stage,5,Thu,2021-11-25,21:00,nl,PSV,2,2–0,at,Sturm Graz,0,,Philips Stadion,Paweł Raczkowski,,main stage,,,,,
Conference League,2021/22,2021,Group stage,5,Thu,2021-11-25,22:00,gr,Olympiacos,1,1–0,tr,Fenerbahçe,0,22405,Stadio Georgios Karaiskáki,Antonio Matéu Lahoz,,main stage,,,,,
Conference League,2021/22,2021,Group stage,6,Thu,2021-12-09,18:45,pl,Legia Warsaw,0,0–1,ru,Spartak Moscow,1,21629,Stadion Miejski Legii Warszawa im. Marsz...,Matej Jug,,main stage,,,,,
Conference League,2021/22,2021,Group stage,6,Thu,2021-12-09,18:45,be,Antwerp,1,1–0,gr,Olympiacos,0,7992,Bosuilstadion,Marco Di Bello,,main stage,,,,,
Conference League,2021/22,2021,Group stage,6,Thu,2021-12-09,18:45,cz,Sparta Prague,2,2–0,dk,Brøndby,0,976,Generali Česká Pojišťovna Arena,Craig Pawson,,main stage,,,,,
Conference League,2021/22,2021,Group stage,6,Thu,2021-12-09,18:45,at,Sturm Graz,1,1–1,fr,Monaco,1,,Merkur Arena,Mohammed Al Hakim,,main stage,,,,,
Conference League,2021/22,2021,Group stage,6,Thu,2021-12-09,18:45,fr,Lyon,1,1–1,sct,Rangers,1,26842,Groupama Stadium,Radu Petrescu,,main stage,,,,,
Conference League,2021/22,2021,Group stage,6,Thu,2021-12-09,18:45,it,Napoli,3,3–2,eng,Leicester City,2,14646,Stadio Diego Armando Maradona,Antonio Matéu Lahoz,,main stage,,,,,
Conference League,2021/22,2021,Group stage,6,Thu,2021-12-09,18:45,es,Real Sociedad,3,3–0,nl,PSV,0,24940,Estadio Municipal de Anoeta,Felix Zwayer,,main stage,,,,,
Conference League,2021/22,2021,Group stage,6,Thu,2021-12-09,20:00,eng,West Ham,0,0–1,hr,Dinamo Zagreb,1,49407,London Stadium,Maurizio Mariani,,main stage,,,,,
Conference League,2021/22,2021,Group stage,6,Thu,2021-12-09,20:00,pt,Braga,1,1–1,rs,Red Star,1,5344,Estádio Municipal de Braga,Marco Guida,,main stage,,,,,
Conference League,2021/22,2021,Group stage,6,Thu,2021-12-09,20:00,sct,Celtic,3,3–2,es,Real Betis,2,54548,Celtic Park,Daniel Stefański,,main stage,,,,,
Conference League,2021/22,2021,Group stage,6,Thu,2021-12-09,20:45,tr,Fenerbahçe,1,1–1,de,Frankfurt,1,8932,Ülker Stadyumu Fenerbahçe Şükrü Saracoğl...,Srđan Jovanović,,main stage,,,,,
Conference League,2021/22,2021,Group stage,6,Thu,2021-12-09,21:00,it,Lazio,0,0–0,tr,Galatasaray,0,13178,Stadio Olimpico,Carlos del Cerro,,main stage,,,,,
Conference League,2021/22,2021,Group stage,6,Thu,2021-12-09,21:00,fr,Marseille,1,1–0,ru,Loko Moscow,0,42614,Orange Vélodrome,William Collum,,main stage,,,,,
Conference League,2021/22,2021,Group stage,6,Thu,2021-12-09,21:00,hu,Ferencváros,1,1–0,de,Leverkusen,0,12127,Groupama Arena,Kirill Levnikov,,main stage,,,,,
Conference League,2021/22,2021,Group stage,6,Thu,2021-12-09,21:00,be,Genk,0,0–1,at,Rapid Wien,1,10018,Luminus Arena,Tiago Martins,,main stage,,,,,
Conference League,2021/22,2021,Group stage,6,Thu,2021-12-09,22:00,bg,Ludogorets,0,0–0,dk,Midtjylland,0,556,Huvepharma Arena,Tobias Stieler,,main stage,,,,,
Conference League,2021/22,2021,Knockout round play-offs,,Thu,2022-02-17,18:45,de,Dortmund,2,2–4,sct,Rangers,4,10000,Signal Iduna Park,Clément Turpin,Leg 1 of 2,main stage,False,False,,,
Conference League,2021/22,2021,Knockout round play-offs,,Thu,2022-02-17,18:45,es,Barcelona,1,1–1,it,Napoli,1,73525,Camp Nou,István Kovács,Leg 1 of 2,main stage,False,False,,,
Conference League,2021/22,2021,Knockout round play-offs,,Thu,2022-02-17,19:45,md,Sheriff Tiraspol,2,2–0,pt,Braga,0,3062,Bolshaya Sportivnaya Arena,Danny Makkelie,Leg 1 of 2,main stage,False,False,,,
Conference League,2021/22,2021,Knockout round play-offs,,Thu,2022-02-17,20:00,pt,Porto,2,2–1,it,Lazio,1,32929,Estádio Do Dragão,Serdar Gözübüyük,Leg 1 of 2,main stage,False,False,,,
Conference League,2021/22,2021,Knockout round play-offs,,Thu,2022-02-17,20:45,ru,Zenit,2,2–3,es,Real Betis,3,28936,Gazprom Arena,Benoît Bastien,Leg 1 of 2,main stage,False,False,,,
Conference League,2021/22,2021,Knockout round play-offs,,Thu,2022-02-17,21:00,es,Sevilla,3,3–1,hr,Dinamo Zagreb,1,28372,Estadio Ramón Sánchez Pizjuán,Marco Guida,Leg 1 of 2,main stage,False,False,,,
Conference League,2021/22,2021,Knockout round play-offs,,Thu,2022-02-17,21:00,de,RB Leipzig,2,2–2,es,Real Sociedad,2,21113,Red Bull Arena,Cüneyt Çakιr,Leg 1 of 2,main stage,False,False,,,
Conference League,2021/22,2021,Knockout round play-offs,,Thu,2022-02-17,21:00,it,Atalanta,2,2–1,gr,Olympiacos,1,9448,Stadio Atleti Azzurri d'Italia,Sandro Schärer,Leg 1 of 2,main stage,False,False,,,
Conference League,2021/22,2021,Knockout round play-offs,,Thu,2022-02-24,18:45,es,Real Sociedad,1,1–3,de,RB Leipzig,3,30113,Estadio Municipal de Anoeta,Anthony Taylor,Leg 2 of 2; RB Leipzig won,main stage,False,False,,,
Conference League,2021/22,2021,Knockout round play-offs,,Thu,2022-02-24,18:45,hr,Dinamo Zagreb,1,1–0,es,Sevilla,0,9788,Stadion Maksimir,François Letexier,Leg 2 of 2; Sevilla won,main stage,False,False,,,
Conference League,2021/22,2021,Knockout round play-offs,,Thu,2022-02-24,18:45,it,Lazio,2,2–2,pt,Porto,2,24948,Stadio Olimpico,Deniz Aytekin,Leg 2 of 2; Porto won,main stage,False,False,,,
Conference League,2021/22,2021,Knockout round play-offs,,Thu,2022-02-24,19:45,gr,Olympiacos,0,0–3,it,Atalanta,3,15835,Stadio Georgios Karaiskáki,Carlos del Cerro,Leg 2 of 2; Atalanta won,main stage,False,False,,,
Conference League,2021/22,2021,Knockout round play-offs,,Thu,2022-02-24,20:00,pt,Braga,2,(3) 2–0 (2),md,Sheriff Tiraspol,0,9423,Estádio Municipal de Braga,José Sánchez,Leg 2 of 2; Braga won; Braga won a penalty shoot-out following extra time,main stage,True,True,3 - 2,3,2
Conference League,2021/22,2021,Knockout round play-offs,,Thu,2022-02-24,20:00,sct,Rangers,2,2–2,de,Dortmund,2,47709,Ibrox Stadium,Antonio Matéu Lahoz,Leg 2 of 2; Rangers won,main stage,False,False,,,
Conference League,2021/22,2021,Knockout round play-offs,,Thu,2022-02-24,21:00,it,Napoli,2,2–4,es,Barcelona,4,37858,Stadio Diego Armando Maradona,Sergey Karasev,Leg 2 of 2; Barcelona won,main stage,False,False,,,
Conference League,2021/22,2021,Knockout round play-offs,,Thu,2022-02-24,21:00,es,Real Betis,0,0–0,ru,Zenit,0,44236,Estadio Benito Villamarín,Halil Umut Meler,Leg 2 of 2; Real Betis won,main stage,False,False,,,
Conference League,2021/22,2021,Round of 16,,Wed,2022-03-09,17:45,pt,Porto,0,0–1,fr,Lyon,1,26309,Estádio Do Dragão,José Sánchez,Leg 1 of 2,main stage,False,False,,,
Conference League,2021/22,2021,Round of 16,,Wed,2022-03-09,18:45,es,Real Betis,1,1–2,de,Frankfurt,2,36574,Estadio Benito Villamarín,Marco Guida,Leg 1 of 2,main stage,False,False,,,
Conference League,2021/22,2021,Round of 16,,Thu,2022-03-10,18:45,de,RB Leipzig,,,ru,Spartak Moscow,,,Red Bull Arena,,Leg 1 of 2; Match Cancelled,main stage,False,False,,,
Conference League,2021/22,2021,Round of 16,,Thu,2022-03-10,18:45,es,Sevilla,1,1–0,eng,West Ham,0,34728,Estadio Ramón Sánchez Pizjuán,Sandro Schärer,Leg 1 of 2,main stage,False,False,,,
Conference League,2021/22,2021,Round of 16,,Thu,2022-03-10,20:00,pt,Braga,2,2–0,fr,Monaco,0,10228,Estádio Municipal de Braga,Felix Zwayer,Leg 1 of 2,main stage,False,False,,,
Conference League,2021/22,2021,Round of 16,,Thu,2022-03-10,20:00,sct,Rangers,3,3–0,rs,Red Star,0,48589,Ibrox Stadium,Serdar Gözübüyük,Leg 1 of 2,main stage,False,False,,,
Conference League,2021/22,2021,Round of 16,,Thu,2022-03-10,21:00,es,Barcelona,0,0–0,tr,Galatasaray,0,61740,Camp Nou,Benoît Bastien,Leg 1 of 2,main stage,False,False,,,
Conference League,2021/22,2021,Round of 16,,Thu,2022-03-10,21:00,it,Atalanta,3,3–2,de,Leverkusen,2,13134,Stadio Atleti Azzurri d'Italia,Srđan Jovanović,Leg 1 of 2,main stage,False,False,,,
Conference League,2021/22,2021,Round of 16,,Thu,2022-03-17,nan,ru,Spartak Moscow,,,de,RB Leipzig,,,,,Leg 2 of 2; RB Leipzig won; Match Cancelled,main stage,False,False,,,
Conference League,2021/22,2021,Round of 16,,Thu,2022-03-17,18:45,de,Leverkusen,0,0–1,it,Atalanta,1,19871,BayArena,François Letexier,Leg 2 of 2; Atalanta won,main stage,False,False,,,
Conference League,2021/22,2021,Round of 16,,Thu,2022-03-17,18:45,rs,Red Star,2,2–1,sct,Rangers,1,47024,Stadion Rajko Mitić,István Kovács,Leg 2 of 2; Rangers won,main stage,False,False,,,
Conference League,2021/22,2021,Round of 16,,Thu,2022-03-17,18:45,fr,Monaco,1,1–1,pt,Braga,1,3892,Stade Louis II,Andreas Ekberg,Leg 2 of 2; Braga won,main stage,False,False,,,
Conference League,2021/22,2021,Round of 16,,Thu,2022-03-17,20:00,eng,West Ham,2,2–0,es,Sevilla,0,59981,London Stadium,Clément Turpin,Leg 2 of 2; West Ham won; Required Extra Time,main stage,True,False,,,
Conference League,2021/22,2021,Round of 16,,Thu,2022-03-17,20:45,tr,Galatasaray,1,1–2,es,Barcelona,2,50110,Ali Sami Yen Stadyumu,Daniele Orsato,Leg 2 of 2; Barcelona won,main stage,False,False,,,
Conference League,2021/22,2021,Round of 16,,Thu,2022-03-17,21:00,fr,Lyon,1,1–1,pt,Porto,1,54551,Groupama Stadium,Ovidiu Hațegan,Leg 2 of 2; Lyon won,main stage,False,False,,,
Conference League,2021/22,2021,Round of 16,,Thu,2022-03-17,21:00,de,Frankfurt,1,1–1,es,Real Betis,1,25000,Deutsche Bank Park,Michael Oliver,Leg 2 of 2; Frankfurt won; Required Extra Time,main stage,True,False,,,
Conference League,2021/22,2021,Quarter-finals,,Thu,2022-04-07,18:45,de,RB Leipzig,1,1–1,it,Atalanta,1,36029,Red Bull Arena,Michael Oliver,Leg 1 of 2,main stage,False,False,,,
Conference League,2021/22,2021,Quarter-finals,,Thu,2022-04-07,20:00,pt,Braga,1,1–0,sct,Rangers,0,20331,Estádio Municipal de Braga,Davide Massa,Leg 1 of 2,main stage,False,False,,,
Conference League,2021/22,2021,Quarter-finals,,Thu,2022-04-07,20:00,eng,West Ham,1,1–1,fr,Lyon,1,59978,London Stadium,Felix Zwayer,Leg 1 of 2,main stage,False,False,,,
Conference League,2021/22,2021,Quarter-finals,,Thu,2022-04-07,21:00,de,Frankfurt,1,1–1,es,Barcelona,1,48000,Deutsche Bank Park,Srđan Jovanović,Leg 1 of 2,main stage,False,False,,,
Conference League,2021/22,2021,Quarter-finals,,Thu,2022-04-14,18:45,it,Atalanta,0,0–2,de,RB Leipzig,2,17905,Stadio Atleti Azzurri d'Italia,Antonio Matéu Lahoz,Leg 2 of 2; RB Leipzig won,main stage,False,False,,,
Conference League,2021/22,2021,Quarter-finals,,Thu,2022-04-14,20:00,sct,Rangers,3,3–1,pt,Braga,1,48894,Ibrox Stadium,François Letexier,Leg 2 of 2; Rangers won; Required Extra Time,main stage,True,False,,,
Conference League,2021/22,2021,Quarter-finals,,Thu,2022-04-14,21:00,fr,Lyon,0,0–3,eng,West Ham,3,50065,Groupama Stadium,Sandro Schärer,Leg 2 of 2; West Ham won,main stage,False,False,,,
Conference League,2021/22,2021,Quarter-finals,,Thu,2022-04-14,21:00,es,Barcelona,2,2–3,de,Frankfurt,3,79468,Camp Nou,Artur Dias,Leg 2 of 2; Frankfurt won,main stage,False,False,,,
Conference League,2021/22,2021,Semi-finals,,Thu,2022-04-28,20:00,eng,West Ham,1,1–2,de,Frankfurt,2,60000,London Stadium,Serdar Gözübüyük,Leg 1 of 2,main stage,False,False,,,
Conference League,2021/22,2021,Semi-finals,,Thu,2022-04-28,21:00,de,RB Leipzig,1,1–0,sct,Rangers,0,40303,Red Bull Arena,Benoît Bastien,Leg 1 of 2,main stage,False,False,,,
Conference League,2021/22,2021,Semi-finals,,Thu,2022-05-05,20:00,sct,Rangers,3,3–1,de,RB Leipzig,1,49397,Ibrox Stadium,Artur Dias,Leg 2 of 2; Rangers won,main stage,False,False,,,
Conference League,2021/22,2021,Semi-finals,,Thu,2022-05-05,21:00,de,Frankfurt,1,1–0,eng,West Ham,0,48000,Deutsche Bank Park,Jesús Gil,Leg 2 of 2; Frankfurt won,main stage,False,False,,,
Conference League,2021/22,2021,Final,,Wed,2022-05-18,21:00,de,Frankfurt,1,(5) 1–1 (4),sct,Rangers,1,,Estadio Ramón Sánchez Pizjuán (Neutral Site),Slavko Vinčič,Frankfurt won a penalty shoot-out following extra time,main stage,True,True,5 - 4,5,4
Conference League,2021/22,2021,Third qualifying round,,Tue,2021-08-03,21:00,az,Neftçi,2,2–2,fi,HJK Helsinki,2,3500,Bakcell Arena,William Collum,Leg 1 of 2,qualification,False,False,,,
Conference League,2021/22,2021,Third qualifying round,,Thu,2021-08-05,17:45,cz,Jablonec,2,2–4,sct,Celtic,4,4805,Stadion Střelnice,Halil Umut Meler,Leg 1 of 2,qualification,False,False,,,
Conference League,2021/22,2021,Third qualifying round,,Thu,2021-08-05,18:00,gi,Lincoln FC,1,1–3,sk,Slovan Bratislava,3,637,Victoria Stadium,Athanasios Tzilos,Leg 1 of 2,qualification,False,False,,,
Conference League,2021/22,2021,Third qualifying round,,Thu,2021-08-05,19:00,cy,AC Omonia,1,1–0,ee,FC Flora,0,8033,Neo GSP,Radu Petrescu,Leg 1 of 2,qualification,False,False,,,
Conference League,2021/22,2021,Third qualifying round,,Thu,2021-08-05,20:00,kz,FC Kairat,0,0–0,am,Alashkert,0,,Ortalıq Stadion,Aliaksei Kulbakou,Leg 1 of 2,qualification,False,False,,,
Conference League,2021/22,2021,Third qualifying round,,Thu,2021-08-05,20:00,si,NŠ Mura,0,0–0,lt,Žalgiris,0,2500,Mestni Štadion Fazanerija,Andreas Ekberg,Leg 1 of 2,qualification,False,False,,,
Conference League,2021/22,2021,Third qualifying round,,Thu,2021-08-05,20:30,at,Rapid Wien,3,3–0,cy,Anorthosis,0,11400,Allianz Stadion,Maurizio Mariani,Leg 1 of 2,qualification,False,False,,,
Conference League,2021/22,2021,Third qualifying round,,Thu,2021-08-05,21:00,tr,Galatasaray,1,1–1,sct,St Johnstone,1,6216,Nef Stadyumu,Sandro Schärer,Leg 1 of 2,qualification,False,False,,,
Conference League,2021/22,2021,Third qualifying round,,Tue,2021-08-10,19:00,ee,FC Flora,2,(4) 2–1 (5),cy,AC Omonia,1,1560,A. Le Coq Arena,Ivan Kružliak,Leg 2 of 2; AC Omonia won; AC Omonia won a penalty shoot-out following extra time,qualification,True,True,4 - 5,4,5
Conference League,2021/22,2021,Third qualifying round,,Tue,2021-08-10,20:30,sk,Slovan Bratislava,1,1–1,gi,Lincoln FC,1,4688,Štadión Tehelné pole,Mykola Balakin,Leg 2 of 2; Slovan Bratislava won,qualification,False,False,,,
Conference League,2021/22,2021,Third qualifying round,,Thu,2021-08-12,19:00,am,Alashkert,3,3–2,kz,FC Kairat,2,7000,Nairi,Lawrence Visser,Leg 2 of 2; Alashkert won; Required Extra Time,qualification,True,False,,,
Conference League,2021/22,2021,Third qualifying round,,Thu,2021-08-12,19:00,sct,St Johnstone,2,2–4,tr,Galatasaray,4,9106,McDiarmid Park,Andris Treimanis,Leg 2 of 2; Galatasaray won,qualification,False,False,,,
Conference League,2021/22,2021,Third qualifying round,,Thu,2021-08-12,19:00,fi,HJK Helsinki,3,3–0,az,Neftçi,0,4068,Telia 5G -areena,Deniz Aytekin,Leg 2 of 2; HJK Helsinki won,qualification,False,False,,,
Conference League,2021/22,2021,Third qualifying round,,Thu,2021-08-12,19:45,sct,Celtic,3,3–0,cz,Jablonec,0,50076,Celtic Park,Daniel Siebert,Leg 2 of 2; Celtic won,qualification,False,False,,,
Conference League,2021/22,2021,Third qualifying round,,Thu,2021-08-12,20:00,lt,Žalgiris,0,0–1,si,NŠ Mura,1,2921,Vilniaus LFF stadionas,Bartosz Frankowski,Leg 2 of 2; NŠ Mura won,qualification,False,False,,,
Conference League,2021/22,2021,Third qualifying round,,Thu,2021-08-12,20:00,cy,Anorthosis,2,2–1,at,Rapid Wien,1,3574,Stadio Antonis Papadopoulos,Aleksandar Stavrev,Leg 2 of 2; Rapid Wien won,qualification,False,False,,,
Conference League,2021/22,2021,Play-off round,,Tue,2021-08-17,21:00,rs,Red Star,4,4–0,ro,CFR Cluj,0,22482,Stadion Rajko Mitić,Georgi Kabakov,Leg 1 of 2,qualification,False,False,,,
Conference League,2021/22,2021,Play-off round,,Wed,2021-08-18,19:45,sct,Celtic,2,2–0,nl,AZ Alkmaar,0,52916,Celtic Park,Ovidiu Hațegan,Leg 1 of 2,qualification,False,False,,,
Conference League,2021/22,2021,Play-off round,,Thu,2021-08-19,19:00,cz,Slavia Prague,2,2–2,pl,Legia Warsaw,2,14543,Sinobo Stadium,Felix Zwayer,Leg 1 of 2,qualification,False,False,,,
Conference League,2021/22,2021,Play-off round,,Thu,2021-08-19,19:00,dk,Randers,1,1–1,tr,Galatasaray,1,7064,Cepheus Park Randers,Jesús Gil,Leg 1 of 2,qualification,False,False,,,
Conference League,2021/22,2021,Play-off round,,Thu,2021-08-19,20:00,cy,AC Omonia,4,4–2,be,Antwerp,2,7585,Neo GSP,Andreas Ekberg,Leg 1 of 2,qualification,False,False,,,
Conference League,2021/22,2021,Play-off round,,Thu,2021-08-19,20:00,si,NŠ Mura,1,1–3,at,Sturm Graz,3,4000,Mestni Štadion Fazanerija,Michael Oliver,Leg 1 of 2,qualification,False,False,,,
Conference League,2021/22,2021,Play-off round,,Thu,2021-08-19,20:00,sct,Rangers,1,1–0,am,Alashkert,0,42649,Ibrox Stadium,Anastasios Sidiropoulos,Leg 1 of 2,qualification,False,False,,,
Conference League,2021/22,2021,Play-off round,,Thu,2021-08-19,21:00,at,Rapid Wien,3,3–0,ua,Zorya Luhansk,0,10300,Allianz Stadion,Sandro Schärer,Leg 1 of 2,qualification,False,False,,,
Conference League,2021/22,2021,Play-off round,,Thu,2021-08-19,21:45,tr,Fenerbahçe,1,1–0,fi,HJK Helsinki,0,6769,Ülker Stadyumu Fenerbahçe Şükrü Saracoğl...,Benoît Bastien,Leg 1 of 2,qualification,False,False,,,
Conference League,2021/22,2021,Play-off round,,Thu,2021-08-19,22:00,gr,Olympiacos,3,3–0,sk,Slovan Bratislava,0,9823,Stadio Georgios Karaiskáki,Marco Guida,Leg 1 of 2,qualification,False,False,,,
Conference League,2021/22,2021,Play-off round,,Thu,2021-08-26,19:00,am,Alashkert,0,0–0,sct,Rangers,0,6800,Vazgen Sargsyan anvan Hanrapetakan Marza...,Tobias Stieler,Leg 2 of 2; Rangers won,qualification,False,False,,,
Conference League,2021/22,2021,Play-off round,,Thu,2021-08-26,19:00,fi,HJK Helsinki,2,2–5,tr,Fenerbahçe,5,3785,Telia 5G -areena,Ivan Kružliak,Leg 2 of 2; Fenerbahçe won,qualification,False,False,,,
Conference League,2021/22,2021,Play-off round,,Thu,2021-08-26,19:30,ua,Zorya Luhansk,2,2–3,at,Rapid Wien,3,2563,Slavutych-Arena,István Kovács,Leg 2 of 2; Rapid Wien won,qualification,False,False,,,
Conference League,2021/22,2021,Play-off round,,Thu,2021-08-26,20:15,nl,AZ Alkmaar,2,2–1,sct,Celtic,1,10041,AFAS Stadion,Tiago Martins,Leg 2 of 2; Celtic won,qualification,False,False,,,
Conference League,2021/22,2021,Play-off round,,Thu,2021-08-26,20:45,sk,Slovan Bratislava,2,2–2,gr,Olympiacos,2,7201,Štadión Tehelné pole,Deniz Aytekin,Leg 2 of 2; Olympiacos won,qualification,False,False,,,
Conference League,2021/22,2021,Play-off round,,Thu,2021-08-26,21:00,pl,Legia Warsaw,2,2–1,cz,Slavia Prague,1,20641,Stadion Miejski Legii Warszawa im. Marsz...,Artur Dias,Leg 2 of 2; Legia Warsaw won,qualification,False,False,,,
Conference League,2021/22,2021,Play-off round,,Thu,2021-08-26,21:00,at,Sturm Graz,2,2–0,si,NŠ Mura,0,8237,Merkur Arena,José Sánchez,Leg 2 of 2; Sturm Graz won,qualification,False,False,,,
Conference League,2021/22,2021,Play-off round,,Thu,2021-08-26,21:00,be,Antwerp,2,(3) 2–0 (2),cy,AC Omonia,0,10470,Bosuilstadion,Andris Treimanis,Leg 2 of 2; Antwerp won; Antwerp won a penalty shoot-out following extra time,qualification,True,True,3 - 2,3,2
Conference League,2021/22,2021,Play-off round,,Thu,2021-08-26,21:00,tr,Galatasaray,2,2–1,dk,Randers,1,3947,Ali Sami Yen Stadyumu,Alekseiy Kovalev,Leg 2 of 2; Galatasaray won,qualification,False,False,,,
Conference League,2021/22,2021,Play-off round,,Thu,2021-08-26,21:30,ro,CFR Cluj,1,1–2,rs,Red Star,2,4200,Stadionul Dr. Constantin Rădulescu,Michael Oliver,Leg 2 of 2; Red Star won,qualification,False,False,,,
Conference League,2022/23,2022,Group stage,1,Thu,2022-09-08,18:45,se,Malmö,0,0–2,pt,Braga,2,13721,Eleda Stadion,Duje Strukan,,main stage,,,,,
Conference League,2022/23,2022,Group stage,1,Thu,2022-09-08,18:45,de,Union Berlin,0,0–1,be,Union SG,1,21512,Stadion An der Alten Försterei,Serhiy Boyko,,main stage,,,,,
Conference League,2022/23,2022,Group stage,1,Thu,2022-09-08,18:45,ch,Zürich,1,1–2,eng,Arsenal,2,17070,Kybunpark,Mohammed Al Hakim,,main stage,,,,,
Conference League,2022/23,2022,Group stage,1,Thu,2022-09-08,18:45,nl,PSV,1,1–1,no,Bodø/Glimt,1,28627,Philips Stadion,Georgi Kabakov,,main stage,,,,,
Conference League,2022/23,2022,Group stage,1,Thu,2022-09-08,19:45,bg,Ludogorets,2,2–1,it,Roma,1,10011,Huvepharma Arena,Craig Pawson,,main stage,,,,,
Conference League,2022/23,2022,Group stage,1,Thu,2022-09-08,19:45,tr,Fenerbahçe,2,2–1,ua,Dynamo Kyiv,1,41895,Ülker Stadyumu Fenerbahçe Şükrü Saracoğl...,Tamás Bognár,,main stage,,,,,
Conference League,2022/23,2022,Group stage,1,Thu,2022-09-08,19:45,fi,HJK Helsinki,0,0–2,es,Real Betis,2,10164,Bolt Arena,Roi Reinshreiber,,main stage,,,,,
Conference League,2022/23,2022,Group stage,1,Thu,2022-09-08,19:45,cy,AEK Larnaca,1,1–2,fr,Rennes,2,4103,AEK Arena - George Karapatakis,Giorgi Kruashvili,,main stage,,,,,
Conference League,2022/23,2022,Group stage,1,Thu,2022-09-08,20:00,eng,Manchester Utd,0,0–1,es,Real Sociedad,1,74310,Old Trafford,Marco Di Bello,,main stage,,,,,
Conference League,2022/23,2022,Group stage,1,Thu,2022-09-08,21:00,at,Sturm Graz,1,1–0,dk,Midtjylland,0,10521,Merkur Arena,Chang Ssu-yu,,main stage,,,,,
Conference League,2022/23,2022,Group stage,1,Thu,2022-09-08,21:00,de,Freiburg,2,2–1,az,Qarabağ,1,31500,Schwarzwald-Stadion,Erik Lambrechts,,main stage,,,,,
Conference League,2022/23,2022,Group stage,1,Thu,2022-09-08,21:00,hu,Ferencváros,3,3–2,tr,Trabzonspor,2,17987,Groupama Arena,Fabio Maresca,,main stage,,,,,
Conference League,2022/23,2022,Group stage,1,Thu,2022-09-08,21:00,rs,Red Star,0,0–1,fr,Monaco,1,40226,Stadion Rajko Mitić,Harm Osmers,,main stage,,,,,
Conference League,2022/23,2022,Group stage,1,Thu,2022-09-08,21:00,it,Lazio,4,4–2,nl,Feyenoord,2,22763,Stadio Olimpico,Ricardo de Burgos,,main stage,,,,,
Conference League,2022/23,2022,Group stage,1,Thu,2022-09-08,21:00,fr,Nantes,2,2–1,gr,Olympiacos,1,31276,Stade de la Beaujoire - Louis Fonteneau,Harald Lechner,,main stage,,,,,
Conference League,2022/23,2022,Group stage,1,Thu,2022-09-08,22:00,cy,AC Omonia,0,0–3,md,Sheriff Tiraspol,3,11271,Neo GSP,Rade Obrenović,,main stage,,,,,
Conference League,2022/23,2022,Group stage,2,Thu,2022-09-15,18:45,es,Real Sociedad,2,2–1,cy,AC Omonia,1,28587,Reale Arena,Kristo Tohver,,main stage,,,,,
Conference League,2022/23,2022,Group stage,2,Thu,2022-09-15,18:45,dk,Midtjylland,5,5–1,it,Lazio,1,9052,MCH Arena,Nikola Dabanović,,main stage,,,,,
Conference League,2022/23,2022,Group stage,2,Thu,2022-09-15,18:45,nl,Feyenoord,6,6–0,at,Sturm Graz,0,30025,Stadion Feijenoord,Jérôme Brisard,,main stage,,,,,
Conference League,2022/23,2022,Group stage,2,Thu,2022-09-15,18:45,fr,Monaco,0,0–1,hu,Ferencváros,1,3931,Stade Louis II,Espen Andreas Eskås,,main stage,,,,,
Conference League,2022/23,2022,Group stage,2,Thu,2022-09-15,19:45,tr,Trabzonspor,2,2–1,rs,Red Star,1,24884,Şenol Güneş Stadyumu,Sascha Stegemann,,main stage,,,,,
Conference League,2022/23,2022,Group stage,2,Thu,2022-09-15,19:45,gr,Olympiacos,0,0–3,de,Freiburg,3,23104,Stadio Georgios Karaiskáki,Matej Jug,,main stage,,,,,
Conference League,2022/23,2022,Group stage,2,Thu,2022-09-15,19:45,md,Sheriff Tiraspol,0,0–2,eng,Manchester Utd,2,8734,Stadionul Zimbru,Paweł Raczkowski,,main stage,,,,,
Conference League,2022/23,2022,Group stage,2,Thu,2022-09-15,20:00,pt,Braga,1,1–0,de,Union Berlin,0,17782,Estádio Municipal de Braga,Filip Glova,,main stage,,,,,
Conference League,2022/23,2022,Group stage,2,Thu,2022-09-15,20:45,az,Qarabağ,3,3–0,fr,Nantes,0,26495,Tofiq Bəhramov adına Respublika stadionu,Enea Jorgji,,main stage,,,,,
Conference League,2022/23,2022,Group stage,2,Thu,2022-09-15,21:00,be,Union SG,3,3–2,se,Malmö,2,4373,King Power at Den Dreef Stadion,Bartosz Frankowski,,main stage,,,,,
Conference League,2022/23,2022,Group stage,2,Thu,2022-09-15,21:00,fr,Rennes,2,2–2,tr,Fenerbahçe,2,20993,Roazhon Park,Aliaksei Kulbakou,,main stage,,,,,
Conference League,2022/23,2022,Group stage,2,Thu,2022-09-15,21:00,ua,Dynamo Kyiv,0,0–1,cy,AEK Larnaca,1,3362,Stadion Cracovii,Jakob Kehlet,,main stage,,,,,
Conference League,2022/23,2022,Group stage,2,Thu,2022-09-15,21:00,it,Roma,3,3–0,fi,HJK Helsinki,0,60193,Stadio Olimpico,Radu Petrescu,,main stage,,,,,
Conference League,2022/23,2022,Group stage,2,Thu,2022-09-15,21:00,no,Bodø/Glimt,2,2–1,ch,Zürich,1,8000,Aspmyra Stadion,Stéphanie Frappart,,main stage,,,,,
Conference League,2022/23,2022,Group stage,2,Thu,2022-09-15,21:00,es,Real Betis,3,3–2,bg,Ludogorets,2,43113,Estadio Benito Villamarín,Andris Treimanis,,main stage,,,,,
Conference League,2022/23,2022,Group stage,3,Thu,2022-10-06,18:45,ch,Zürich,1,1–5,nl,PSV,5,10626,Stadion Letzigrund,William Collum,,main stage,,,,,
Conference League,2022/23,2022,Group stage,3,Thu,2022-10-06,18:45,se,Malmö,0,0–1,de,Union Berlin,1,16057,Eleda Stadion,Halil Umut Meler,,main stage,,,,,
Conference League,2022/23,2022,Group stage,3,Thu,2022-10-06,18:45,fr,Monaco,3,3–1,tr,Trabzonspor,1,5050,Stade Louis II,Giorgi Kruashvili,,main stage,,,,,
Conference League,2022/23,2022,Group stage,3,Thu,2022-10-06,18:45,rs,Red Star,4,4–1,hu,Ferencváros,1,26244,Stadion Rajko Mitić,Lawrence Visser,,main stage,,,,,
Conference League,2022/23,2022,Group stage,3,Thu,2022-10-06,18:45,at,Sturm Graz,0,0–0,it,Lazio,0,14171,Merkur Arena,Benoît Bastien,,main stage,,,,,
Conference League,2022/23,2022,Group stage,3,Thu,2022-10-06,19:45,fi,HJK Helsinki,1,1–1,bg,Ludogorets,1,9751,Bolt Arena,Yevhen Aranovskyi,,main stage,,,,,
Conference League,2022/23,2022,Group stage,3,Thu,2022-10-06,19:45,cy,AC Omonia,2,2–3,eng,Manchester Utd,3,20011,Neo GSP,João Pinheiro,,main stage,,,,,
Conference League,2022/23,2022,Group stage,3,Thu,2022-10-06,19:45,md,Sheriff Tiraspol,0,0–2,es,Real Sociedad,2,5427,Stadionul Zimbru,Harald Lechner,,main stage,,,,,
Conference League,2022/23,2022,Group stage,3,Thu,2022-10-06,20:00,eng,Arsenal,3,3–0,no,Bodø/Glimt,0,59724,Arsenal Stadium,Harm Osmers,,main stage,,,,,
Conference League,2022/23,2022,Group stage,3,Thu,2022-10-06,20:00,pt,Braga,1,1–2,be,Union SG,2,14044,Estádio Municipal de Braga,Stéphanie Frappart,,main stage,,,,,
Conference League,2022/23,2022,Group stage,3,Thu,2022-10-06,21:00,it,Roma,1,1–2,es,Real Betis,2,62294,Stadio Olimpico,Matej Jug,,main stage,,,,,
Conference League,2022/23,2022,Group stage,3,Thu,2022-10-06,21:00,de,Freiburg,2,2–0,fr,Nantes,0,33200,Schwarzwald-Stadion,Glenn Nyberg,,main stage,,,,,
Conference League,2022/23,2022,Group stage,3,Thu,2022-10-06,21:00,dk,Midtjylland,2,2–2,nl,Feyenoord,2,9044,MCH Arena,Mohammed Al Hakim,,main stage,,,,,
Conference League,2022/23,2022,Group stage,3,Thu,2022-10-06,21:00,fr,Rennes,2,2–1,ua,Dynamo Kyiv,1,24761,Roazhon Park,José Sánchez,,main stage,,,,,
Conference League,2022/23,2022,Group stage,3,Thu,2022-10-06,22:00,gr,Olympiacos,0,0–3,az,Qarabağ,3,21677,Stadio Georgios Karaiskáki,Irfan Peljto,,main stage,,,,,
Conference League,2022/23,2022,Group stage,3,Thu,2022-10-06,22:00,tr,Fenerbahçe,2,2–0,cy,AEK Larnaca,0,38860,Ülker Stadyumu Fenerbahçe Şükrü Saracoğl...,Chris Kavanagh,,main stage,,,,,
Conference League,2022/23,2022,Group stage,4,Thu,2022-10-13,18:45,be,Union SG,3,3–3,pt,Braga,3,7851,King Power at Den Dreef Stadion,Chang Ssu-yu,,main stage,,,,,
Conference League,2022/23,2022,Group stage,4,Thu,2022-10-13,18:45,no,Bodø/Glimt,0,0–1,eng,Arsenal,1,7922,Aspmyra Stadion,Irfan Peljto,,main stage,,,,,
Conference League,2022/23,2022,Group stage,4,Thu,2022-10-13,18:45,fr,Nantes,0,0–4,de,Freiburg,4,31845,Stade de la Beaujoire - Louis Fonteneau,Horațiu Fesnic,,main stage,,,,,
Conference League,2022/23,2022,Group stage,4,Thu,2022-10-13,18:45,es,Real Betis,1,1–1,it,Roma,1,52472,Estadio Benito Villamarín,Anastasios Sidiropoulos,,main stage,,,,,
Conference League,2022/23,2022,Group stage,4,Thu,2022-10-13,18:45,nl,Feyenoord,2,2–2,dk,Midtjylland,2,43086,Stadion Feijenoord,Rade Obrenović,,main stage,,,,,
Conference League,2022/23,2022,Group stage,4,Thu,2022-10-13,18:45,ua,Dynamo Kyiv,0,0–1,fr,Rennes,1,5398,Stadion Cracovii,Serdar Gözübüyük,,main stage,,,,,
Conference League,2022/23,2022,Group stage,4,Thu,2022-10-13,19:45,cy,AEK Larnaca,1,1–2,tr,Fenerbahçe,2,6947,AEK Arena - George Karapatakis,Paweł Raczkowski,,main stage,,,,,
Conference League,2022/23,2022,Group stage,4,Thu,2022-10-13,20:00,eng,Manchester Utd,1,1–0,cy,AC Omonia,0,74310,Old Trafford,Jérôme Brisard,,main stage,,,,,
Conference League,2022/23,2022,Group stage,4,Thu,2022-10-13,20:45,az,Qarabağ,0,0–0,gr,Olympiacos,0,31200,Tofiq Bəhramov adına Respublika stadionu,Craig Pawson,,main stage,,,,,
Conference League,2022/23,2022,Group stage,4,Thu,2022-10-13,21:00,es,Real Sociedad,3,3–0,md,Sheriff Tiraspol,0,25806,Reale Arena,Enea Jorgji,,main stage,,,,,
Conference League,2022/23,2022,Group stage,4,Thu,2022-10-13,21:00,nl,PSV,5,5–0,ch,Zürich,0,30000,Philips Stadion,Ali Palabıyık,,main stage,,,,,
Conference League,2022/23,2022,Group stage,4,Thu,2022-10-13,21:00,de,Union Berlin,1,1–0,se,Malmö,0,21800,Stadion An der Alten Försterei,Aleksandar Stavrev,,main stage,,,,,
Conference League,2022/23,2022,Group stage,4,Thu,2022-10-13,21:00,hu,Ferencváros,2,2–1,rs,Red Star,1,20675,Groupama Arena,Daniel Stefański,,main stage,,,,,
Conference League,2022/23,2022,Group stage,4,Thu,2022-10-13,21:00,it,Lazio,2,2–2,at,Sturm Graz,2,21059,Stadio Olimpico,Sascha Stegemann,,main stage,,,,,
Conference League,2022/23,2022,Group stage,4,Thu,2022-10-13,22:00,bg,Ludogorets,2,2–0,fi,HJK Helsinki,0,4623,Huvepharma Arena,Kristo Tohver,,main stage,,,,,
Conference League,2022/23,2022,Group stage,4,Thu,2022-10-13,22:00,tr,Trabzonspor,4,4–0,fr,Monaco,0,24343,Şenol Güneş Stadyumu,Jakob Kehlet,,main stage,,,,,
Conference League,2022/23,2022,Group stage,2,Thu,2022-10-20,18:00,eng,Arsenal,1,1–0,nl,PSV,0,52200,Arsenal Stadium,Alejandro Hernández,,main stage,,,,,
Conference League,2022/23,2022,Group stage,5,Thu,2022-10-27,18:45,it,Lazio,2,2–1,dk,Midtjylland,1,17756,Stadio Olimpico,Daniel Stefański,,main stage,,,,,
Conference League,2022/23,2022,Group stage,5,Thu,2022-10-27,18:45,de,Union Berlin,1,1–0,pt,Braga,0,21082,Stadion An der Alten Försterei,Craig Pawson,,main stage,,,,,
Conference League,2022/23,2022,Group stage,5,Thu,2022-10-27,18:45,nl,PSV,2,2–0,eng,Arsenal,0,35000,Philips Stadion,Marco Di Bello,,main stage,,,,,
Conference League,2022/23,2022,Group stage,5,Thu,2022-10-27,18:45,se,Malmö,0,0–2,be,Union SG,2,10912,Eleda Stadion,Roi Reinshreiber,,main stage,,,,,
Conference League,2022/23,2022,Group stage,5,Thu,2022-10-27,18:45,ch,Zürich,2,2–1,no,Bodø/Glimt,1,10168,Stadion Letzigrund,Yevhen Aranovskyi,,main stage,,,,,
Conference League,2022/23,2022,Group stage,5,Thu,2022-10-27,19:45,cy,AEK Larnaca,3,3–3,ua,Dynamo Kyiv,3,4321,AEK Arena - George Karapatakis,John Beaton,,main stage,,,,,
Conference League,2022/23,2022,Group stage,5,Thu,2022-10-27,19:45,bg,Ludogorets,0,0–1,es,Real Betis,1,9487,Huvepharma Arena,Harald Lechner,,main stage,,,,,
Conference League,2022/23,2022,Group stage,5,Thu,2022-10-27,19:45,tr,Fenerbahçe,3,3–3,fr,Rennes,3,34840,Ülker Stadyumu Fenerbahçe Şükrü Saracoğl...,Novak Simović,,main stage,,,,,
Conference League,2022/23,2022,Group stage,5,Thu,2022-10-27,20:00,eng,Manchester Utd,3,3–0,md,Sheriff Tiraspol,0,73764,Old Trafford,Anastasios Sidiropoulos,,main stage,,,,,
Conference League,2022/23,2022,Group stage,5,Thu,2022-10-27,21:00,rs,Red Star,2,2–1,tr,Trabzonspor,1,30431,Stadion Rajko Mitić,João Pinheiro,,main stage,,,,,
Conference League,2022/23,2022,Group stage,5,Thu,2022-10-27,21:00,de,Freiburg,1,1–1,gr,Olympiacos,1,33000,Schwarzwald-Stadion,Kristo Tohver,,main stage,,,,,
Conference League,2022/23,2022,Group stage,5,Thu,2022-10-27,21:00,at,Sturm Graz,1,1–0,nl,Feyenoord,0,13987,Merkur Arena,Espen Andreas Eskås,,main stage,,,,,
Conference League,2022/23,2022,Group stage,5,Thu,2022-10-27,21:00,hu,Ferencváros,1,1–1,fr,Monaco,1,20517,Groupama Arena,Enea Jorgji,,main stage,,,,,
Conference League,2022/23,2022,Group stage,5,Thu,2022-10-27,21:00,fr,Nantes,2,2–1,az,Qarabağ,1,30927,Stade de la Beaujoire - Louis Fonteneau,Jakob Kehlet,,main stage,,,,,
Conference League,2022/23,2022,Group stage,5,Thu,2022-10-27,22:00,cy,AC Omonia,0,0–2,es,Real Sociedad,2,11780,Neo GSP,Tamás Bognár,,main stage,,,,,
Conference League,2022/23,2022,Group stage,5,Thu,2022-10-27,22:00,fi,HJK Helsinki,1,1–2,it,Roma,2,9751,Bolt Arena,Tiago Martins,,main stage,,,,,
Conference League,2022/23,2022,Group stage,6,Thu,2022-11-03,18:45,dk,Midtjylland,2,2–0,at,Sturm Graz,0,9134,MCH Arena,Matej Jug,,main stage,,,,,
Conference League,2022/23,2022,Group stage,6,Thu,2022-11-03,18:45,es,Real Sociedad,0,0–1,eng,Manchester Utd,1,36744,Reale Arena,Georgi Kabakov,,main stage,,,,,
Conference League,2022/23,2022,Group stage,6,Thu,2022-11-03,18:45,nl,Feyenoord,1,1–0,it,Lazio,0,43268,Stadion Feijenoord,Irfan Peljto,,main stage,,,,,
Conference League,2022/23,2022,Group stage,6,Thu,2022-11-03,18:45,fr,Monaco,4,4–1,rs,Red Star,1,6341,Stade Louis II,Serdar Gözübüyük,,main stage,,,,,
Conference League,2022/23,2022,Group stage,6,Thu,2022-11-03,19:45,md,Sheriff Tiraspol,1,1–0,cy,AC Omonia,0,2295,Stadionul Zimbru,Fran Jović,,main stage,,,,,
Conference League,2022/23,2022,Group stage,6,Thu,2022-11-03,19:45,gr,Olympiacos,0,0–2,fr,Nantes,2,16254,Stadio Georgios Karaiskáki,Serhiy Boyko,,main stage,,,,,
Conference League,2022/23,2022,Group stage,6,Thu,2022-11-03,20:00,eng,Arsenal,1,1–0,ch,Zürich,0,48500,Arsenal Stadium,Erik Lambrechts,,main stage,,,,,
Conference League,2022/23,2022,Group stage,6,Thu,2022-11-03,20:00,pt,Braga,2,2–1,se,Malmö,1,11805,Estádio Municipal de Braga,Ruddy Buquet,,main stage,,,,,
Conference League,2022/23,2022,Group stage,6,Thu,2022-11-03,20:45,tr,Trabzonspor,1,1–0,hu,Ferencváros,0,22840,Şenol Güneş Stadyumu,Harm Osmers,,main stage,,,,,
Conference League,2022/23,2022,Group stage,6,Thu,2022-11-03,21:00,ua,Dynamo Kyiv,0,0–2,tr,Fenerbahçe,2,6304,Stadion Cracovii,Duje Strukan,,main stage,,,,,
Conference League,2022/23,2022,Group stage,6,Thu,2022-11-03,21:00,fr,Rennes,1,1–1,cy,AEK Larnaca,1,27210,Roazhon Park,Mohammed Al Hakim,,main stage,,,,,
Conference League,2022/23,2022,Group stage,6,Thu,2022-11-03,21:00,no,Bodø/Glimt,1,1–2,nl,PSV,2,7985,Aspmyra Stadion,Donatas Rumšas,,main stage,,,,,
Conference League,2022/23,2022,Group stage,6,Thu,2022-11-03,21:00,it,Roma,3,3–1,bg,Ludogorets,1,60807,Stadio Olimpico,Nikola Dabanović,,main stage,,,,,
Conference League,2022/23,2022,Group stage,6,Thu,2022-11-03,21:00,be,Union SG,0,0–1,de,Union Berlin,1,5597,King Power at Den Dreef Stadion,Andris Treimanis,,main stage,,,,,
Conference League,2022/23,2022,Group stage,6,Thu,2022-11-03,21:00,es,Real Betis,3,3–0,fi,HJK Helsinki,0,35384,Estadio Benito Villamarín,William Collum,,main stage,,,,,
Conference League,2022/23,2022,Group stage,6,Thu,2022-11-03,21:45,az,Qarabağ,1,1–1,de,Freiburg,1,30430,Tofiq Bəhramov adına Respublika stadionu,Alekseiy Kovalev,,main stage,,,,,
Conference League,2022/23,2022,Knockout round play-offs,,Thu,2023-02-16,18:45,nl,Ajax,0,0–0,de,Union Berlin,0,54322,Johan Cruyff ArenA,Halil Umut Meler,Leg 1 of 2,main stage,False,False,,,
Conference League,2022/23,2022,Knockout round play-offs,,Thu,2023-02-16,18:45,es,Barcelona,2,2–2,eng,Manchester Utd,2,90225,Camp Nou,Maurizio Mariani,Leg 1 of 2,main stage,False,False,,,
Conference League,2022/23,2022,Knockout round play-offs,,Thu,2023-02-16,18:45,at,RB Salzburg,1,1–0,it,Roma,0,29520,Red Bull Arena,Dennis Higler,Leg 1 of 2,main stage,False,False,,,
Conference League,2022/23,2022,Knockout round play-offs,,Thu,2023-02-16,19:45,ua,Shakhtar D.,2,2–1,fr,Rennes,1,13415,Stadion Miejski Legii Warszawa im. Marsz...,Irfan Peljto,Leg 1 of 2,main stage,False,False,,,
Conference League,2022/23,2022,Knockout round play-offs,,Thu,2023-02-16,20:00,pt,Sporting CP,1,1–1,dk,Midtjylland,1,23279,Estádio José Alvalade,François Letexier,Leg 1 of 2,main stage,False,False,,,
Conference League,2022/23,2022,Knockout round play-offs,,Thu,2023-02-16,21:00,it,Juventus,1,1–1,fr,Nantes,1,41019,Allianz Stadium,João Pinheiro,Leg 1 of 2,main stage,False,False,,,
Conference League,2022/23,2022,Knockout round play-offs,,Thu,2023-02-16,21:00,de,Leverkusen,2,2–3,fr,Monaco,3,27864,BayArena,Orel Grinfeeld,Leg 1 of 2,main stage,False,False,,,
Conference League,2022/23,2022,Knockout round play-offs,,Thu,2023-02-16,21:00,es,Sevilla,3,3–0,nl,PSV,0,29593,Estadio Ramón Sánchez Pizjuán,Radu Petrescu,Leg 1 of 2,main stage,False,False,,,
Conference League,2022/23,2022,Knockout round play-offs,,Thu,2023-02-23,18:45,dk,Midtjylland,0,0–4,pt,Sporting CP,4,9576,MCH Arena,Ivan Kružliak,Leg 2 of 2; Sporting CP won,main stage,False,False,,,
Conference League,2022/23,2022,Knockout round play-offs,,Thu,2023-02-23,18:45,fr,Monaco,2,(3) 2–3 (5),de,Leverkusen,3,8504,Stade Louis II,Alejandro Hernández,Leg 2 of 2; Leverkusen won; Leverkusen won a penalty shoot-out following extra time,main stage,True,True,3 - 5,3,5
Conference League,2022/23,2022,Knockout round play-offs,,Thu,2023-02-23,18:45,nl,PSV,2,2–0,es,Sevilla,0,34000,Philips Stadion,Daniele Orsato,Leg 2 of 2; Sevilla won,main stage,False,False,,,
Conference League,2022/23,2022,Knockout round play-offs,,Thu,2023-02-23,18:45,fr,Nantes,0,0–3,it,Juventus,3,44000,Stade de la Beaujoire - Louis Fonteneau,Jose Maria,Leg 2 of 2; Juventus won,main stage,False,False,,,
Conference League,2022/23,2022,Knockout round play-offs,,Thu,2023-02-23,20:00,eng,Manchester Utd,2,2–1,es,Barcelona,1,73021,Old Trafford,Clément Turpin,Leg 2 of 2; Manchester Utd won,main stage,False,False,,,
Conference League,2022/23,2022,Knockout round play-offs,,Thu,2023-02-23,21:00,it,Roma,2,2–0,at,RB Salzburg,0,62593,Stadio Olimpico,Slavko Vinčič,Leg 2 of 2; Roma won,main stage,False,False,,,
Conference League,2022/23,2022,Knockout round play-offs,,Thu,2023-02-23,21:00,fr,Rennes,2,(4) 2–1 (5),ua,Shakhtar D.,1,27781,Roazhon Park,Tobias Stieler,Leg 2 of 2; Shakhtar D. won; Shakhtar D. won a penalty shoot-out following extra time,main stage,True,True,4 - 5,4,5
Conference League,2022/23,2022,Knockout round play-offs,,Thu,2023-02-23,21:00,de,Union Berlin,3,3–1,nl,Ajax,1,21800,Stadion An der Alten Försterei,Ricardo de Burgos,Leg 2 of 2; Union Berlin won,main stage,False,False,,,
Conference League,2022/23,2022,Round of 16,,Thu,2023-03-09,17:45,pt,Sporting CP,2,2–2,eng,Arsenal,2,36006,Estádio José Alvalade,Tobias Stieler,Leg 1 of 2,main stage,False,False,,,
Conference League,2022/23,2022,Round of 16,,Thu,2023-03-09,18:45,it,Roma,2,2–0,es,Real Sociedad,0,61608,Stadio Olimpico,Sandro Schärer,Leg 1 of 2,main stage,False,False,,,
Conference League,2022/23,2022,Round of 16,,Thu,2023-03-09,18:45,de,Leverkusen,2,2–0,hu,Ferencváros,0,25001,BayArena,Davide Massa,Leg 1 of 2,main stage,False,False,,,
Conference League,2022/23,2022,Round of 16,,Thu,2023-03-09,18:45,de,Union Berlin,3,3–3,be,Union SG,3,21605,Stadion An der Alten Försterei,Orel Grinfeeld,Leg 1 of 2,main stage,False,False,,,
Conference League,2022/23,2022,Round of 16,,Thu,2023-03-09,20:00,eng,Manchester Utd,4,4–1,es,Real Betis,1,72998,Old Trafford,Daniel Siebert,Leg 1 of 2,main stage,False,False,,,
Conference League,2022/23,2022,Round of 16,,Thu,2023-03-09,21:00,es,Sevilla,2,2–0,tr,Fenerbahçe,0,24480,Estadio Ramón Sánchez Pizjuán,François Letexier,Leg 1 of 2,main stage,False,False,,,
Conference League,2022/23,2022,Round of 16,,Thu,2023-03-09,21:00,it,Juventus,1,1–0,de,Freiburg,0,37474,Allianz Stadium,Anastasios Sidiropoulos,Leg 1 of 2,main stage,False,False,,,
Conference League,2022/23,2022,Round of 16,,Thu,2023-03-09,22:00,ua,Shakhtar D.,1,1–1,nl,Feyenoord,1,17423,Stadion Miejski Legii Warszawa im. Marsz...,Ivan Kružliak,Leg 1 of 2,main stage,False,False,,,
Conference League,2022/23,2022,Round of 16,,Thu,2023-03-16,18:45,nl,Feyenoord,7,7–1,ua,Shakhtar D.,1,37500,Stadion Feijenoord,Jesús Gil,Leg 2 of 2; Feyenoord won,main stage,False,False,,,
Conference League,2022/23,2022,Round of 16,,Thu,2023-03-16,18:45,es,Real Betis,0,0–1,eng,Manchester Utd,1,54643,Estadio Benito Villamarín,Srđan Jovanović,Leg 2 of 2; Manchester Utd won,main stage,False,False,,,
Conference League,2022/23,2022,Round of 16,,Thu,2023-03-16,18:45,de,Freiburg,0,0–2,it,Juventus,2,33420,Europa-Park Stadion,Serdar Gözübüyük,Leg 2 of 2; Juventus won,main stage,False,False,,,
Conference League,2022/23,2022,Round of 16,,Thu,2023-03-16,20:00,eng,Arsenal,1,(3) 1–1 (5),pt,Sporting CP,1,59929,Emirates Stadium,Antonio Matéu,Leg 2 of 2; Sporting CP won; Sporting CP won a penalty shoot-out following extra time,main stage,True,True,3 - 5,3,5
Conference League,2022/23,2022,Round of 16,,Thu,2023-03-16,20:45,tr,Fenerbahçe,1,1–0,es,Sevilla,0,44775,Ülker Stadyumu Fenerbahçe Şükrü Saracoğl...,Michael Oliver,Leg 2 of 2; Sevilla won,main stage,False,False,,,
Conference League,2022/23,2022,Round of 16,,Thu,2023-03-16,21:00,es,Real Sociedad,0,0–0,it,Roma,0,35054,Reale Arena,István Kovács,Leg 2 of 2; Roma won,main stage,False,False,,,
Conference League,2022/23,2022,Round of 16,,Thu,2023-03-16,21:00,hu,Ferencváros,0,0–2,de,Leverkusen,2,50675,Puskás Aréna,Artur Dias,Leg 2 of 2; Leverkusen won,main stage,False,False,,,
Conference League,2022/23,2022,Round of 16,,Thu,2023-03-16,21:00,be,Union SG,3,3–0,de,Union Berlin,0,15681,Lotto Park,José Sánchez,Leg 2 of 2; Union SG won,main stage,False,False,,,
Conference League,2022/23,2022,Quarter-finals,,Thu,2023-04-13,18:45,nl,Feyenoord,1,1–0,it,Roma,0,42960,Stadion Feijenoord,Jose Maria,Leg 1 of 2,main stage,False,False,,,
Conference League,2022/23,2022,Quarter-finals,,Thu,2023-04-13,20:00,eng,Manchester Utd,2,2–2,es,Sevilla,2,72825,Old Trafford,Felix Zwayer,Leg 1 of 2,main stage,False,False,,,
Conference League,2022/23,2022,Quarter-finals,,Thu,2023-04-13,21:00,it,Juventus,1,1–0,pt,Sporting CP,0,38490,Allianz Stadium,Halil Umut Meler,Leg 1 of 2,main stage,False,False,,,
Conference League,2022/23,2022,Quarter-finals,,Thu,2023-04-13,21:00,de,Leverkusen,1,1–1,be,Union SG,1,30210,BayArena,Ivan Kružliak,Leg 1 of 2,main stage,False,False,,,
Conference League,2022/23,2022,Quarter-finals,,Thu,2023-04-20,20:00,pt,Sporting CP,1,1–1,it,Juventus,1,45903,Estádio José Alvalade,François Letexier,Leg 2 of 2; Juventus won,main stage,False,False,,,
Conference League,2022/23,2022,Quarter-finals,,Thu,2023-04-20,21:00,it,Roma,4,4–1,nl,Feyenoord,1,66742,Stadio Olimpico,Anthony Taylor,Leg 2 of 2; Roma won; Required Extra Time,main stage,True,False,,,
Conference League,2022/23,2022,Quarter-finals,,Thu,2023-04-20,21:00,be,Union SG,1,1–4,de,Leverkusen,4,17069,Lotto Park,Antonio Matéu,Leg 2 of 2; Leverkusen won,main stage,False,False,,,
Conference League,2022/23,2022,Quarter-finals,,Thu,2023-04-20,21:00,es,Sevilla,3,3–0,eng,Manchester Utd,0,41974,Estadio Ramón Sánchez Pizjuán,Artur Dias,Leg 2 of 2; Sevilla won,main stage,False,False,,,
Conference League,2022/23,2022,Semi-finals,,Thu,2023-05-11,21:00,it,Roma,1,1–0,de,Leverkusen,0,62123,Stadio Olimpico,Michael Oliver,Leg 1 of 2,main stage,False,False,,,
Conference League,2022/23,2022,Semi-finals,,Thu,2023-05-11,21:00,it,Juventus,1,1–1,es,Sevilla,1,34816,Allianz Stadium,Daniel Siebert,Leg 1 of 2,main stage,False,False,,,
Conference League,2022/23,2022,Semi-finals,,Thu,2023-05-18,21:00,de,Leverkusen,0,0–0,it,Roma,0,30210,BayArena,Slavko Vinčič,Leg 2 of 2; Roma won,main stage,False,False,,,
Conference League,2022/23,2022,Semi-finals,,Thu,2023-05-18,21:00,es,Sevilla,2,2–1,it,Juventus,1,42186,Estadio Ramón Sánchez Pizjuán,Danny Makkelie,Leg 2 of 2; Sevilla won; Required Extra Time,main stage,True,False,,,
Conference League,2022/23,2022,Final,,Wed,2023-05-31,21:00,es,Sevilla,1,(4) 1–1 (1),it,Roma,1,,Puskás Aréna (Neutral Site),Anthony Taylor,Sevilla won a penalty shoot-out following extra time,main stage,True,True,4 - 1,4,1
Conference League,2022/23,2022,Third qualifying round,,Thu,2022-08-04,19:00,se,Malmö,3,3–0,lu,F91 Dudelange,0,11172,Eleda Stadion,Enea Jorgji,Leg 1 of 2,qualification,False,False,,,
Conference League,2022/23,2022,Third qualifying round,,Thu,2022-08-04,19:00,cy,AEK Larnaca,2,2–1,rs,Partizan,1,4250,AEK Arena - George Karapatakis,Andris Treimanis,Leg 1 of 2,qualification,False,False,,,
Conference League,2022/23,2022,Third qualifying round,,Thu,2022-08-04,19:45,nir,Linfield FC,0,0–2,ch,Zürich,2,3044,Windsor Park,Marco Di Bello,Leg 1 of 2,qualification,False,False,,,
Conference League,2022/23,2022,Third qualifying round,,Thu,2022-08-04,20:00,ie,Shamrock,3,3–1,mk,FK Shkupi,1,6455,Tallaght Stadium,Bartosz Frankowski,Leg 1 of 2,qualification,False,False,,,
Conference League,2022/23,2022,Third qualifying round,,Thu,2022-08-04,20:00,tr,Fenerbahçe,3,3–0,cz,Slovácko,0,35536,Ülker Stadyumu Fenerbahçe Şükrü Saracoğl...,João Pinheiro,Leg 1 of 2,qualification,False,False,,,
Conference League,2022/23,2022,Third qualifying round,,Thu,2022-08-04,20:15,si,NK Maribor,0,0–2,fi,HJK Helsinki,2,6000,Ljudski vrt,Georgi Kabakov,Leg 1 of 2,qualification,False,False,,,
Conference League,2022/23,2022,Third qualifying round,,Thu,2022-08-04,22:00,gr,Olympiacos,1,1–1,sk,Slovan Bratislava,1,15585,Stadio Georgios Karaiskáki,Lawrence Visser,Leg 1 of 2,qualification,False,False,,,
Conference League,2022/23,2022,Third qualifying round,,Tue,2022-08-09,21:00,mk,FK Shkupi,1,1–2,ie,Shamrock,2,4870,Nationala Arena Toše Proeski,Aliaksei Kulbakou,Leg 2 of 2; Shamrock won,qualification,False,False,,,
Conference League,2022/23,2022,Third qualifying round,,Thu,2022-08-11,19:00,fi,HJK Helsinki,1,1–0,si,NK Maribor,0,6487,Bolt Arena,Tobias Stieler,Leg 2 of 2; HJK Helsinki won,qualification,False,False,,,
Conference League,2022/23,2022,Third qualifying round,,Thu,2022-08-11,19:00,ch,Zürich,3,3–0,nir,Linfield FC,0,7904,Stadion Letzigrund,Harm Osmers,Leg 2 of 2; Zürich won,qualification,False,False,,,
Conference League,2022/23,2022,Third qualifying round,,Thu,2022-08-11,19:00,cz,Slovácko,1,1–1,tr,Fenerbahçe,1,6520,Městský fotbalový stadion Miroslava Vale...,Nikola Dabanović,Leg 2 of 2; Fenerbahçe won,qualification,False,False,,,
Conference League,2022/23,2022,Third qualifying round,,Thu,2022-08-11,20:00,lu,F91 Dudelange,2,2–2,se,Malmö,2,898,Stade de Luxembourg,Ricardo de Burgos,Leg 2 of 2; Malmö won,qualification,False,False,,,
Conference League,2022/23,2022,Third qualifying round,,Thu,2022-08-11,20:30,sk,Slovan Bratislava,2,(3) 2–2 (4),gr,Olympiacos,2,18133,Štadión Tehelné pole,Glenn Nyberg,Leg 2 of 2; Olympiacos won; Olympiacos won a penalty shoot-out following extra time,qualification,True,True,3 - 4,3,4
Conference League,2022/23,2022,Third qualifying round,,Thu,2022-08-11,21:00,rs,Partizan,2,2–2,cy,AEK Larnaca,2,10802,Stadion Partizana,José Sánchez,Leg 2 of 2; AEK Larnaca won,qualification,False,False,,,
Conference League,2022/23,2022,Play-off round,,Thu,2022-08-18,18:30,hu,Ferencváros,4,4–0,ie,Shamrock,0,15239,Groupama Arena,Glenn Nyberg,Leg 1 of 2,qualification,False,False,,,
Conference League,2022/23,2022,Play-off round,,Thu,2022-08-18,19:00,fi,HJK Helsinki,1,1–0,dk,Silkeborg,0,8237,Bolt Arena,João Pinheiro,Leg 1 of 2,qualification,False,False,,,
Conference League,2022/23,2022,Play-off round,,Thu,2022-08-18,19:00,se,Malmö,3,3–1,tr,Sivasspor,1,12167,Eleda Stadion,William Collum,Leg 1 of 2,qualification,False,False,,,
Conference League,2022/23,2022,Play-off round,,Thu,2022-08-18,19:00,ch,Zürich,2,2–1,sct,Hearts,1,7958,Kybunpark,Bartosz Frankowski,Leg 1 of 2,qualification,False,False,,,
Conference League,2022/23,2022,Play-off round,,Thu,2022-08-18,20:00,ua,Dnipro-1,1,1–2,cy,AEK Larnaca,2,3450,Futbalový štadión Košická Nová ves,Tobias Stieler,Leg 1 of 2,qualification,False,False,,,
Conference League,2022/23,2022,Play-off round,,Thu,2022-08-18,20:00,cy,Apollon Limassol,1,1–1,gr,Olympiacos,1,10479,Neo GSP,José Sánchez,Leg 1 of 2,qualification,False,False,,,
Conference League,2022/23,2022,Play-off round,,Thu,2022-08-18,20:30,be,Gent,0,0–2,cy,AC Omonia,2,10496,GHELAMCO-arena,Irfan Peljto,Leg 1 of 2,qualification,False,False,,,
Conference League,2022/23,2022,Play-off round,,Thu,2022-08-18,20:45,bg,Ludogorets,1,1–0,lt,Žalgiris,0,4951,Huvepharma Arena,Ivan Kružliak,Leg 1 of 2,qualification,False,False,,,
Conference League,2022/23,2022,Play-off round,,Thu,2022-08-18,21:00,at,Austria Wien,0,0–2,tr,Fenerbahçe,2,14000,Generali Arena,Daniel Siebert,Leg 1 of 2,qualification,False,False,,,
Conference League,2022/23,2022,Play-off round,,Thu,2022-08-18,21:00,am,Pyunik,0,0–0,md,Sheriff Tiraspol,0,9000,Vazgen Sargsyan anvan Hanrapetakan Marza...,Alejandro Hernández,Leg 1 of 2,qualification,False,False,,,
Conference League,2022/23,2022,Play-off round,,Thu,2022-08-25,18:30,dk,Silkeborg,1,1–1,fi,HJK Helsinki,1,6334,MASCOT PARK,Maurizio Mariani,Leg 2 of 2; HJK Helsinki won,qualification,False,False,,,
Conference League,2022/23,2022,Play-off round,,Thu,2022-08-25,19:00,cy,AEK Larnaca,3,3–0,ua,Dnipro-1,0,4893,AEK Arena - George Karapatakis,Davide Massa,Leg 2 of 2; AEK Larnaca won,qualification,False,False,,,
Conference League,2022/23,2022,Play-off round,,Thu,2022-08-25,19:00,lt,Žalgiris,3,3–3,bg,Ludogorets,3,4601,Vilniaus LFF stadionas,Harm Osmers,Leg 2 of 2; Ludogorets won; Required Extra Time,qualification,True,False,,,
Conference League,2022/23,2022,Play-off round,,Thu,2022-08-25,20:00,cy,AC Omonia,2,2–0,be,Gent,0,17002,Stadio GSP (1902),Georgi Kabakov,Leg 2 of 2; AC Omonia won,qualification,False,False,,,
Conference League,2022/23,2022,Play-off round,,Thu,2022-08-25,20:00,ie,Shamrock,1,1–0,hu,Ferencváros,0,7163,Tallaght Stadium,François Letexier,Leg 2 of 2; Ferencváros won,qualification,False,False,,,
Conference League,2022/23,2022,Play-off round,,Thu,2022-08-25,20:00,md,Sheriff Tiraspol,0,(3) 0–0 (2),am,Pyunik,0,6154,Stadionul Zimbru,Andreas Ekberg,Leg 2 of 2; Sheriff Tiraspol won; Sheriff Tiraspol won a penalty shoot-out following extra time,qualification,True,True,3 - 2,3,2
Conference League,2022/23,2022,Play-off round,,Thu,2022-08-25,20:00,tr,Sivasspor,0,0–2,se,Malmö,2,16873,Sivas Arena,Srđan Jovanović,Leg 2 of 2; Malmö won,qualification,False,False,,,
Conference League,2022/23,2022,Play-off round,,Thu,2022-08-25,20:00,sct,Hearts,0,0–1,ch,Zürich,1,17225,Tynecastle Stadium,Lawrence Visser,Leg 2 of 2; Zürich won,qualification,False,False,,,
Conference League,2022/23,2022,Play-off round,,Thu,2022-08-25,20:00,tr,Fenerbahçe,4,4–1,at,Austria Wien,1,35350,Ülker Stadyumu Fenerbahçe Şükrü Saracoğl...,Jesús Gil,Leg 2 of 2; Fenerbahçe won,qualification,False,False,,,
Conference League,2022/23,2022,Play-off round,,Thu,2022-08-25,22:00,gr,Olympiacos,1,(3) 1–1 (1),cy,Apollon Limassol,1,20054,Stadio Georgios Karaiskáki,Sandro Schärer,Leg 2 of 2; Olympiacos won; Olympiacos won a penalty shoot-out following extra time,qualification,True,True,3 - 1,3,1
Conference League,2023/24,2023,Group stage,1,Thu,2023-09-21,18:45,ch,Servette FC,0,0–2,cz,Slavia Prague,2,19783,Stade de Genève,Giorgi Kruashvili,,main stage,,,,,
Conference League,2023/24,2023,Group stage,1,Thu,2023-09-21,18:45,at,LASK,1,1–3,eng,Liverpool,3,18091,Raiffeisen Arena,Marco Di Bello,,main stage,,,,,
Conference League,2023/24,2023,Group stage,1,Thu,2023-09-21,18:45,de,Leverkusen,4,4–0,se,BK Häcken,0,25402,BayArena,Manfredas Lukjančukas,,main stage,,,,,
Conference League,2023/24,2023,Group stage,1,Thu,2023-09-21,18:45,fr,Rennes,3,3–0,il,Maccabi Haifa,0,26838,Roazhon Park,Harm Osmers,,main stage,,,,,
Conference League,2023/24,2023,Group stage,1,Thu,2023-09-21,18:45,be,Union SG,1,1–1,fr,Toulouse,1,12162,Lotto Park,Rohit Saggi,,main stage,,,,,
Conference League,2023/24,2023,Group stage,1,Thu,2023-09-21,19:45,gr,Panathinaikos,2,2–0,es,Villarreal,0,57003,Olympiako Stadio Spyros Louis,Craig Pawson,,main stage,,,,,
Conference League,2023/24,2023,Group stage,1,Thu,2023-09-21,19:45,md,Sheriff Tiraspol,1,1–2,it,Roma,2,10711,Bolshaya Sportivnaya Arena,Andris Treimanis,,main stage,,,,,
Conference League,2023/24,2023,Group stage,1,Thu,2023-09-21,20:00,sct,Rangers,1,1–0,es,Real Betis,0,45634,Ibrox Stadium,Lawrence Visser,,main stage,,,,,
Conference League,2023/24,2023,Group stage,1,Thu,2023-09-21,20:00,eng,Brighton,2,2–3,gr,AEK Athens,3,30178,The American Express Community Stadium,Kristo Tohver,,main stage,,,,,
Conference League,2023/24,2023,Group stage,1,Thu,2023-09-21,20:00,eng,West Ham,3,3–1,rs,TSC,1,41374,London Stadium,Filip Glova,,main stage,,,,,
Conference League,2023/24,2023,Group stage,1,Thu,2023-09-21,20:45,az,Qarabağ,1,1–0,no,Molde,0,26500,Tofiq Bəhramov adına Respublika stadionu,John Beaton,,main stage,,,,,
Conference League,2023/24,2023,Group stage,1,Thu,2023-09-21,21:00,it,Atalanta,2,2–0,pl,Raków,0,13698,Gewiss Stadium,Roi Reinshreiber,,main stage,,,,,
Conference League,2023/24,2023,Group stage,1,Thu,2023-09-21,21:00,at,Sturm Graz,1,1–2,pt,Sporting CP,2,13517,Merkur Arena,Nikola Dabanović,,main stage,,,,,
Conference League,2023/24,2023,Group stage,1,Thu,2023-09-21,21:00,nl,Ajax,3,3–3,fr,Marseille,3,53000,Johan Cruyff ArenA,Maurizio Mariani,,main stage,,,,,
Conference League,2023/24,2023,Group stage,1,Thu,2023-09-21,21:00,cz,Sparta Prague,3,3–2,cy,Aris Limassol,2,17371,epet Arena,Jérôme Brisard,,main stage,,,,,
Conference League,2023/24,2023,Group stage,1,Thu,2023-09-21,22:00,gr,Olympiacos,2,2–3,de,Freiburg,3,30056,Stadio Georgios Karaiskáki,Allard Lindhout,,main stage,,,,,
Conference League,2023/24,2023,Group stage,2,Thu,2023-10-05,17:45,pt,Sporting CP,1,1–2,it,Atalanta,2,42301,Estádio José Alvalade,Alejandro Hernández,,main stage,,,,,
Conference League,2023/24,2023,Group stage,2,Thu,2023-10-05,18:45,fr,Marseille,2,2–2,eng,Brighton,2,63465,Orange Vélodrome,Mykola Balakin,,main stage,,,,,
Conference League,2023/24,2023,Group stage,2,Thu,2023-10-05,18:45,de,Freiburg,1,1–2,eng,West Ham,2,34100,Europa-Park Stadion,Mohammed Al Hakim,,main stage,,,,,
Conference League,2023/24,2023,Group stage,2,Thu,2023-10-05,18:45,pl,Raków,0,0–1,at,Sturm Graz,1,8993,ArcelorMittal Park,Əliyar Ağayev,,main stage,,,,,
Conference League,2023/24,2023,Group stage,2,Thu,2023-10-05,18:45,rs,TSC,2,2–2,gr,Olympiacos,2,3778,TSC Arena,Benoît Bastien,,main stage,,,,,
Conference League,2023/24,2023,Group stage,2,Thu,2023-10-05,18:45,es,Real Betis,2,2–1,cz,Sparta Prague,1,45037,Estadio Benito Villamarín,Duje Strukan,,main stage,,,,,
Conference League,2023/24,2023,Group stage,2,Thu,2023-10-05,19:45,cy,Aris Limassol,2,2–1,sct,Rangers,1,3911,Alphamega Stadium,Horațiu Fesnic,,main stage,,,,,
Conference League,2023/24,2023,Group stage,2,Thu,2023-10-05,19:45,gr,AEK Athens,1,1–1,nl,Ajax,1,29524,Agia Sophia Stadium,Matej Jug,,main stage,,,,,
Conference League,2023/24,2023,Group stage,2,Thu,2023-10-05,20:00,eng,Liverpool,2,2–0,be,Union SG,0,49513,Anfield,Morten Krogh,,main stage,,,,,
Conference League,2023/24,2023,Group stage,2,Thu,2023-10-05,21:00,cz,Slavia Prague,6,6–0,md,Sheriff Tiraspol,0,17844,Fortuna Arena,Willy Delajod,,main stage,,,,,
Conference League,2023/24,2023,Group stage,2,Thu,2023-10-05,21:00,fr,Toulouse,1,1–0,at,LASK,0,29233,Stadium Municipal,Nick Walsh,,main stage,,,,,
Conference League,2023/24,2023,Group stage,2,Thu,2023-10-05,21:00,es,Villarreal,1,1–0,fr,Rennes,0,17458,Estadio de la Cerámica,Harald Lechner,,main stage,,,,,
Conference League,2023/24,2023,Group stage,2,Thu,2023-10-05,21:00,se,BK Häcken,0,0–1,az,Qarabağ,1,8124,Bravida Arena,Sebastian Gishamer,,main stage,,,,,
Conference League,2023/24,2023,Group stage,2,Thu,2023-10-05,21:00,it,Roma,4,4–0,ch,Servette FC,0,55764,Stadio Olimpico,Igor Pajač,,main stage,,,,,
Conference League,2023/24,2023,Group stage,2,Thu,2023-10-05,21:00,no,Molde,1,1–2,de,Leverkusen,2,8190,Aker Stadion,Anastasios Papapetrou,,main stage,,,,,
Conference League,2023/24,2023,Group stage,2,Thu,2023-10-05,22:00,il,Maccabi Haifa,0,0–0,gr,Panathinaikos,0,29465,Sammy Ofer Stadium,António Nobre,,main stage,,,,,
Conference League,2023/24,2023,Group stage,3,Thu,2023-10-26,18:45,rs,TSC,1,1–3,de,Freiburg,3,3400,TSC Arena,Əliyar Ağayev,,main stage,,,,,
Conference League,2023/24,2023,Group stage,3,Thu,2023-10-26,18:45,fr,Marseille,3,3–1,gr,AEK Athens,1,65092,Orange Vélodrome,Daniel Stefański,,main stage,,,,,
Conference League,2023/24,2023,Group stage,3,Thu,2023-10-26,18:45,no,Molde,5,5–1,se,BK Häcken,1,5870,Aker Stadion,Urs Schnyder,,main stage,,,,,
Conference League,2023/24,2023,Group stage,3,Thu,2023-10-26,18:45,cz,Sparta Prague,0,0–0,sct,Rangers,0,18250,epet Arena,Sascha Stegemann,,main stage,,,,,
Conference League,2023/24,2023,Group stage,3,Thu,2023-10-26,18:45,at,Sturm Graz,2,2–2,it,Atalanta,2,14167,Merkur Arena,Duje Strukan,,main stage,,,,,
Conference League,2023/24,2023,Group stage,3,Thu,2023-10-26,18:45,pl,Raków,1,1–1,pt,Sporting CP,1,10518,ArcelorMittal Park,Anastasios Papapetrou,,main stage,,,,,
Conference League,2023/24,2023,Group stage,3,Thu,2023-10-26,19:45,cy,Aris Limassol,0,0–1,es,Real Betis,1,3945,Alphamega Stadium,Filip Glova,,main stage,,,,,
Conference League,2023/24,2023,Group stage,3,Thu,2023-10-26,19:45,gr,Olympiacos,2,2–1,eng,West Ham,1,30623,Stadio Georgios Karaiskáki,Andris Treimanis,,main stage,,,,,
Conference League,2023/24,2023,Group stage,3,Thu,2023-10-26,20:00,eng,Liverpool,5,5–1,fr,Toulouse,1,49338,Anfield,Rade Obrenović,,main stage,,,,,
Conference League,2023/24,2023,Group stage,3,Thu,2023-10-26,20:00,eng,Brighton,2,2–0,nl,Ajax,0,30540,The American Express Community Stadium,Bartosz Frankowski,,main stage,,,,,
Conference League,2023/24,2023,Group stage,3,Thu,2023-10-26,21:00,de,Leverkusen,5,5–1,az,Qarabağ,1,29039,BayArena,Horațiu Fesnic,,main stage,,,,,
Conference League,2023/24,2023,Group stage,3,Thu,2023-10-26,21:00,it,Roma,2,2–0,cz,Slavia Prague,0,64934,Stadio Olimpico,Espen Andreas Eskås,,main stage,,,,,
Conference League,2023/24,2023,Group stage,3,Thu,2023-10-26,21:00,be,Union SG,2,2–1,at,LASK,1,11426,Lotto Park,Atilla Karaoğlan,,main stage,,,,,
Conference League,2023/24,2023,Group stage,3,Thu,2023-10-26,22:00,gr,Panathinaikos,1,1–2,fr,Rennes,2,13459,Olympiako Stadio Spyros Louis,João Pinheiro,,main stage,,,,,
Conference League,2023/24,2023,Group stage,3,Thu,2023-10-26,22:00,md,Sheriff Tiraspol,1,1–1,ch,Servette FC,1,2834,Bolshaya Sportivnaya Arena,John Brooks,,main stage,,,,,
Conference League,2023/24,2023,Group stage,4,Thu,2023-11-09,18:45,cz,Slavia Prague,2,2–0,it,Roma,0,19265,Fortuna Arena,François Letexier,,main stage,,,,,
Conference League,2023/24,2023,Group stage,4,Thu,2023-11-09,18:45,nl,Ajax,0,0–2,eng,Brighton,2,52095,Johan Cruyff ArenA,Nikola Dabanović,,main stage,,,,,
Conference League,2023/24,2023,Group stage,4,Thu,2023-11-09,18:45,fr,Rennes,3,3–1,gr,Panathinaikos,1,28004,Roazhon Park,William Collum,,main stage,,,,,
Conference League,2023/24,2023,Group stage,4,Thu,2023-11-09,18:45,at,LASK,3,3–0,be,Union SG,0,15900,Raiffeisen Arena,Simone Sozza,,main stage,,,,,
Conference League,2023/24,2023,Group stage,4,Thu,2023-11-09,18:45,fr,Toulouse,3,3–2,eng,Liverpool,2,32026,Stadium Municipal,Georgi Kabakov,,main stage,,,,,
Conference League,2023/24,2023,Group stage,4,Thu,2023-11-09,18:45,ch,Servette FC,2,2–1,md,Sheriff Tiraspol,1,15822,Stade de Genève,Manfredas Lukjančukas,,main stage,,,,,
Conference League,2023/24,2023,Group stage,4,Thu,2023-11-09,19:45,il,Maccabi Haifa,1,1–2,es,Villarreal,2,,Sammy Ofer Stadium,Mykola Balakin,,main stage,,,,,
Conference League,2023/24,2023,Group stage,4,Thu,2023-11-09,20:00,sct,Rangers,2,2–1,cz,Sparta Prague,1,48838,Ibrox Stadium,Davide Massa,,main stage,,,,,
Conference League,2023/24,2023,Group stage,4,Thu,2023-11-09,20:00,pt,Sporting CP,2,2–1,pl,Raków,1,32940,Estádio José Alvalade,Enea Jorgji,,main stage,,,,,
Conference League,2023/24,2023,Group stage,4,Thu,2023-11-09,20:00,eng,West Ham,1,1–0,gr,Olympiacos,0,55811,London Stadium,Matej Jug,,main stage,,,,,
Conference League,2023/24,2023,Group stage,4,Thu,2023-11-09,21:00,de,Freiburg,5,5–0,rs,TSC,0,31700,Europa-Park Stadion,Rohit Saggi,,main stage,,,,,
Conference League,2023/24,2023,Group stage,4,Thu,2023-11-09,21:00,it,Atalanta,1,1–0,at,Sturm Graz,0,14739,Gewiss Stadium,Jérôme Brisard,,main stage,,,,,
Conference League,2023/24,2023,Group stage,4,Thu,2023-11-09,21:00,es,Real Betis,4,4–1,cy,Aris Limassol,1,41768,Estadio Benito Villamarín,Mohammed Al Hakim,,main stage,,,,,
Conference League,2023/24,2023,Group stage,4,Thu,2023-11-09,21:00,se,BK Häcken,1,1–3,no,Molde,3,5106,Nya Gamla Ullevi,Don Robertson,,main stage,,,,,
Conference League,2023/24,2023,Group stage,4,Thu,2023-11-09,21:45,az,Qarabağ,0,0–1,de,Leverkusen,1,30055,Tofiq Bəhramov adına Respublika stadionu,Craig Pawson,,main stage,,,,,
Conference League,2023/24,2023,Group stage,4,Thu,2023-11-09,22:00,gr,AEK Athens,0,0–2,fr,Marseille,2,30530,Agia Sophia Stadium,Glenn Nyberg,,main stage,,,,,
Conference League,2023/24,2023,Group stage,5,Thu,2023-11-30,18:45,cz,Sparta Prague,1,1–0,es,Real Betis,0,18095,epet Arena,Nikola Dabanović,,main stage,,,,,
Conference League,2023/24,2023,Group stage,5,Thu,2023-11-30,18:45,de,Freiburg,5,5–0,gr,Olympiacos,0,34000,Europa-Park Stadion,Irfan Peljto,,main stage,,,,,
Conference League,2023/24,2023,Group stage,5,Thu,2023-11-30,18:45,it,Atalanta,1,1–1,pt,Sporting CP,1,14865,Gewiss Stadium,Michael Oliver,,main stage,,,,,
Conference League,2023/24,2023,Group stage,5,Thu,2023-11-30,18:45,at,Sturm Graz,0,0–1,pl,Raków,1,12517,Bundesstadion Liebenau,Filip Glova,,main stage,,,,,
Conference League,2023/24,2023,Group stage,5,Thu,2023-11-30,18:45,rs,TSC,0,0–1,eng,West Ham,1,4256,TSC Arena,Allard Lindhout,,main stage,,,,,
Conference League,2023/24,2023,Group stage,5,Thu,2023-11-30,19:45,gr,AEK Athens,0,0–1,eng,Brighton,1,30520,Agia Sophia Stadium,Sandro Schärer,,main stage,,,,,
Conference League,2023/24,2023,Group stage,5,Thu,2023-11-30,19:45,il,Maccabi Haifa,0,0–3,fr,Rennes,3,,Puskás Aréna,Horațiu Fesnic,,main stage,,,,,
Conference League,2023/24,2023,Group stage,5,Thu,2023-11-30,20:00,sct,Rangers,1,1–1,cy,Aris Limassol,1,48890,Ibrox Stadium,Rohit Saggi,,main stage,,,,,
Conference League,2023/24,2023,Group stage,5,Thu,2023-11-30,20:00,eng,Liverpool,4,4–0,at,LASK,0,49666,Anfield,Urs Schnyder,,main stage,,,,,
Conference League,2023/24,2023,Group stage,5,Thu,2023-11-30,21:00,se,BK Häcken,0,0–2,de,Leverkusen,2,11234,Nya Ullevi,Julian Weinberger,,main stage,,,,,
Conference League,2023/24,2023,Group stage,5,Thu,2023-11-30,21:00,fr,Toulouse,0,0–0,be,Union SG,0,31205,Stadium Municipal,Matej Jug,,main stage,,,,,
Conference League,2023/24,2023,Group stage,5,Thu,2023-11-30,21:00,ch,Servette FC,1,1–1,it,Roma,1,28534,Stade de Genève,Daniel Stefański,,main stage,,,,,
Conference League,2023/24,2023,Group stage,5,Thu,2023-11-30,21:00,no,Molde,2,2–2,az,Qarabağ,2,5291,Aker Stadion,Erik Lambrechts,,main stage,,,,,
Conference League,2023/24,2023,Group stage,5,Thu,2023-11-30,21:00,es,Villarreal,3,3–2,gr,Panathinaikos,2,16993,Estadio de la Cerámica,Ivan Kružliak,,main stage,,,,,
Conference League,2023/24,2023,Group stage,5,Thu,2023-11-30,21:00,fr,Marseille,4,4–3,nl,Ajax,3,60638,Orange Vélodrome,Simone Sozza,,main stage,,,,,
Conference League,2023/24,2023,Group stage,5,Thu,2023-11-30,22:00,md,Sheriff Tiraspol,2,2–3,cz,Slavia Prague,3,1520,Bolshaya Sportivnaya Arena,Christian-Petru Ciochirca,,main stage,,,,,
Conference League,2023/24,2023,Group stage,3,Wed,2023-12-06,21:00,es,Villarreal,0,0–0,il,Maccabi Haifa,0,9365,Estadio de la Cerámica,Nick Walsh,,main stage,,,,,
Conference League,2023/24,2023,Group stage,6,Thu,2023-12-14,18:45,cz,Slavia Prague,4,4–0,ch,Servette FC,0,18380,Fortuna Arena,Nick Walsh,,main stage,,,,,
Conference League,2023/24,2023,Group stage,6,Thu,2023-12-14,18:45,de,Leverkusen,5,5–1,no,Molde,1,28504,BayArena,Robert Jones,,main stage,,,,,
Conference League,2023/24,2023,Group stage,6,Thu,2023-12-14,18:45,fr,Rennes,2,2–3,es,Villarreal,3,27761,Roazhon Park,Atilla Karaoğlan,,main stage,,,,,
Conference League,2023/24,2023,Group stage,6,Thu,2023-12-14,18:45,be,Union SG,2,2–1,eng,Liverpool,1,16959,Lotto Park,Orel Grinfeeld,,main stage,,,,,
Conference League,2023/24,2023,Group stage,6,Thu,2023-12-14,18:45,it,Roma,3,3–0,md,Sheriff Tiraspol,0,47803,Stadio Olimpico,Jérôme Brisard,,main stage,,,,,
Conference League,2023/24,2023,Group stage,6,Thu,2023-12-14,18:45,at,LASK,1,1–2,fr,Toulouse,2,16100,Raiffeisen Arena,Fabio Maresca,,main stage,,,,,
Conference League,2023/24,2023,Group stage,6,Thu,2023-12-14,19:45,gr,Panathinaikos,1,1–2,il,Maccabi Haifa,2,13121,Stadio Apóstolos Nikolaidis,Georgi Kabakov,,main stage,,,,,
Conference League,2023/24,2023,Group stage,6,Thu,2023-12-14,20:00,eng,West Ham,2,2–0,de,Freiburg,0,48876,London Stadium,João Pinheiro,,main stage,,,,,
Conference League,2023/24,2023,Group stage,6,Thu,2023-12-14,20:00,pt,Sporting CP,3,3–0,at,Sturm Graz,0,24733,Estádio José Alvalade,William Collum,,main stage,,,,,
Conference League,2023/24,2023,Group stage,6,Thu,2023-12-14,20:00,eng,Brighton,1,1–0,fr,Marseille,0,30214,The American Express Community Stadium,José Sánchez,,main stage,,,,,
Conference League,2023/24,2023,Group stage,6,Thu,2023-12-14,21:00,pl,Raków,0,0–4,it,Atalanta,4,10386,ArcelorMittal Park,Enea Jorgji,,main stage,,,,,
Conference League,2023/24,2023,Group stage,6,Thu,2023-12-14,21:00,nl,Ajax,3,3–1,gr,AEK Athens,1,53926,Johan Cruyff ArenA,Craig Pawson,,main stage,,,,,
Conference League,2023/24,2023,Group stage,6,Thu,2023-12-14,21:00,es,Real Betis,2,2–3,sct,Rangers,3,48380,Estadio Benito Villamarín,Srđan Jovanović,,main stage,,,,,
Conference League,2023/24,2023,Group stage,6,Thu,2023-12-14,21:45,az,Qarabağ,2,2–1,se,BK Häcken,1,28515,Tofiq Bəhramov adına Respublika stadionu,Juxhin Xhaja,,main stage,,,,,
Conference League,2023/24,2023,Group stage,6,Thu,2023-12-14,22:00,gr,Olympiacos,5,5–2,rs,TSC,2,,Stadio Georgios Karaiskáki,Morten Krogh,,main stage,,,,,
Conference League,2023/24,2023,Group stage,6,Thu,2023-12-14,22:00,cy,Aris Limassol,1,1–3,cz,Sparta Prague,3,2859,Alphamega Stadium,Harm Osmers,,main stage,,,,,
Conference League,2023/24,2023,Knockout round play-offs,,Thu,2024-02-15,18:45,ch,Young Boys,1,1–3,pt,Sporting CP,3,31500,Stadion Wankdorf,Benoît Bastien,Leg 1 of 2,main stage,False,False,,,
Conference League,2023/24,2023,Knockout round play-offs,,Thu,2024-02-15,18:45,nl,Feyenoord,1,1–1,it,Roma,1,43235,Stadion Feijenoord,Radu Petrescu,Leg 1 of 2,main stage,False,False,,,
Conference League,2023/24,2023,Knockout round play-offs,,Thu,2024-02-15,19:45,ua,Shakhtar D.,2,2–2,fr,Marseille,2,28790,Volksparkstadion,Erik Lambrechts,Leg 1 of 2,main stage,False,False,,,
Conference League,2023/24,2023,Knockout round play-offs,,Thu,2024-02-15,20:00,pt,Benfica,2,2–1,fr,Toulouse,1,56553,Estádio do Sport Lisboa e Benfica,Donatas Rumšas,Leg 1 of 2,main stage,False,False,,,
Conference League,2023/24,2023,Knockout round play-offs,,Thu,2024-02-15,20:00,pt,Braga,2,2–4,az,Qarabağ,4,12122,Estádio Municipal de Braga,Morten Krogh,Leg 1 of 2,main stage,False,False,,,
Conference League,2023/24,2023,Knockout round play-offs,,Thu,2024-02-15,20:45,tr,Galatasaray,3,3–2,cz,Sparta Prague,2,46583,RAMS Park,Alejandro Hernández,Leg 1 of 2,main stage,False,False,,,
Conference League,2023/24,2023,Knockout round play-offs,,Thu,2024-02-15,21:00,it,Milan,3,3–0,fr,Rennes,0,69021,Stadio Giuseppe Meazza,Nikola Dabanović,Leg 1 of 2,main stage,False,False,,,
Conference League,2023/24,2023,Knockout round play-offs,,Thu,2024-02-15,21:00,fr,Lens,0,0–0,de,Freiburg,0,38194,Stade Bollaert-Delelis,Bartosz Frankowski,Leg 1 of 2,main stage,False,False,,,
Conference League,2023/24,2023,Knockout round play-offs,,Thu,2024-02-22,18:45,de,Freiburg,3,3–2,fr,Lens,2,22969,Europa-Park Stadion,Rade Obrenović,Leg 2 of 2; Freiburg won; Required Extra Time,main stage,True,False,,,
Conference League,2023/24,2023,Knockout round play-offs,,Thu,2024-02-22,18:45,fr,Toulouse,0,0–0,pt,Benfica,0,31556,Stadium Municipal,Maurizio Mariani,Leg 2 of 2; Benfica won,main stage,False,False,,,
Conference League,2023/24,2023,Knockout round play-offs,,Thu,2024-02-22,18:45,fr,Rennes,3,3–2,it,Milan,2,29241,Roazhon Park,João Pinheiro,Leg 2 of 2; Milan won,main stage,False,False,,,
Conference League,2023/24,2023,Knockout round play-offs,,Thu,2024-02-22,20:00,pt,Sporting CP,1,1–1,ch,Young Boys,1,29393,Estádio José Alvalade,Ivan Kružliak,Leg 2 of 2; Sporting CP won,main stage,False,False,,,
Conference League,2023/24,2023,Knockout round play-offs,,Thu,2024-02-22,21:00,fr,Marseille,3,3–1,ua,Shakhtar D.,1,66534,Orange Vélodrome,Tobias Stieler,Leg 2 of 2; Marseille won,main stage,False,False,,,
Conference League,2023/24,2023,Knockout round play-offs,,Thu,2024-02-22,21:00,cz,Sparta Prague,4,4–1,tr,Galatasaray,1,18349,epet Arena,Anthony Taylor,Leg 2 of 2; Sparta Prague won,main stage,False,False,,,
Conference League,2023/24,2023,Knockout round play-offs,,Thu,2024-02-22,21:00,it,Roma,1,(4) 1–1 (2),nl,Feyenoord,1,69689,Stadio Olimpico,Jesús Gil,Leg 2 of 2; Roma won; Roma won a penalty shoot-out following extra time,main stage,True,True,4 - 2,4,2
Conference League,2023/24,2023,Knockout round play-offs,,Thu,2024-02-22,21:45,az,Qarabağ,2,2–3,pt,Braga,3,31200,Tofiq Bəhramov adına Respublika stadionu,Georgi Kabakov,Leg 2 of 2; Qarabağ won; Required Extra Time,main stage,True,False,,,
Conference League,2023/24,2023,Round of 16,,Wed,2024-03-06,17:45,pt,Sporting CP,1,1–1,it,Atalanta,1,28528,Estádio José Alvalade (1956),Daniel Siebert,Leg 1 of 2,main stage,False,False,,,
Conference League,2023/24,2023,Round of 16,,Thu,2024-03-07,18:45,it,Roma,4,4–0,eng,Brighton,0,64877,Stadio Olimpico,François Letexier,Leg 1 of 2,main stage,False,False,,,
Conference League,2023/24,2023,Round of 16,,Thu,2024-03-07,18:45,cz,Sparta Prague,1,1–5,eng,Liverpool,5,18349,epet Arena,José Sánchez,Leg 1 of 2,main stage,False,False,,,
Conference League,2023/24,2023,Round of 16,,Thu,2024-03-07,20:00,pt,Benfica,2,2–2,sct,Rangers,2,48759,Estádio do Sport Lisboa e Benfica,Tobias Stieler,Leg 1 of 2,main stage,False,False,,,
Conference League,2023/24,2023,Round of 16,,Thu,2024-03-07,21:00,de,Freiburg,1,1–0,eng,West Ham,0,34700,Europa-Park Stadion,Alejandro Hernández,Leg 1 of 2,main stage,False,False,,,
Conference League,2023/24,2023,Round of 16,,Thu,2024-03-07,21:00,it,Milan,4,4–2,cz,Slavia Prague,2,59325,Stadio Giuseppe Meazza,Halil Umut Meler,Leg 1 of 2,main stage,False,False,,,
Conference League,2023/24,2023,Round of 16,,Thu,2024-03-07,21:00,fr,Marseille,4,4–0,es,Villarreal,0,53396,Orange Vélodrome,Serdar Gözübüyük,Leg 1 of 2,main stage,False,False,,,
Conference League,2023/24,2023,Round of 16,,Thu,2024-03-07,21:45,az,Qarabağ,2,2–2,de,Leverkusen,2,30423,Tofiq Bəhramov adına Respublika stadionu,Benoît Bastien,Leg 1 of 2,main stage,False,False,,,
Conference League,2023/24,2023,Round of 16,,Thu,2024-03-14,17:45,sct,Rangers,0,0–1,pt,Benfica,1,49943,Ibrox Stadium,Ivan Kružliak,Leg 2 of 2; Benfica won,main stage,False,False,,,
Conference League,2023/24,2023,Round of 16,,Thu,2024-03-14,17:45,eng,West Ham,5,5–0,de,Freiburg,0,51014,London Stadium,Marco Guida,Leg 2 of 2; West Ham won,main stage,False,False,,,
Conference League,2023/24,2023,Round of 16,,Thu,2024-03-14,18:45,es,Villarreal,3,3–1,fr,Marseille,1,15378,Estadio de la Cerámica,István Kovács,Leg 2 of 2; Marseille won,main stage,False,False,,,
Conference League,2023/24,2023,Round of 16,,Thu,2024-03-14,18:45,cz,Slavia Prague,1,1–3,it,Milan,3,19334,Fortuna Arena,Glenn Nyberg,Leg 2 of 2; Milan won,main stage,False,False,,,
Conference League,2023/24,2023,Round of 16,,Thu,2024-03-14,20:00,eng,Brighton,1,1–0,it,Roma,0,30380,The American Express Community Stadium,Felix Zwayer,Leg 2 of 2; Roma won,main stage,False,False,,,
Conference League,2023/24,2023,Round of 16,,Thu,2024-03-14,20:00,eng,Liverpool,6,6–1,cz,Sparta Prague,1,59581,Anfield Sports & Community Centre,Artur Soares Dias,Leg 2 of 2; Liverpool won,main stage,False,False,,,
Conference League,2023/24,2023,Round of 16,,Thu,2024-03-14,21:00,de,Leverkusen,3,3–2,az,Qarabağ,2,30210,BayArena,Anthony Taylor,Leg 2 of 2; Leverkusen won,main stage,False,False,,,
Conference League,2023/24,2023,Round of 16,,Thu,2024-03-14,21:00,it,Atalanta,2,2–1,pt,Sporting CP,1,14649,Gewiss Stadium,Sandro Schärer,Leg 2 of 2; Atalanta won,main stage,False,False,,,
Conference League,2023/24,2023,Quarter-finals,,Thu,2024-04-11,20:00,eng,Liverpool,0,0–3,it,Atalanta,3,59004,Anfield,Halil Umut Meler,Leg 1 of 2,main stage,False,False,,,
Conference League,2023/24,2023,Quarter-finals,,Thu,2024-04-11,20:00,pt,Benfica,2,2–1,fr,Marseille,1,53845,Estádio do Sport Lisboa e Benfica,Michael Oliver,Leg 1 of 2,main stage,False,False,,,
Conference League,2023/24,2023,Quarter-finals,,Thu,2024-04-11,21:00,de,Leverkusen,2,2–0,eng,West Ham,0,30210,BayArena,Artur Soares Dias,Leg 1 of 2,main stage,False,False,,,
Conference League,2023/24,2023,Quarter-finals,,Thu,2024-04-11,21:00,it,Milan,0,0–1,it,Roma,1,75023,Stadio Giuseppe Meazza,Clément Turpin,Leg 1 of 2,main stage,False,False,,,
Conference League,2023/24,2023,Quarter-finals,,Thu,2024-04-18,20:00,eng,West Ham,1,1–1,de,Leverkusen,1,62473,London Stadium,José Sánchez,Leg 2 of 2; Leverkusen won,main stage,False,False,,,
Conference League,2023/24,2023,Quarter-finals,,Thu,2024-04-18,21:00,it,Atalanta,0,0–1,eng,Liverpool,1,14994,Gewiss Stadium,François Letexier,Leg 2 of 2; Atalanta won,main stage,False,False,,,
Conference League,2023/24,2023,Quarter-finals,,Thu,2024-04-18,21:00,it,Roma,2,2–1,it,Milan,1,66025,Stadio Olimpico,Szymon Marciniak,Leg 2 of 2; Roma won,main stage,False,False,,,
Conference League,2023/24,2023,Quarter-finals,,Thu,2024-04-18,21:00,fr,Marseille,1,(4) 1–0 (2),pt,Benfica,0,59645,Orange Vélodrome,Felix Zwayer,Leg 2 of 2; Marseille won; Marseille won a penalty shoot-out following extra time,main stage,True,True,4 - 2,4,2
Conference League,2023/24,2023,Semi-finals,,Thu,2024-05-02,21:00,it,Roma,0,0–2,de,Leverkusen,2,64073,Stadio Olimpico,François Letexier,Leg 1 of 2,main stage,False,False,,,
Conference League,2023/24,2023,Semi-finals,,Thu,2024-05-02,21:00,fr,Marseille,1,1–1,it,Atalanta,1,64475,Orange Vélodrome,Daniel Siebert,Leg 1 of 2,main stage,False,False,,,
Conference League,2023/24,2023,Semi-finals,,Thu,2024-05-09,21:00,de,Leverkusen,2,2–2,it,Roma,2,30210,BayArena,Danny Makkelie,Leg 2 of 2; Leverkusen won,main stage,False,False,,,
Conference League,2023/24,2023,Semi-finals,,Thu,2024-05-09,21:00,it,Atalanta,3,3–0,fr,Marseille,0,14994,Gewiss Stadium,Jesús Gil,Leg 2 of 2; Atalanta won,main stage,False,False,,,
Conference League,2023/24,2023,Final,,Wed,2024-05-22,20:00,it,Atalanta,3,3–0,de,Leverkusen,0,47135,Aviva Stadium (Neutral Site),István Kovács,,main stage,,,,,
Conference League,2023/24,2023,Third qualifying round,,Tue,2023-08-08,20:00,kz,FC Astana,2,2–1,bg,Ludogorets,1,23967,Astana Arena,Horațiu Fesnic,Leg 1 of 2,qualification,False,False,,,
Conference League,2023/24,2023,Third qualifying round,,Thu,2023-08-10,19:00,lt,Žalgiris,1,1–3,se,BK Häcken,3,4789,Vilniaus LFF stadionas,Mykola Balakin,Leg 1 of 2,qualification,False,False,,,
Conference League,2023/24,2023,Third qualifying round,,Thu,2023-08-10,19:00,cz,Slavia Prague,3,3–0,ua,Dnipro-1,0,19102,Fortuna Arena,Lawrence Visser,Leg 1 of 2,qualification,False,False,,,
Conference League,2023/24,2023,Third qualifying round,,Thu,2023-08-10,20:00,md,Sheriff Tiraspol,5,5–1,by,BATE Borisov,1,5400,Borisov Arena,Mohammed Al Hakim,Leg 1 of 2,qualification,False,False,,,
Conference League,2023/24,2023,Third qualifying round,,Thu,2023-08-10,20:00,az,Qarabağ,2,2–1,fi,HJK Helsinki,1,24984,Tofiq Bəhramov adına Respublika stadionu,Roi Reinshreiber,Leg 1 of 2,qualification,False,False,,,
Conference League,2023/24,2023,Third qualifying round,,Thu,2023-08-10,21:00,ba,Zrinjski Mostar,6,6–2,is,Breiðablik,2,6200,Stadion Bijeli Brijeg,Nick Walsh,Leg 1 of 2,qualification,False,False,,,
Conference League,2023/24,2023,Third qualifying round,,Thu,2023-08-10,22:00,gr,Olympiacos,1,1–0,be,Genk,0,24123,Stadio Georgios Karaiskáki,Glenn Nyberg,Leg 1 of 2,qualification,False,False,,,
Conference League,2023/24,2023,Third qualifying round,,Thu,2023-08-17,17:30,is,Breiðablik,1,1–0,ba,Zrinjski Mostar,0,673,Kópavogsvöllur,Anastasios Papapetrou,Leg 2 of 2; Zrinjski Mostar won,qualification,False,False,,,
Conference League,2023/24,2023,Third qualifying round,,Thu,2023-08-17,19:00,se,BK Häcken,5,5–0,lt,Žalgiris,0,3926,Bravida Arena,António Nobre,Leg 2 of 2; BK Häcken won,qualification,False,False,,,
Conference League,2023/24,2023,Third qualifying round,,Thu,2023-08-17,19:00,fi,HJK Helsinki,1,1–2,az,Qarabağ,2,7612,Bolt Arena,Willy Delajod,Leg 2 of 2; Qarabağ won,qualification,False,False,,,
Conference League,2023/24,2023,Third qualifying round,,Thu,2023-08-17,20:00,be,Genk,1,1–1,gr,Olympiacos,1,11998,Cegeka Arena,Tobias Stieler,Leg 2 of 2; Olympiacos won,qualification,False,False,,,
Conference League,2023/24,2023,Third qualifying round,,Thu,2023-08-17,21:00,ua,Dnipro-1,1,1–1,cz,Slavia Prague,1,5855,Dnipro Arena,Jesús Gil,Leg 2 of 2; Slavia Prague won,qualification,False,False,,,
Conference League,2023/24,2023,Third qualifying round,,Thu,2023-08-17,21:00,bg,Ludogorets,5,5–1,kz,FC Astana,1,5469,Huvepharma Arena,Anthony Taylor,Leg 2 of 2; Ludogorets won,qualification,False,False,,,
Conference League,2023/24,2023,Third qualifying round,,Thu,2023-08-17,21:00,by,BATE Borisov,2,2–2,md,Sheriff Tiraspol,2,,Bolshaya Sportivnaya Arena,Tamás Bognár,Leg 2 of 2; Sheriff Tiraspol won,qualification,False,False,,,
Conference League,2023/24,2023,Play-off round,,Thu,2023-08-24,19:00,se,BK Häcken,2,2–2,sct,Aberdeen,2,4424,Bravida Arena,Filip Glova,Leg 1 of 2,qualification,False,False,,,
Conference League,2023/24,2023,Play-off round,,Thu,2023-08-24,19:00,cz,Slavia Prague,2,2–0,ua,Zorya Luhansk,0,18522,Fortuna Arena,Kristo Tohver,Leg 1 of 2,qualification,False,False,,,
Conference League,2023/24,2023,Play-off round,,Thu,2023-08-24,19:45,fo,KÍ Klaksvík,1,1–1,md,Sheriff Tiraspol,1,3413,Tórsvøllur,Rade Obrenović,Leg 1 of 2,qualification,False,False,,,
Conference League,2023/24,2023,Play-off round,,Thu,2023-08-24,20:00,hr,Dinamo Zagreb,3,3–1,cz,Sparta Prague,1,12170,Stadion Maksimir,Marco Guida,Leg 1 of 2,qualification,False,False,,,
Conference League,2023/24,2023,Play-off round,,Thu,2023-08-24,20:00,si,Olimpija,0,0–2,az,Qarabağ,2,6123,Stadion Stožice,Georgi Kabakov,Leg 1 of 2,qualification,False,False,,,
Conference League,2023/24,2023,Play-off round,,Thu,2023-08-24,20:30,be,Union SG,2,2–0,ch,Lugano,0,7238,Lotto Park,Enea Jorgji,Leg 1 of 2,qualification,False,False,,,
Conference League,2023/24,2023,Play-off round,,Thu,2023-08-24,20:30,sk,Slovan Bratislava,2,2–1,cy,Aris Limassol,1,17564,Štadión Tehelné pole,William Collum,Leg 1 of 2,qualification,False,False,,,
Conference League,2023/24,2023,Play-off round,,Thu,2023-08-24,21:00,bg,Ludogorets,1,1–4,nl,Ajax,4,9880,Huvepharma Arena,Marco Di Bello,Leg 1 of 2,qualification,False,False,,,
Conference League,2023/24,2023,Play-off round,,Thu,2023-08-24,21:00,at,LASK,2,2–1,ba,Zrinjski Mostar,1,8300,voestalpine Stadion,Orel Grinfeeld,Leg 1 of 2,qualification,False,False,,,
Conference League,2023/24,2023,Play-off round,,Thu,2023-08-24,22:00,gr,Olympiacos,3,3–1,rs,Čukarički,1,24332,Stadio Georgios Karaiskáki,Donatas Rumšas,Leg 1 of 2,qualification,False,False,,,
Conference League,2023/24,2023,Play-off round,,Thu,2023-08-31,19:00,cz,Sparta Prague,4,4–1,hr,Dinamo Zagreb,1,17953,epet Arena,Tobias Stieler,Leg 2 of 2; Sparta Prague won,qualification,False,False,,,
Conference League,2023/24,2023,Play-off round,,Thu,2023-08-31,19:00,ua,Zorya Luhansk,2,2–1,cz,Slavia Prague,1,964,Arena Lublin,Jérôme Brisard,Leg 2 of 2; Slavia Prague won,qualification,False,False,,,
Conference League,2023/24,2023,Play-off round,,Thu,2023-08-31,19:45,sct,Aberdeen,1,1–3,se,BK Häcken,3,19237,Pittodrie Stadium,Daniel Siebert,Leg 2 of 2; BK Häcken won,qualification,False,False,,,
Conference League,2023/24,2023,Play-off round,,Thu,2023-08-31,20:00,md,Sheriff Tiraspol,2,2–1,fo,KÍ Klaksvík,1,5493,Bolshaya Sportivnaya Arena,Halil Umut Meler,Leg 2 of 2; Sheriff Tiraspol won,qualification,False,False,,,
Conference League,2023/24,2023,Play-off round,,Thu,2023-08-31,20:00,cy,Aris Limassol,6,6–2,sk,Slovan Bratislava,2,2872,Alphamega Stadium,Erik Lambrechts,Leg 2 of 2; Aris Limassol won,qualification,False,False,,,
Conference League,2023/24,2023,Play-off round,,Thu,2023-08-31,20:00,az,Qarabağ,1,1–1,si,Olimpija,1,27354,Tofiq Bəhramov adına Respublika stadionu,Alejandro Hernández,Leg 2 of 2; Qarabağ won,qualification,False,False,,,
Conference League,2023/24,2023,Play-off round,,Thu,2023-08-31,20:00,rs,Čukarički,0,0–3,gr,Olympiacos,3,6812,Stadion na Banovom brdu,Danny Makkelie,Leg 2 of 2; Olympiacos won,qualification,False,False,,,
Conference League,2023/24,2023,Play-off round,,Thu,2023-08-31,20:00,nl,Ajax,0,0–1,bg,Ludogorets,1,50900,Johan Cruyff ArenA,Ivan Kružliak,Leg 2 of 2; Ajax won,qualification,False,False,,,
Conference League,2023/24,2023,Play-off round,,Thu,2023-08-31,20:30,ch,Lugano,0,0–1,be,Union SG,1,1171,Stade de Genève,Harm Osmers,Leg 2 of 2; Union SG won,qualification,False,False,,,
Conference League,2023/24,2023,Play-off round,,Thu,2023-08-31,21:00,ba,Zrinjski Mostar,1,1–1,at,LASK,1,6520,Stadion Bijeli Brijeg,Tiago Martins,Leg 2 of 2; LASK won,qualification,False,False,,,
Conference League,2024/25,2024,League phase,1,Wed,2024-09-25,18:45,no,Bodø/Glimt,3,3–2,pt,Porto,2,7587,Aspmyra Stadion,Orel Grinfeeld,,main stage,,,,,
Conference League,2024/25,2024,League phase,1,Wed,2024-09-25,18:45,nl,AZ Alkmaar,3,3–2,se,Elfsborg,2,16371,AFAS Stadion,Juxhin Xhaja,,main stage,,,,,
Conference League,2024/25,2024,League phase,1,Wed,2024-09-25,20:00,eng,Manchester Utd,1,1–1,nl,Twente,1,73069,Old Trafford,Simone Sozza,,main stage,,,,,
Conference League,2024/25,2024,League phase,1,Wed,2024-09-25,21:00,be,Anderlecht,2,2–1,hu,Ferencváros,1,15417,Lotto Park,Julian Weinberger,,main stage,,,,,
Conference League,2024/25,2024,League phase,1,Wed,2024-09-25,21:00,dk,Midtjylland,1,1–1,de,Hoffenheim,1,8561,MCH Arena,Nenad Minaković,,main stage,,,,,
Conference League,2024/25,2024,League phase,1,Wed,2024-09-25,21:00,fr,Nice,1,1–1,es,Real Sociedad,1,20545,Allianz Riviera,Morten Krogh,,main stage,,,,,
Conference League,2024/25,2024,League phase,1,Wed,2024-09-25,21:00,ua,Dynamo Kyiv,0,0–3,it,Lazio,3,7751,Volksparkstadion,Tasos Sidiropoulos,,main stage,,,,,
Conference League,2024/25,2024,League phase,1,Wed,2024-09-25,22:00,tr,Galatasaray,3,3–1,gr,PAOK,1,50700,RAMS Park,Alejandro Hernández,,main stage,,,,,
Conference League,2024/25,2024,League phase,1,Wed,2024-09-25,22:00,bg,Ludogorets,0,0–2,cz,Slavia Prague,2,4761,Huvepharma Arena,Jérôme Brisard,,main stage,,,,,
Conference League,2024/25,2024,League phase,1,Thu,2024-09-26,18:45,se,Malmö,0,0–2,sct,Rangers,2,20021,Eleda Stadion,Luís Godinho,,main stage,,,,,
Conference League,2024/25,2024,League phase,1,Thu,2024-09-26,19:45,tr,Fenerbahçe,2,2–1,be,Union SG,1,31760,Ülker Stadyumu Fenerbahçe Şükrü Saracoğl...,Benoît Bastien,,main stage,,,,,
Conference League,2024/25,2024,League phase,1,Thu,2024-09-26,20:00,eng,Tottenham,3,3–0,az,Qarabağ,0,51757,Tottenham Hotspur Stadium,Willy Delajod,,main stage,,,,,
Conference League,2024/25,2024,League phase,1,Thu,2024-09-26,20:00,pt,Braga,2,2–1,il,Maccabi Tel Aviv,1,10519,Estádio Municipal de Braga,Matej Jug,,main stage,,,,,
Conference League,2024/25,2024,League phase,1,Thu,2024-09-26,21:00,it,Roma,1,1–1,es,Athletic Club,1,63072,Stadio Olimpico,Georgi Kabakov,,main stage,,,,,
Conference League,2024/25,2024,League phase,1,Thu,2024-09-26,21:00,de,Frankfurt,3,3–3,cz,Viktoria Plzeň,3,56500,Deutsche Bank Park,Mykola Balakin,,main stage,,,,,
Conference League,2024/25,2024,League phase,1,Thu,2024-09-26,21:00,fr,Lyon,2,2–0,gr,Olympiacos,0,24412,Groupama Stadium,Lawrence Visser,,main stage,,,,,
Conference League,2024/25,2024,League phase,1,Thu,2024-09-26,21:00,nl,Ajax,4,4–0,tr,Beşiktaş,0,54010,Johan Cruijff Arena,John Brooks,,main stage,,,,,
Conference League,2024/25,2024,League phase,1,Thu,2024-09-26,22:00,ro,FCSB,4,4–1,lv,RFS,1,34257,Arena Naţională,Ricardo de Burgos,,main stage,,,,,
Conference League,2024/25,2024,League phase,2,Thu,2024-10-03,18:45,es,Real Sociedad,1,1–2,be,Anderlecht,2,30985,Reale Arena,Marian Barbu,,main stage,,,,,
Conference League,2024/25,2024,League phase,2,Thu,2024-10-03,18:45,hu,Ferencváros,1,1–2,eng,Tottenham,2,20795,Groupama Arena,Igor Pajač,,main stage,,,,,
Conference League,2024/25,2024,League phase,2,Thu,2024-10-03,18:45,cz,Slavia Prague,1,1–1,nl,Ajax,1,19296,Fortuna Arena,Andris Treimanis,,main stage,,,,,
Conference League,2024/25,2024,League phase,2,Thu,2024-10-03,18:45,it,Lazio,4,4–1,fr,Nice,1,27314,Stadio Olimpico,Horațiu Fesnic,,main stage,,,,,
Conference League,2024/25,2024,League phase,2,Thu,2024-10-03,18:45,de,Hoffenheim,2,2–0,ua,Dynamo Kyiv,0,20351,PreZero Arena,Aleksandar Stavrev,,main stage,,,,,
Conference League,2024/25,2024,League phase,2,Thu,2024-10-03,19:45,gr,Olympiacos,3,3–0,pt,Braga,0,30301,Stadio Georgios Karaiskáki,Damian Sylwestrzak,,main stage,,,,,
Conference League,2024/25,2024,League phase,2,Thu,2024-10-03,19:45,il,Maccabi Tel Aviv,0,0–2,dk,Midtjylland,2,200,Stadion Partizana,Giorgi Kruashvili,,main stage,,,,,
Conference League,2024/25,2024,League phase,2,Thu,2024-10-03,19:45,lv,RFS,2,2–2,tr,Galatasaray,2,8502,Stadions Arkādija Grass,Filip Glova,,main stage,,,,,
Conference League,2024/25,2024,League phase,2,Thu,2024-10-03,20:00,pt,Porto,3,3–3,eng,Manchester Utd,3,49211,Estádio do Dragão,Tobias Stieler,,main stage,,,,,
Conference League,2024/25,2024,League phase,2,Thu,2024-10-03,20:00,sct,Rangers,1,1–4,fr,Lyon,4,41981,Ibrox Stadium,Sven Jablonski,,main stage,,,,,
Conference League,2024/25,2024,League phase,2,Thu,2024-10-03,20:45,az,Qarabağ,1,1–2,se,Malmö,2,28234,Tofiq Bəhramov adına Respublika stadionu,Anastasios Papapetrou,,main stage,,,,,
Conference League,2024/25,2024,League phase,2,Thu,2024-10-03,21:00,be,Union SG,0,0–0,no,Bodø/Glimt,0,5576,Lotto Park,Ondřej Berka,,main stage,,,,,
Conference League,2024/25,2024,League phase,2,Thu,2024-10-03,21:00,nl,Twente,1,1–1,tr,Fenerbahçe,1,29000,De Grolsch Veste,Chris Kavanagh,,main stage,,,,,
Conference League,2024/25,2024,League phase,2,Thu,2024-10-03,21:00,cz,Viktoria Plzeň,0,0–0,bg,Ludogorets,0,10317,Doosan Arena,Tamás Bognár,,main stage,,,,,
Conference League,2024/25,2024,League phase,2,Thu,2024-10-03,21:00,se,Elfsborg,1,1–0,it,Roma,0,11978,Borås Arena,Kristo Tohver,,main stage,,,,,
Conference League,2024/25,2024,League phase,2,Thu,2024-10-03,21:00,es,Athletic Club,2,2–0,nl,AZ Alkmaar,0,40328,San Mamés,Balázs Berke,,main stage,,,,,
Conference League,2024/25,2024,League phase,2,Thu,2024-10-03,22:00,gr,PAOK,0,0–1,ro,FCSB,1,14340,Stadio Toumbas,Sascha Stegemann,,main stage,,,,,
Conference League,2024/25,2024,League phase,2,Thu,2024-10-03,22:00,tr,Beşiktaş,1,1–3,de,Frankfurt,3,35305,Tüpraş Stadyumu,John Beaton,,main stage,,,,,
Conference League,2024/25,2024,League phase,3,Wed,2024-10-23,15:30,pt,Braga,1,1–2,no,Bodø/Glimt,2,8253,Estádio Municipal de Braga,Nenad Minaković,,main stage,,,,,
Conference League,2024/25,2024,League phase,3,Wed,2024-10-23,17:30,tr,Galatasaray,4,4–3,se,Elfsborg,3,36938,RAMS Park,Matej Jug,,main stage,,,,,
Conference League,2024/25,2024,League phase,3,Thu,2024-10-24,18:45,hu,Ferencváros,1,1–0,fr,Nice,0,18371,Groupama Arena,Tasos Sidiropoulos,,main stage,,,,,
Conference League,2024/25,2024,League phase,3,Thu,2024-10-24,18:45,dk,Midtjylland,1,1–0,be,Union SG,0,8491,MCH Arena,Sebastian Gishamer,,main stage,,,,,
Conference League,2024/25,2024,League phase,3,Thu,2024-10-24,18:45,de,Frankfurt,1,1–0,lv,RFS,0,56600,Deutsche Bank Park,Allard Lindhout,,main stage,,,,,
Conference League,2024/25,2024,League phase,3,Thu,2024-10-24,18:45,it,Roma,1,1–0,ua,Dynamo Kyiv,0,61624,Stadio Olimpico,Serdar Gözübüyük,,main stage,,,,,
Conference League,2024/25,2024,League phase,3,Thu,2024-10-24,19:45,gr,PAOK,2,2–2,cz,Viktoria Plzeň,2,16144,Stadio Toumbas,Urs Schnyder,,main stage,,,,,
Conference League,2024/25,2024,League phase,3,Thu,2024-10-24,19:45,il,Maccabi Tel Aviv,1,1–2,es,Real Sociedad,2,429,Stadion Partizana,Rohit Saggi,,main stage,,,,,
Conference League,2024/25,2024,League phase,3,Thu,2024-10-24,20:00,pt,Porto,2,2–0,de,Hoffenheim,0,39203,Estádio do Dragão,Damian Sylwestrzak,,main stage,,,,,
Conference League,2024/25,2024,League phase,3,Thu,2024-10-24,20:00,eng,Tottenham,1,1–0,nl,AZ Alkmaar,0,53438,Tottenham Hotspur Stadium,Manfredas Lukjančukas,,main stage,,,,,
Conference League,2024/25,2024,League phase,3,Thu,2024-10-24,20:00,sct,Rangers,4,4–0,ro,FCSB,0,41191,Ibrox Stadium,Marco Di Bello,,main stage,,,,,
Conference League,2024/25,2024,League phase,3,Thu,2024-10-24,20:45,az,Qarabağ,0,0–3,nl,Ajax,3,27520,Tofiq Bəhramov adına Respublika stadionu,Nick Walsh,,main stage,,,,,
Conference League,2024/25,2024,League phase,3,Thu,2024-10-24,21:00,se,Malmö,0,0–1,gr,Olympiacos,1,19478,Eleda Stadion,Simone Sozza,,main stage,,,,,
Conference League,2024/25,2024,League phase,3,Thu,2024-10-24,21:00,be,Anderlecht,2,2–0,bg,Ludogorets,0,18000,Lotto Park,Filip Glova,,main stage,,,,,
Conference League,2024/25,2024,League phase,3,Thu,2024-10-24,21:00,fr,Lyon,0,0–1,tr,Beşiktaş,1,27350,Groupama Stadium,Harm Osmers,,main stage,,,,,
Conference League,2024/25,2024,League phase,3,Thu,2024-10-24,21:00,nl,Twente,0,0–2,it,Lazio,2,29500,De Grolsch Veste,Nikola Dabanović,,main stage,,,,,
Conference League,2024/25,2024,League phase,3,Thu,2024-10-24,21:00,es,Athletic Club,1,1–0,cz,Slavia Prague,0,47776,San Mamés,Morten Krogh,,main stage,,,,,
Conference League,2024/25,2024,League phase,3,Thu,2024-10-24,22:00,tr,Fenerbahçe,1,1–1,eng,Manchester Utd,1,41443,Ülker Stadyumu Fenerbahçe Şükrü Saracoğl...,Clément Turpin,,main stage,,,,,
Conference League,2024/25,2024,League phase,4,Wed,2024-11-06,18:30,tr,Beşiktaş,2,2–1,se,Malmö,1,24652,Tüpraş Stadyumu,Sven Jablonski,,main stage,,,,,
Conference League,2024/25,2024,League phase,4,Thu,2024-11-07,18:45,fr,Nice,2,2–2,nl,Twente,2,11144,Allianz Riviera,Balázs Berke,,main stage,,,,,
Conference League,2024/25,2024,League phase,4,Thu,2024-11-07,18:45,no,Bodø/Glimt,1,1–2,az,Qarabağ,2,6011,Aspmyra Stadion,Luís Godinho,,main stage,,,,,
Conference League,2024/25,2024,League phase,4,Thu,2024-11-07,18:45,de,Frankfurt,1,1–0,cz,Slavia Prague,0,57350,Deutsche Bank Park,Chris Kavanagh,,main stage,,,,,
Conference League,2024/25,2024,League phase,4,Thu,2024-11-07,18:45,be,Union SG,1,1–1,it,Roma,1,13875,Stade Roi Baudouin,Jérôme Brisard,,main stage,,,,,
Conference League,2024/25,2024,League phase,4,Thu,2024-11-07,18:45,se,Elfsborg,1,1–1,pt,Braga,1,9402,Borås Arena,Juxhin Xhaja,,main stage,,,,,
Conference League,2024/25,2024,League phase,4,Thu,2024-11-07,19:45,gr,Olympiacos,1,1–1,sct,Rangers,1,31795,Stadio Georgios Karaiskáki,Sascha Stegemann,,main stage,,,,,
Conference League,2024/25,2024,League phase,4,Thu,2024-11-07,19:45,bg,Ludogorets,1,1–2,es,Athletic Club,2,9725,Huvepharma Arena,Anastasios Papapetrou,,main stage,,,,,
Conference League,2024/25,2024,League phase,4,Thu,2024-11-07,19:45,ro,FCSB,2,2–0,dk,Midtjylland,0,37152,Arena Naţională,Duje Strukan,,main stage,,,,,
Conference League,2024/25,2024,League phase,4,Thu,2024-11-07,20:00,eng,Manchester Utd,2,2–0,gr,PAOK,0,73174,Old Trafford,Radu Petrescu,,main stage,,,,,
Conference League,2024/25,2024,League phase,4,Thu,2024-11-07,20:45,tr,Galatasaray,3,3–2,eng,Tottenham,2,51739,RAMS Park,Lawrence Visser,,main stage,,,,,
Conference League,2024/25,2024,League phase,4,Thu,2024-11-07,21:00,de,Hoffenheim,2,2–2,fr,Lyon,2,18227,PreZero Arena,Marian Barbu,,main stage,,,,,
Conference League,2024/25,2024,League phase,4,Thu,2024-11-07,21:00,it,Lazio,2,2–1,pt,Porto,1,29576,Stadio Olimpico,Georgi Kabakov,,main stage,,,,,
Conference League,2024/25,2024,League phase,4,Thu,2024-11-07,21:00,nl,AZ Alkmaar,3,3–1,tr,Fenerbahçe,1,15383,AFAS Stadion,John Beaton,,main stage,,,,,
Conference League,2024/25,2024,League phase,4,Thu,2024-11-07,21:00,cz,Viktoria Plzeň,2,2–1,es,Real Sociedad,1,11130,Doosan Arena,Andris Treimanis,,main stage,,,,,
Conference League,2024/25,2024,League phase,4,Thu,2024-11-07,21:00,nl,Ajax,5,5–0,il,Maccabi Tel Aviv,0,53719,Johan Cruijff Arena,Ondřej Berka,,main stage,,,,,
Conference League,2024/25,2024,League phase,4,Thu,2024-11-07,22:00,ua,Dynamo Kyiv,0,0–4,hu,Ferencváros,4,5338,Volksparkstadion,Mohammed Al Hakim,,main stage,,,,,
Conference League,2024/25,2024,League phase,4,Thu,2024-11-07,22:00,lv,RFS,1,1–1,be,Anderlecht,1,4820,Stadions Arkādija Grass,Aleksandar Stavrev,,main stage,,,,,
Conference League,2024/25,2024,League phase,5,Thu,2024-11-28,18:45,es,Athletic Club,3,3–0,se,Elfsborg,0,46325,San Mamés,Giorgi Kruashvili,,main stage,,,,,
Conference League,2024/25,2024,League phase,5,Thu,2024-11-28,18:45,it,Lazio,0,0–0,bg,Ludogorets,0,27259,Stadio Olimpico,Duje Strukan,,main stage,,,,,
Conference League,2024/25,2024,League phase,5,Thu,2024-11-28,18:45,be,Anderlecht,2,2–2,pt,Porto,2,17717,Lotto Park,Morten Krogh,,main stage,,,,,
Conference League,2024/25,2024,League phase,5,Thu,2024-11-28,18:45,ua,Dynamo Kyiv,1,1–2,cz,Viktoria Plzeň,2,4456,Volksparkstadion,Luís Godinho,,main stage,,,,,
Conference League,2024/25,2024,League phase,5,Thu,2024-11-28,18:45,nl,AZ Alkmaar,1,1–1,tr,Galatasaray,1,16229,AFAS Stadion,Horațiu Fesnic,,main stage,,,,,
Conference League,2024/25,2024,League phase,5,Thu,2024-11-28,19:45,lv,RFS,0,0–2,gr,PAOK,2,5346,Stadions Arkādija Grass,Julian Weinberger,,main stage,,,,,
Conference League,2024/25,2024,League phase,5,Thu,2024-11-28,20:00,pt,Braga,3,3–0,de,Hoffenheim,0,10010,Estádio Municipal de Braga,Igor Pajač,,main stage,,,,,
Conference League,2024/25,2024,League phase,5,Thu,2024-11-28,20:00,eng,Tottenham,2,2–2,it,Roma,2,53378,Tottenham Hotspur Stadium,Glenn Nyberg,,main stage,,,,,
Conference League,2024/25,2024,League phase,5,Thu,2024-11-28,20:00,eng,Manchester Utd,3,3–2,no,Bodø/Glimt,2,72985,Old Trafford,Lawrence Visser,,main stage,,,,,
Conference League,2024/25,2024,League phase,5,Thu,2024-11-28,20:45,tr,Beşiktaş,1,1–3,il,Maccabi Tel Aviv,3,20124,Nagyerdei Stadion,Simone Sozza,,main stage,,,,,
Conference League,2024/25,2024,League phase,5,Thu,2024-11-28,21:00,fr,Nice,1,1–4,sct,Rangers,4,18008,Allianz Riviera,Ricardo de Burgos,,main stage,,,,,
Conference League,2024/25,2024,League phase,5,Thu,2024-11-28,21:00,cz,Slavia Prague,1,1–2,tr,Fenerbahçe,2,19308,Fortuna Arena,Sascha Stegemann,,main stage,,,,,
Conference League,2024/25,2024,League phase,5,Thu,2024-11-28,21:00,dk,Midtjylland,1,1–2,de,Frankfurt,2,9521,MCH Arena,Craig Pawson,,main stage,,,,,
Conference League,2024/25,2024,League phase,5,Thu,2024-11-28,21:00,nl,Twente,0,0–1,be,Union SG,1,26500,De Grolsch Veste,John Beaton,,main stage,,,,,
Conference League,2024/25,2024,League phase,5,Thu,2024-11-28,21:00,es,Real Sociedad,2,2–0,nl,Ajax,0,32786,Reale Arena,Matej Jug,,main stage,,,,,
Conference League,2024/25,2024,League phase,5,Thu,2024-11-28,21:00,hu,Ferencváros,4,4–1,se,Malmö,1,18891,Groupama Arena,Əliyar Ağayev,,main stage,,,,,
Conference League,2024/25,2024,League phase,5,Thu,2024-11-28,21:45,az,Qarabağ,1,1–4,fr,Lyon,4,22563,Tofiq Bəhramov adına Respublika stadionu,Nenad Minaković,,main stage,,,,,
Conference League,2024/25,2024,League phase,5,Thu,2024-11-28,22:00,ro,FCSB,0,0–0,gr,Olympiacos,0,43572,Arena Naţională,Sebastian Gishamer,,main stage,,,,,
Conference League,2024/25,2024,League phase,6,Wed,2024-12-11,18:30,tr,Fenerbahçe,0,0–2,es,Athletic Club,2,35263,Ülker Stadyumu Fenerbahçe Şükrü Saracoğl...,Irfan Peljto,,main stage,,,,,
Conference League,2024/25,2024,League phase,6,Thu,2024-12-12,18:45,cz,Viktoria Plzeň,1,1–2,eng,Manchester Utd,2,11320,Doosan Arena,Marian Barbu,,main stage,,,,,
Conference League,2024/25,2024,League phase,6,Thu,2024-12-12,18:45,it,Roma,3,3–0,pt,Braga,0,59085,Stadio Olimpico,Daniel Siebert,,main stage,,,,,
Conference League,2024/25,2024,League phase,6,Thu,2024-12-12,18:45,se,Malmö,2,2–2,tr,Galatasaray,2,19489,Eleda Stadion,John Brooks,,main stage,,,,,
Conference League,2024/25,2024,League phase,6,Thu,2024-12-12,18:45,be,Union SG,2,2–1,fr,Nice,1,7501,Stade Roi Baudouin,Chris Kavanagh,,main stage,,,,,
Conference League,2024/25,2024,League phase,6,Thu,2024-12-12,18:45,de,Hoffenheim,0,0–0,ro,FCSB,0,23223,PreZero Arena,Juxhin Xhaja,,main stage,,,,,
Conference League,2024/25,2024,League phase,6,Thu,2024-12-12,19:45,gr,PAOK,5,5–0,hu,Ferencváros,0,18121,Stadio Toumbas,Guillermo Cuadra,,main stage,,,,,
Conference League,2024/25,2024,League phase,6,Thu,2024-12-12,19:45,bg,Ludogorets,2,2–2,nl,AZ Alkmaar,2,4245,Huvepharma Arena,Kristo Tohver,,main stage,,,,,
Conference League,2024/25,2024,League phase,6,Thu,2024-12-12,19:45,gr,Olympiacos,0,0–0,nl,Twente,0,31600,Stadio Georgios Karaiskáki,Jérôme Brisard,,main stage,,,,,
Conference League,2024/25,2024,League phase,6,Thu,2024-12-12,20:00,pt,Porto,2,2–0,dk,Midtjylland,0,36619,Estádio do Dragão,Aleksandar Stavrev,,main stage,,,,,
Conference League,2024/25,2024,League phase,6,Thu,2024-12-12,20:00,sct,Rangers,1,1–1,eng,Tottenham,1,48064,Ibrox Stadium,Sandro Schärer,,main stage,,,,,
Conference League,2024/25,2024,League phase,6,Thu,2024-12-12,21:00,cz,Slavia Prague,1,1–2,be,Anderlecht,2,19167,Fortuna Arena,Anastasios Papapetrou,,main stage,,,,,
Conference League,2024/25,2024,League phase,6,Thu,2024-12-12,21:00,no,Bodø/Glimt,2,2–1,tr,Beşiktaş,1,5813,Aspmyra Stadion,Filip Glova,,main stage,,,,,
Conference League,2024/25,2024,League phase,6,Thu,2024-12-12,21:00,nl,Ajax,1,1–3,it,Lazio,3,50127,Johan Cruijff Arena,Ivan Kružliak,,main stage,,,,,
Conference League,2024/25,2024,League phase,6,Thu,2024-12-12,21:00,es,Real Sociedad,3,3–0,ua,Dynamo Kyiv,0,26457,Reale Arena,Harm Osmers,,main stage,,,,,
Conference League,2024/25,2024,League phase,6,Thu,2024-12-12,21:00,fr,Lyon,3,3–2,de,Frankfurt,2,41091,Groupama Stadium,Andris Treimanis,,main stage,,,,,
Conference League,2024/25,2024,League phase,6,Thu,2024-12-12,21:00,se,Elfsborg,1,1–0,az,Qarabağ,0,6278,Borås Arena,António Nobre,,main stage,,,,,
Conference League,2024/25,2024,League phase,6,Thu,2024-12-12,22:00,il,Maccabi Tel Aviv,2,2–1,lv,RFS,1,253,Stadion Partizana,Tamás Bognár,,main stage,,,,,
Conference League,2024/25,2024,League phase,7,Tue,2025-01-21,18:30,tr,Galatasaray,3,3–3,ua,Dynamo Kyiv,3,45273,RAMS Park,Kristo Tohver,,main stage,,,,,
Conference League,2024/25,2024,League phase,7,Wed,2025-01-22,18:30,tr,Beşiktaş,4,4–1,es,Athletic Club,1,35980,Tüpraş Stadyumu,Julian Weinberger,,main stage,,,,,
Conference League,2024/25,2024,League phase,7,Thu,2025-01-23,17:45,pt,Porto,0,0–1,gr,Olympiacos,1,35357,Estádio do Dragão,Clément Turpin,,main stage,,,,,
Conference League,2024/25,2024,League phase,7,Thu,2025-01-23,18:45,no,Bodø/Glimt,3,3–1,il,Maccabi Tel Aviv,1,3989,Aspmyra Stadion,Ricardo de Burgos,,main stage,,,,,
Conference League,2024/25,2024,League phase,7,Thu,2025-01-23,18:45,se,Malmö,2,2–3,nl,Twente,3,16432,Eleda Stadion,Sascha Stegemann,,main stage,,,,,
Conference League,2024/25,2024,League phase,7,Thu,2025-01-23,18:45,cz,Viktoria Plzeň,2,2–0,be,Anderlecht,0,10972,Doosan Arena,António Nobre,,main stage,,,,,
Conference League,2024/25,2024,League phase,7,Thu,2025-01-23,18:45,nl,AZ Alkmaar,1,1–0,it,Roma,0,18635,AFAS Stadion,Irfan Peljto,,main stage,,,,,
Conference League,2024/25,2024,League phase,7,Thu,2025-01-23,18:45,de,Hoffenheim,2,2–3,eng,Tottenham,3,30150,PreZero Arena,Morten Krogh,,main stage,,,,,
Conference League,2024/25,2024,League phase,7,Thu,2025-01-23,20:00,eng,Manchester Utd,2,2–1,sct,Rangers,1,73288,Old Trafford,Erik Lambrechts,,main stage,,,,,
Conference League,2024/25,2024,League phase,7,Thu,2025-01-23,20:45,tr,Fenerbahçe,0,0–0,fr,Lyon,0,36722,Ülker Stadyumu Fenerbahçe Şükrü Saracoğl...,Simone Sozza,,main stage,,,,,
Conference League,2024/25,2024,League phase,7,Thu,2025-01-23,21:00,be,Union SG,2,2–1,pt,Braga,1,7729,Stade Roi Baudouin,Nick Walsh,,main stage,,,,,
Conference League,2024/25,2024,League phase,7,Thu,2025-01-23,21:00,se,Elfsborg,1,1–0,fr,Nice,0,7566,Borås Arena,Igor Pajač,,main stage,,,,,
Conference League,2024/25,2024,League phase,7,Thu,2025-01-23,21:00,it,Lazio,3,3–1,es,Real Sociedad,1,32635,Stadio Olimpico,Lawrence Visser,,main stage,,,,,
Conference League,2024/25,2024,League phase,7,Thu,2025-01-23,21:00,de,Frankfurt,2,2–0,hu,Ferencváros,0,55500,Deutsche Bank Park,Enea Jorgji,,main stage,,,,,
Conference League,2024/25,2024,League phase,7,Thu,2025-01-23,21:45,az,Qarabağ,2,2–3,ro,FCSB,3,16583,Tofiq Bəhramov adına Respublika stadionu,Filip Glova,,main stage,,,,,
Conference League,2024/25,2024,League phase,7,Thu,2025-01-23,22:00,bg,Ludogorets,0,0–2,dk,Midtjylland,2,3847,Huvepharma Arena,Mohammed Al Hakim,,main stage,,,,,
Conference League,2024/25,2024,League phase,7,Thu,2025-01-23,22:00,gr,PAOK,2,2–0,cz,Slavia Prague,0,17507,Stadio Toumbas,Matej Jug,,main stage,,,,,
Conference League,2024/25,2024,League phase,7,Thu,2025-01-23,22:00,lv,RFS,1,1–0,nl,Ajax,0,10233,Daugavas Stadionā,Marian Barbu,,main stage,,,,,
Conference League,2024/25,2024,League phase,8,Thu,2025-01-30,20:00,pt,Braga,1,1–0,it,Lazio,0,10438,Estádio Municipal de Braga,John Brooks,,main stage,,,,,
Conference League,2024/25,2024,League phase,8,Thu,2025-01-30,20:00,eng,Tottenham,3,3–0,se,Elfsborg,0,57337,Tottenham Hotspur Stadium,Sebastian Gishamer,,main stage,,,,,
Conference League,2024/25,2024,League phase,8,Thu,2025-01-30,20:00,sct,Rangers,2,2–1,be,Union SG,1,46993,Ibrox Stadium,Damian Sylwestrzak,,main stage,,,,,
Conference League,2024/25,2024,League phase,8,Thu,2025-01-30,21:00,dk,Midtjylland,2,2–2,tr,Fenerbahçe,2,9693,MCH Arena,Luís Godinho,,main stage,,,,,
Conference League,2024/25,2024,League phase,8,Thu,2025-01-30,21:00,cz,Slavia Prague,2,2–2,se,Malmö,2,17026,Fortuna Arena,Allard Lindhout,,main stage,,,,,
Conference League,2024/25,2024,League phase,8,Thu,2025-01-30,21:00,it,Roma,2,2–0,de,Frankfurt,0,64458,Stadio Olimpico,Rade Obrenović,,main stage,,,,,
Conference League,2024/25,2024,League phase,8,Thu,2025-01-30,21:00,es,Athletic Club,3,3–1,cz,Viktoria Plzeň,1,45471,San Mamés,Matej Jug,,main stage,,,,,
Conference League,2024/25,2024,League phase,8,Thu,2025-01-30,21:00,nl,Ajax,2,2–1,tr,Galatasaray,1,54100,Johan Cruijff Arena,Jesús Gil,,main stage,,,,,
Conference League,2024/25,2024,League phase,8,Thu,2025-01-30,21:00,hu,Ferencváros,4,4–3,nl,AZ Alkmaar,3,18657,Groupama Arena,Nenad Minaković,,main stage,,,,,
Conference League,2024/25,2024,League phase,8,Thu,2025-01-30,21:00,be,Anderlecht,3,3–4,de,Hoffenheim,4,17839,Lotto Park,Giorgi Kruashvili,,main stage,,,,,
Conference League,2024/25,2024,League phase,8,Thu,2025-01-30,21:00,nl,Twente,1,1–0,tr,Beşiktaş,0,28500,De Grolsch Veste,Szymon Marciniak,,main stage,,,,,
Conference League,2024/25,2024,League phase,8,Thu,2025-01-30,21:00,fr,Nice,1,1–1,no,Bodø/Glimt,1,4294,Allianz Riviera,Juxhin Xhaja,,main stage,,,,,
Conference League,2024/25,2024,League phase,8,Thu,2025-01-30,21:00,es,Real Sociedad,2,2–0,gr,PAOK,0,23872,Reale Arena,John Beaton,,main stage,,,,,
Conference League,2024/25,2024,League phase,8,Thu,2025-01-30,21:00,fr,Lyon,1,1–1,bg,Ludogorets,1,35448,Groupama Stadium,Tasos Sidiropoulos,,main stage,,,,,
Conference League,2024/25,2024,League phase,8,Thu,2025-01-30,22:00,ro,FCSB,0,0–2,eng,Manchester Utd,2,50128,Arena Naţională,Harm Osmers,,main stage,,,,,
Conference League,2024/25,2024,League phase,8,Thu,2025-01-30,22:00,gr,Olympiacos,3,3–0,az,Qarabağ,0,31500,Stadio Georgios Karaiskáki,Radu Petrescu,,main stage,,,,,
Conference League,2024/25,2024,League phase,8,Thu,2025-01-30,22:00,il,Maccabi Tel Aviv,0,0–1,pt,Porto,1,673,Stadion Partizana,Nikola Dabanović,,main stage,,,,,
Conference League,2024/25,2024,League phase,8,Thu,2025-01-30,22:00,ua,Dynamo Kyiv,1,1–0,lv,RFS,0,3698,Volksparkstadion,Orel Grinfeeld,,main stage,,,,,
Conference League,2024/25,2024,Knockout phase play-offs,,Thu,2025-02-13,18:45,dk,Midtjylland,1,1–2,es,Real Sociedad,2,9401,MCH Arena,Orel Grinfeeld,Leg 1 of 2,main stage,False,False,,,
Conference League,2024/25,2024,Knockout phase play-offs,,Thu,2025-02-13,18:45,be,Union SG,0,0–2,nl,Ajax,2,10853,Stade Roi Baudouin,Donatas Rumšas,Leg 1 of 2,main stage,False,False,,,
Conference League,2024/25,2024,Knockout phase play-offs,,Thu,2025-02-13,18:45,hu,Ferencváros,1,1–0,cz,Viktoria Plzeň,0,18519,Groupama Arena,Giorgi Kruashvili,Leg 1 of 2,main stage,False,False,,,
Conference League,2024/25,2024,Knockout phase play-offs,,Thu,2025-02-13,20:00,pt,Porto,1,1–1,it,Roma,1,37129,Estádio do Dragão,Tobias Stieler,Leg 1 of 2,main stage,False,False,,,
Conference League,2024/25,2024,Knockout phase play-offs,,Thu,2025-02-13,20:45,tr,Fenerbahçe,3,3–0,be,Anderlecht,0,34517,Ülker Stadyumu Fenerbahçe Şükrü Saracoğl...,Nikola Dabanović,Leg 1 of 2,main stage,False,False,,,
Conference League,2024/25,2024,Knockout phase play-offs,,Thu,2025-02-13,21:00,nl,AZ Alkmaar,4,4–1,tr,Galatasaray,1,14092,AFAS Stadion,João Pinheiro,Leg 1 of 2,main stage,False,False,,,
Conference League,2024/25,2024,Knockout phase play-offs,,Thu,2025-02-13,21:00,nl,Twente,2,2–1,no,Bodø/Glimt,1,29500,De Grolsch Veste,Sebastian Gishamer,Leg 1 of 2,main stage,False,False,,,
Conference League,2024/25,2024,Knockout phase play-offs,,Thu,2025-02-13,22:00,gr,PAOK,1,1–2,ro,FCSB,2,18343,Stadio Toumbas,Lawrence Visser,Leg 1 of 2,main stage,False,False,,,
Conference League,2024/25,2024,Knockout phase play-offs,,Thu,2025-02-20,18:45,it,Roma,3,3–2,pt,Porto,2,55286,Stadio Olimpico,François Letexier,Leg 2 of 2; Roma won,main stage,False,False,,,
Conference League,2024/25,2024,Knockout phase play-offs,,Thu,2025-02-20,18:45,no,Bodø/Glimt,5,5–2,nl,Twente,2,6417,Aspmyra Stadion,Alejandro Hernández,Leg 2 of 2; Bodø/Glimt won; Required Extra Time,main stage,True,False,,,
Conference League,2024/25,2024,Knockout phase play-offs,,Thu,2025-02-20,19:45,ro,FCSB,2,2–0,gr,PAOK,0,50248,Arena Naţională,Matej Jug,Leg 2 of 2; FCSB won,main stage,False,False,,,
Conference League,2024/25,2024,Knockout phase play-offs,,Thu,2025-02-20,20:45,tr,Galatasaray,2,2–2,nl,AZ Alkmaar,2,37343,RAMS Park,Anthony Taylor,Leg 2 of 2; AZ Alkmaar won,main stage,False,False,,,
Conference League,2024/25,2024,Knockout phase play-offs,,Thu,2025-02-20,21:00,es,Real Sociedad,5,5–2,dk,Midtjylland,2,27728,Reale Arena,Serdar Gözübüyük,Leg 2 of 2; Real Sociedad won,main stage,False,False,,,
Conference League,2024/25,2024,Knockout phase play-offs,,Thu,2025-02-20,21:00,be,Anderlecht,2,2–2,tr,Fenerbahçe,2,13724,Lotto Park,Sandro Schärer,Leg 2 of 2; Fenerbahçe won,main stage,False,False,,,
Conference League,2024/25,2024,Knockout phase play-offs,,Thu,2025-02-20,21:00,cz,Viktoria Plzeň,3,3–0,hu,Ferencváros,0,10415,Doosan Arena,Jérôme Brisard,Leg 2 of 2; Viktoria Plzeň won,main stage,False,False,,,
Conference League,2024/25,2024,Knockout phase play-offs,,Thu,2025-02-20,21:00,nl,Ajax,1,1–2,be,Union SG,2,51835,Johan Cruijff Arena,Chris Kavanagh,Leg 2 of 2; Ajax won; Required Extra Time,main stage,True,False,,,
Conference League,2024/25,2024,Round of 16,,Thu,2025-03-06,18:45,nl,AZ Alkmaar,1,1–0,eng,Tottenham,0,18281,AFAS Stadion,Rade Obrenović,Leg 1 of 2,main stage,False,False,,,
Conference League,2024/25,2024,Round of 16,,Thu,2025-03-06,18:45,es,Real Sociedad,1,1–1,eng,Manchester Utd,1,34391,Reale Arena,Ivan Kružliak,Leg 1 of 2,main stage,False,False,,,
Conference League,2024/25,2024,Round of 16,,Thu,2025-03-06,19:45,ro,FCSB,1,1–3,fr,Lyon,3,53028,Arena Naţională,Tobias Stieler,Leg 1 of 2,main stage,False,False,,,
Conference League,2024/25,2024,Round of 16,,Thu,2025-03-06,20:45,tr,Fenerbahçe,1,1–3,sct,Rangers,3,42090,Ülker Stadyumu Fenerbahçe Şükrü Saracoğl...,Alejandro Hernández,Leg 1 of 2,main stage,False,False,,,
Conference League,2024/25,2024,Round of 16,,Thu,2025-03-06,21:00,nl,Ajax,1,1–2,de,Frankfurt,2,52641,Johan Cruijff Arena,Simone Sozza,Leg 1 of 2,main stage,False,False,,,
Conference League,2024/25,2024,Round of 16,,Thu,2025-03-06,21:00,it,Roma,2,2–1,es,Athletic Club,1,62540,Stadio Olimpico,Sandro Schärer,Leg 1 of 2,main stage,False,False,,,
Conference League,2024/25,2024,Round of 16,,Thu,2025-03-06,21:00,cz,Viktoria Plzeň,1,1–2,it,Lazio,2,11236,Doosan Arena,Donatas Rumšas,Leg 1 of 2,main stage,False,False,,,
Conference League,2024/25,2024,Round of 16,,Thu,2025-03-06,21:00,no,Bodø/Glimt,3,3–0,gr,Olympiacos,0,8050,Aspmyra Stadion,Mykola Balakin,Leg 1 of 2,main stage,False,False,,,
Conference League,2024/25,2024,Round of 16,,Thu,2025-03-13,18:45,it,Lazio,1,1–1,cz,Viktoria Plzeň,1,39547,Stadio Olimpico,Danny Makkelie,Leg 2 of 2; Lazio won,main stage,False,False,,,
Conference League,2024/25,2024,Round of 16,,Thu,2025-03-13,18:45,es,Athletic Club,3,3–1,it,Roma,1,50666,San Mamés,Clément Turpin,Leg 2 of 2; Athletic Club won,main stage,False,False,,,
Conference League,2024/25,2024,Round of 16,,Thu,2025-03-13,18:45,de,Frankfurt,4,4–1,nl,Ajax,1,57500,Deutsche Bank Park,Irfan Peljto,Leg 2 of 2; Frankfurt won,main stage,False,False,,,
Conference League,2024/25,2024,Round of 16,,Thu,2025-03-13,19:45,gr,Olympiacos,2,2–1,no,Bodø/Glimt,1,31850,Stadio Georgios Karaiskáki,Felix Zwayer,Leg 2 of 2; Bodø/Glimt won,main stage,False,False,,,
Conference League,2024/25,2024,Round of 16,,Thu,2025-03-13,20:00,eng,Tottenham,3,3–1,nl,AZ Alkmaar,1,58302,Tottenham Hotspur Stadium,João Pinheiro,Leg 2 of 2; Tottenham won,main stage,False,False,,,
Conference League,2024/25,2024,Round of 16,,Thu,2025-03-13,20:00,sct,Rangers,0,(3) 0–2 (2),tr,Fenerbahçe,2,50061,Ibrox Stadium,Espen Eskås,Leg 2 of 2; Rangers won; Rangers won a penalty shoot-out following extra time,main stage,True,True,3 - 2,3,2
Conference League,2024/25,2024,Round of 16,,Thu,2025-03-13,20:00,eng,Manchester Utd,4,4–1,es,Real Sociedad,1,73189,Old Trafford,Benoît Bastien,Leg 2 of 2; Manchester Utd won,main stage,False,False,,,
Conference League,2024/25,2024,Round of 16,,Thu,2025-03-13,21:00,fr,Lyon,4,4–0,ro,FCSB,0,37322,Groupama Stadium,Anthony Taylor,Leg 2 of 2; Lyon won,main stage,False,False,,,
Conference League,2024/25,2024,Quarter-finals,,Thu,2025-04-10,18:45,no,Bodø/Glimt,2,2–0,it,Lazio,0,8124,Aspmyra Stadion,Michael Oliver,Leg 1 of 2,main stage,False,False,,,
Conference League,2024/25,2024,Quarter-finals,,Thu,2025-04-10,20:00,sct,Rangers,0,0–0,es,Athletic Club,0,49922,Ibrox Stadium,István Kovács,Leg 1 of 2,main stage,False,False,,,
Conference League,2024/25,2024,Quarter-finals,,Thu,2025-04-10,20:00,eng,Tottenham,1,1–1,de,Frankfurt,1,57849,Tottenham Hotspur Stadium,Szymon Marciniak,Leg 1 of 2,main stage,False,False,,,
Conference League,2024/25,2024,Quarter-finals,,Thu,2025-04-10,21:00,fr,Lyon,2,2–2,eng,Manchester Utd,2,58018,Groupama Stadium,Glenn Nyberg,Leg 1 of 2,main stage,False,False,,,
Conference League,2024/25,2024,Quarter-finals,,Thu,2025-04-17,20:00,eng,Manchester Utd,5,5–4,fr,Lyon,4,73228,Old Trafford,Sandro Schärer,Leg 2 of 2; Manchester Utd won; Required Extra Time,main stage,True,False,,,
Conference League,2024/25,2024,Quarter-finals,,Thu,2025-04-17,21:00,es,Athletic Club,2,2–0,sct,Rangers,0,52114,San Mamés,Irfan Peljto,Leg 2 of 2; Athletic Club won,main stage,False,False,,,
Conference League,2024/25,2024,Quarter-finals,,Thu,2025-04-17,21:00,it,Lazio,3,(2) 3–1 (3),no,Bodø/Glimt,1,54873,Stadio Olimpico,Daniel Siebert,Leg 2 of 2; Bodø/Glimt won; Bodø/Glimt won a penalty shoot-out following extra time,main stage,True,True,2 - 3,2,3
Conference League,2024/25,2024,Quarter-finals,,Thu,2025-04-17,21:00,de,Frankfurt,0,0–1,eng,Tottenham,1,57500,Deutsche Bank Park,Davide Massa,Leg 2 of 2; Tottenham won,main stage,False,False,,,
Conference League,2024/25,2024,Semi-finals,,Thu,2025-05-01,20:00,eng,Tottenham,3,3–1,no,Bodø/Glimt,1,61327,Tottenham Hotspur Stadium,Jose Maria Sánchez,Leg 1 of 2,main stage,False,False,,,
Conference League,2024/25,2024,Semi-finals,,Thu,2025-05-01,21:00,es,Athletic Club,0,0–3,eng,Manchester Utd,3,51980,San Mamés,Espen Eskås,Leg 1 of 2,main stage,False,False,,,
Conference League,2024/25,2024,Semi-finals,,Thu,2025-05-08,20:00,eng,Manchester Utd,4,4–1,es,Athletic Club,1,73298,Old Trafford,Daniel Siebert,Leg 2 of 2; Manchester Utd won,main stage,False,False,,,
Conference League,2024/25,2024,Semi-finals,,Thu,2025-05-08,21:00,no,Bodø/Glimt,0,0–2,eng,Tottenham,2,8030,Aspmyra Stadion,Maurizio Mariani,Leg 2 of 2; Tottenham won,main stage,False,False,,,
Conference League,2024/25,2024,Final,,Wed,2025-05-21,21:00,eng,Tottenham,1,1–0,eng,Manchester Utd,0,49924,San Mamés (Neutral Site),Felix Zwayer,,main stage,,,,,
Conference League,2024/25,2024,First qualifying round,,Thu,2024-07-11,19:00,sk,Ružomberok,5,5–2,kz,FC Tobol,2,3025,Futbalový Štadión MFK Ružomberok,Kyriakos Athanasiou,Leg 1 of 2,qualification,False,False,,,
Conference League,2024/25,2024,First qualifying round,,Thu,2024-07-11,19:00,hu,Paks,0,0–4,ro,Corvinul,4,4182,Paksi FC Stadion,Mohammad Aslam,Leg 1 of 2,qualification,False,False,,,
Conference League,2024/25,2024,First qualifying round,,Thu,2024-07-11,19:00,se,Elfsborg,3,3–0,cy,Pafos FC,0,5011,Borås Arena,Dmytro Panchyshyn,Leg 1 of 2,qualification,False,False,,,
Conference League,2024/25,2024,First qualifying round,,Thu,2024-07-11,20:00,md,Sheriff Tiraspol,0,0–1,az,Zira,1,3594,Bolshaya Sportivnaya Arena,Alessandro Dudic,Leg 1 of 2,qualification,False,False,,,
Conference League,2024/25,2024,First qualifying round,,Thu,2024-07-11,20:30,pl,Wisła Kraków,2,2–0,xk,KF Llapi,0,24403,Stadion Miejski im. Henryka Reymana,Marc Nagtegaal,Leg 1 of 2,qualification,False,False,,,
Conference League,2024/25,2024,First qualifying round,,Thu,2024-07-11,21:00,bg,Botev Plovdiv,2,2–1,si,NK Maribor,1,16318,Stadion Hristo Botev,David Dickinson,Leg 1 of 2,qualification,False,False,,,
Conference League,2024/25,2024,First qualifying round,,Thu,2024-07-18,16:30,xk,KF Llapi,1,1–2,pl,Wisła Kraków,2,,Stadiumi i Qytetit,Trustin Farrugia Cann,Leg 2 of 2; Wisła Kraków won,qualification,False,False,,,
Conference League,2024/25,2024,First qualifying round,,Thu,2024-07-18,19:00,cy,Pafos FC,2,2–5,se,Elfsborg,5,3952,Alphamega Stadium,Gal Leibovitz,Leg 2 of 2; Elfsborg won,qualification,False,False,,,
Conference League,2024/25,2024,First qualifying round,,Thu,2024-07-18,20:00,az,Zira,1,(4) 1–2 (5),md,Sheriff Tiraspol,2,4700,Liv Bona Dea Arena,Bulat Sariyev,Leg 2 of 2; Sheriff Tiraspol won; Sheriff Tiraspol won a penalty shoot-out following extra time,qualification,True,True,4 - 5,4,5
Conference League,2024/25,2024,First qualifying round,,Thu,2024-07-18,20:15,si,NK Maribor,2,2–2,bg,Botev Plovdiv,2,8124,Ljudski Vrt,Vitalii Romanov,Leg 2 of 2; Botev Plovdiv won,qualification,False,False,,,
Conference League,2024/25,2024,First qualifying round,,Thu,2024-07-18,21:00,kz,FC Tobol,1,1–0,sk,Ružomberok,0,6830,Qazhymuqan Muńaıtpasov Ortalyq Stadıon,Mikkel Redder,Leg 2 of 2; Ružomberok won,qualification,False,False,,,
Conference League,2024/25,2024,First qualifying round,,Thu,2024-07-18,21:00,ro,Corvinul,0,0–2,hu,Paks,2,8582,Stadionul Municipal,Peter Kráľovič,Leg 2 of 2; Corvinul won,qualification,False,False,,,
Conference League,2024/25,2024,Second qualifying round,,Thu,2024-07-25,18:00,pl,Wisła Kraków,1,1–2,at,Rapid Wien,2,30542,Stadion Miejski im. Henryka Reymana,Mohammed Al-Emara,Leg 1 of 2,qualification,False,False,,,
Conference League,2024/25,2024,Second qualifying round,,Thu,2024-07-25,18:30,sk,Ružomberok,0,0–2,tr,Trabzonspor,2,4544,Futbalový Štadión MFK Ružomberok,Bastian Dankert,Leg 1 of 2,qualification,False,False,,,
Conference League,2024/25,2024,Second qualifying round,,Thu,2024-07-25,19:00,no,Molde,3,3–1,dk,Silkeborg,1,3900,Aker Stadion,Adam Ladebäck,Leg 1 of 2,qualification,False,False,,,
Conference League,2024/25,2024,Second qualifying round,,Thu,2024-07-25,19:30,sct,Kilmarnock,1,1–1,be,Cercle Brugge,1,10410,BBSP Stadium Rugby Park,Martin Dohál,Leg 1 of 2,qualification,False,False,,,
Conference League,2024/25,2024,Second qualifying round,,Thu,2024-07-25,20:00,md,Sheriff Tiraspol,0,0–1,se,Elfsborg,1,3751,Bolshaya Sportivnaya Arena,Marek Radina,Leg 1 of 2,qualification,False,False,,,
Conference League,2024/25,2024,Second qualifying round,,Thu,2024-07-25,20:30,nl,Ajax,1,1–0,rs,Vojvodina,0,53590,Johan Cruijff Arena,César Soto,Leg 1 of 2,qualification,False,False,,,
Conference League,2024/25,2024,Second qualifying round,,Thu,2024-07-25,20:30,pt,Braga,2,2–0,il,M. Petah Tikva,0,14891,Estádio Municipal de Braga,Luca Pairetto,Leg 1 of 2,qualification,False,False,,,
Conference League,2024/25,2024,Second qualifying round,,Thu,2024-07-25,21:00,gr,Panathinaikos,2,2–1,bg,Botev Plovdiv,1,11236,Olympiako Stadio Spyros Louis,David Fuxman,Leg 1 of 2,qualification,False,False,,,
Conference League,2024/25,2024,Second qualifying round,,Thu,2024-07-25,21:00,ro,Corvinul,0,0–0,hr,Rijeka,0,7432,Stadionul Municipal,Philip Farrugia,Leg 1 of 2,qualification,False,False,,,
Conference League,2024/25,2024,Second qualifying round,,Thu,2024-08-01,19:00,se,Elfsborg,2,2–0,md,Sheriff Tiraspol,0,5414,Borås Arena,Luís Godinho,Leg 2 of 2; Elfsborg won,qualification,False,False,,,
Conference League,2024/25,2024,Second qualifying round,,Thu,2024-08-01,19:15,dk,Silkeborg,3,3–2,no,Molde,2,4731,JYSK Park,Luka Bilbija,Leg 2 of 2; Molde won,qualification,False,False,,,
Conference League,2024/25,2024,Second qualifying round,,Thu,2024-08-01,20:00,rs,Vojvodina,1,1–3,nl,Ajax,3,4412,TSC Arena,Arda Kardeşler,Leg 2 of 2; Ajax won,qualification,False,False,,,
Conference League,2024/25,2024,Second qualifying round,,Thu,2024-08-01,20:00,hr,Rijeka,1,1–0,ro,Corvinul,0,4683,Stadion HNK Rijeka,Sivert Øksnes Amland,Leg 2 of 2; Rijeka won,qualification,False,False,,,
Conference League,2024/25,2024,Second qualifying round,,Thu,2024-08-01,20:00,be,Cercle Brugge,1,1–0,sct,Kilmarnock,0,10230,Jan Breydelstadion,Ante Čulina,Leg 2 of 2; Cercle Brugge won,qualification,False,False,,,
Conference League,2024/25,2024,Second qualifying round,,Thu,2024-08-01,20:30,at,Rapid Wien,6,6–1,pl,Wisła Kraków,1,19600,Gerhard-Hanappi-Stadion,Michael Oliver,Leg 2 of 2; Rapid Wien won,qualification,False,False,,,
Conference League,2024/25,2024,Second qualifying round,,Thu,2024-08-01,20:30,il,M. Petah Tikva,0,0–5,pt,Braga,5,211,Stadion Georgi Asparuhov,Evangelos Manouchos,Leg 2 of 2; Braga won,qualification,False,False,,,
Conference League,2024/25,2024,Second qualifying round,,Thu,2024-08-01,20:30,tr,Trabzonspor,1,1–0,sk,Ružomberok,0,26220,Papara Park Stadyumu,Nenad Minaković,Leg 2 of 2; Trabzonspor won,qualification,False,False,,,
Conference League,2024/25,2024,Second qualifying round,,Thu,2024-08-01,21:00,bg,Botev Plovdiv,0,0–4,gr,Panathinaikos,4,17076,Stadion Hristo Botev,Daniel Schlager,Leg 2 of 2; Panathinaikos won,qualification,False,False,,,
Conference League,2024/25,2024,Third qualifying round,,Tue,2024-08-06,19:30,lt,FK Panevėžys,1,1–2,il,Maccabi Tel Aviv,2,6272,FK „Žalgiris“ Namų Stadionas,Əliyar Ağayev,Leg 1 of 2,qualification,False,False,,,
Conference League,2024/25,2024,Third qualifying round,,Tue,2024-08-06,20:00,md,Petrocub,1,1–0,wls,The New Saints,0,1312,Stadionul Zimbru,Mohammed Al Hakim,Leg 1 of 2,qualification,False,False,,,
Conference League,2024/25,2024,Third qualifying round,,Thu,2024-08-08,18:00,fo,KÍ Klaksvík,2,2–1,ba,B. Banja Luka,1,1301,Tórsvøllur,Marek Radina,Leg 1 of 2,qualification,False,False,,,
Conference League,2024/25,2024,Third qualifying round,,Thu,2024-08-08,19:00,no,Molde,3,3–0,be,Cercle Brugge,0,4200,Aker Stadion,Luís Godinho,Leg 1 of 2,qualification,False,False,,,
Conference League,2024/25,2024,Third qualifying round,,Thu,2024-08-08,20:00,hr,Rijeka,1,1–1,se,Elfsborg,1,4867,Stadion HNK Rijeka,Tasos Sidiropoulos,Leg 1 of 2,qualification,False,False,,,
Conference League,2024/25,2024,Third qualifying round,,Thu,2024-08-08,20:00,tr,Trabzonspor,0,0–1,at,Rapid Wien,1,33476,Papara Park Stadyumu,Kristo Tohver,Leg 1 of 2,qualification,False,False,,,
Conference League,2024/25,2024,Third qualifying round,,Thu,2024-08-08,20:00,rs,Partizan,0,0–1,ch,Lugano,1,3163,Stadion Partizana,Sander van der Eijk,Leg 1 of 2,qualification,False,False,,,
Conference League,2024/25,2024,Third qualifying round,,Thu,2024-08-08,20:00,ad,Santa Coloma,0,0–2,lv,RFS,2,369,Estadi Nacional,Igal Frid,Leg 1 of 2,qualification,False,False,,,
Conference League,2024/25,2024,Third qualifying round,,Thu,2024-08-08,20:15,si,NK Celje,1,1–0,ie,Shamrock,0,2478,Stadion Z'dežele,Damian Sylwestrzak,Leg 1 of 2,qualification,False,False,,,
Conference League,2024/25,2024,Third qualifying round,,Thu,2024-08-08,20:30,pt,Braga,0,0–0,ch,Servette FC,0,16603,Estádio Municipal de Braga,Giorgi Kruashvili,Leg 1 of 2,qualification,False,False,,,
Conference League,2024/25,2024,Third qualifying round,,Thu,2024-08-08,20:45,by,Dinamo Minsk,2,2–0,gi,Lincoln FC,0,20,Városi Stadion,Nenad Minaković,Leg 1 of 2,qualification,False,False,,,
Conference League,2024/25,2024,Third qualifying round,,Thu,2024-08-08,21:00,ua,Kryvbas,1,1–2,cz,Viktoria Plzeň,2,1800,Košická Futbalová Aréna,Sebastian Gishamer,Leg 1 of 2,qualification,False,False,,,
Conference League,2024/25,2024,Third qualifying round,,Thu,2024-08-08,21:00,gr,Panathinaikos,0,0–1,nl,Ajax,1,24452,Olympiako Stadio Spyros Louis,Filip Glova,Leg 1 of 2,qualification,False,False,,,
Conference League,2024/25,2024,Third qualifying round,,Tue,2024-08-13,18:30,wls,The New Saints,0,0–0,md,Petrocub,0,851,Park Hall Stadium,Robert Jones,Leg 2 of 2; Petrocub won,qualification,False,False,,,
Conference League,2024/25,2024,Third qualifying round,,Wed,2024-08-14,19:00,lv,RFS,7,7–0,ad,Santa Coloma,0,1614,LNK Sporta Parks,Juxhin Xhaja,Leg 2 of 2; RFS won,qualification,False,False,,,
Conference League,2024/25,2024,Third qualifying round,,Thu,2024-08-15,18:00,at,Rapid Wien,2,2–0,tr,Trabzonspor,0,22500,Allianz Stadion,Manfredas Lukjančukas,Leg 2 of 2; Rapid Wien won,qualification,False,False,,,
Conference League,2024/25,2024,Third qualifying round,,Thu,2024-08-15,18:00,gi,Lincoln FC,2,2–1,by,Dinamo Minsk,1,587,Europa Point Stadium,Anastasios Papapetrou,Leg 2 of 2; Dinamo Minsk won,qualification,False,False,,,
Conference League,2024/25,2024,Third qualifying round,,Thu,2024-08-15,19:00,cz,Viktoria Plzeň,1,1–0,ua,Kryvbas,0,10657,Doosan Arena,Horațiu Fesnic,Leg 2 of 2; Viktoria Plzeň won,qualification,False,False,,,
Conference League,2024/25,2024,Third qualifying round,,Thu,2024-08-15,19:00,se,Elfsborg,2,2–0,hr,Rijeka,0,6035,Borås Arena,Andris Treimanis,Leg 2 of 2; Elfsborg won,qualification,False,False,,,
Conference League,2024/25,2024,Third qualifying round,,Thu,2024-08-15,20:00,be,Cercle Brugge,1,1–0,no,Molde,0,4504,Jan Breydelstadion,Balázs Berke,Leg 2 of 2; Molde won,qualification,False,False,,,
Conference League,2024/25,2024,Third qualifying round,,Thu,2024-08-15,20:00,ie,Shamrock,3,3–1,si,NK Celje,1,6153,Tallaght Stadium,Ovidiu Hațegan,Leg 2 of 2; Shamrock won; Required Extra Time,qualification,True,False,,,
Conference League,2024/25,2024,Third qualifying round,,Thu,2024-08-15,20:15,nl,Ajax,0,(13) 0–1 (12),gr,Panathinaikos,1,54089,Johan Cruijff Arena,Chris Kavanagh,Leg 2 of 2; Ajax won; Ajax won a penalty shoot-out following extra time,qualification,True,True,13 - 12,13,12
Conference League,2024/25,2024,Third qualifying round,,Thu,2024-08-15,20:30,ch,Servette FC,1,1–2,pt,Braga,2,15179,Stade de Genève,Igor Pajač,Leg 2 of 2; Braga won,qualification,False,False,,,
Conference League,2024/25,2024,Third qualifying round,,Thu,2024-08-15,20:30,il,Maccabi Tel Aviv,3,3–0,lt,FK Panevėžys,0,34,Haladás Stadion,Nick Walsh,Leg 2 of 2; Maccabi Tel Aviv won,qualification,False,False,,,
Conference League,2024/25,2024,Third qualifying round,,Thu,2024-08-15,20:30,ch,Lugano,2,2–2,rs,Partizan,2,2268,Stockhorn Arena,Ricardo de Burgos,Leg 2 of 2; Lugano won; Required Extra Time,qualification,True,False,,,
Conference League,2024/25,2024,Third qualifying round,,Thu,2024-08-15,21:00,ba,B. Banja Luka,3,3–1,fo,KÍ Klaksvík,1,5800,Gradski Stadion,Georgi Kabakov,Leg 2 of 2; B. Banja Luka won; Required Extra Time,qualification,True,False,,,
Conference League,2024/25,2024,Play-off round,,Thu,2024-08-22,19:00,cz,Viktoria Plzeň,1,1–0,sct,Hearts,0,10506,Doosan Arena,Sven Jablonski,Leg 1 of 2,qualification,False,False,,,
Conference League,2024/25,2024,Play-off round,,Thu,2024-08-22,19:00,at,LASK,1,1–1,ro,FCSB,1,10650,Raiffeisen Arena,Allard Lindhout,Leg 1 of 2,qualification,False,False,,,
Conference League,2024/25,2024,Play-off round,,Thu,2024-08-22,19:00,no,Molde,0,0–1,se,Elfsborg,1,4115,Aker Stadion,István Kovács,Leg 1 of 2,qualification,False,False,,,
Conference League,2024/25,2024,Play-off round,,Thu,2024-08-22,20:00,lv,RFS,2,2–1,cy,APOEL FC,1,1678,LNK Sporta Parks,Əliyar Ağayev,Leg 1 of 2,qualification,False,False,,,
Conference League,2024/25,2024,Play-off round,,Thu,2024-08-22,20:00,il,Maccabi Tel Aviv,3,3–0,rs,TSC,0,270,Haladás Stadion,Sebastian Gishamer,Leg 1 of 2,qualification,False,False,,,
Conference League,2024/25,2024,Play-off round,,Thu,2024-08-22,20:30,pt,Braga,2,2–1,at,Rapid Wien,1,15868,Estádio Municipal de Braga,Mykola Balakin,Leg 1 of 2,qualification,False,False,,,
Conference League,2024/25,2024,Play-off round,,Thu,2024-08-22,20:30,ch,Lugano,3,3–3,tr,Beşiktaş,3,5270,Stockhorn Arena,Morten Krogh,Leg 1 of 2,qualification,False,False,,,
Conference League,2024/25,2024,Play-off round,,Thu,2024-08-22,20:30,gr,PAOK,4,4–0,ie,Shamrock,0,13871,Stadio Toumbas,Enea Jorgji,Leg 1 of 2,qualification,False,False,,,
Conference League,2024/25,2024,Play-off round,,Thu,2024-08-22,20:45,by,Dinamo Minsk,0,0–1,be,Anderlecht,1,4183,Városi Stadion,Rohit Saggi,Leg 1 of 2,qualification,False,False,,,
Conference League,2024/25,2024,Play-off round,,Thu,2024-08-22,20:45,pl,Jagiellonia,1,1–4,nl,Ajax,4,19553,Chorten Arena,Rade Obrenović,Leg 1 of 2,qualification,False,False,,,
Conference League,2024/25,2024,Play-off round,,Thu,2024-08-22,21:00,hu,Ferencváros,0,0–0,ba,B. Banja Luka,0,13167,Groupama Arena,Nick Walsh,Leg 1 of 2,qualification,False,False,,,
Conference League,2024/25,2024,Play-off round,,Thu,2024-08-22,21:00,bg,Ludogorets,4,4–0,md,Petrocub,0,3965,Huvepharma Arena,Anastasios Papapetrou,Leg 1 of 2,qualification,False,False,,,
Conference League,2024/25,2024,Play-off round,,Thu,2024-08-29,19:00,se,Elfsborg,0,(4) 0–1 (2),no,Molde,1,7619,Borås Arena,Harm Osmers,Leg 2 of 2; Elfsborg won; Elfsborg won a penalty shoot-out following extra time,qualification,True,True,4 - 2,4,2
Conference League,2024/25,2024,Play-off round,,Thu,2024-08-29,19:45,sct,Hearts,0,0–1,cz,Viktoria Plzeň,1,18164,Tynecastle Park,Georgi Kabakov,Leg 2 of 2; Viktoria Plzeň won,qualification,False,False,,,
Conference League,2024/25,2024,Play-off round,,Thu,2024-08-29,20:00,ie,Shamrock,0,0–2,gr,PAOK,2,5079,Tallaght Stadium,Donatas Rumšas,Leg 2 of 2; PAOK won,qualification,False,False,,,
Conference League,2024/25,2024,Play-off round,,Thu,2024-08-29,20:00,md,Petrocub,1,1–2,bg,Ludogorets,2,4576,Stadionul Zimbru,Sascha Stegemann,Leg 2 of 2; Ludogorets won,qualification,False,False,,,
Conference League,2024/25,2024,Play-off round,,Thu,2024-08-29,20:00,cy,APOEL FC,2,(2) 2–1 (4),lv,RFS,1,12988,Stadio GSP (1902),Matej Jug,Leg 2 of 2; RFS won; RFS won a penalty shoot-out following extra time,qualification,True,True,2 - 4,2,4
Conference League,2024/25,2024,Play-off round,,Thu,2024-08-29,20:00,nl,Ajax,3,3–0,pl,Jagiellonia,0,54010,Johan Cruijff Arena,Maurizio Mariani,Leg 2 of 2; Ajax won,qualification,False,False,,,
Conference League,2024/25,2024,Play-off round,,Thu,2024-08-29,20:00,be,Anderlecht,1,1–0,by,Dinamo Minsk,0,17102,Lotto Park,Nikola Dabanović,Leg 2 of 2; Anderlecht won,qualification,False,False,,,
Conference League,2024/25,2024,Play-off round,,Thu,2024-08-29,21:00,ba,B. Banja Luka,1,(2) 1–1 (3),hu,Ferencváros,1,7833,Gradski Stadion,Erik Lambrechts,Leg 2 of 2; Ferencváros won; Ferencváros won a penalty shoot-out following extra time,qualification,True,True,2 - 3,2,3
Conference League,2024/25,2024,Play-off round,,Thu,2024-08-29,21:00,at,Rapid Wien,2,2–2,pt,Braga,2,21400,Allianz Stadion,Anthony Taylor,Leg 2 of 2; Braga won,qualification,False,False,,,
Conference League,2024/25,2024,Play-off round,,Thu,2024-08-29,21:00,tr,Beşiktaş,5,5–1,ch,Lugano,1,35370,Tüpraş Stadyumu,Radu Petrescu,Leg 2 of 2; Beşiktaş won,qualification,False,False,,,
Conference League,2024/25,2024,Play-off round,,Thu,2024-08-29,21:00,rs,TSC,1,1–5,il,Maccabi Tel Aviv,5,2016,TSC Arena,João Pinheiro,Leg 2 of 2; Maccabi Tel Aviv won,qualification,False,False,,,
Conference League,2024/25,2024,Play-off round,,Thu,2024-08-29,21:30,ro,FCSB,1,1–0,at,LASK,0,21523,Stadionul Steaua,Felix Zwayer,Leg 2 of 2; FCSB won,qualification,False,False,,,
Conference League,2025/26,2025,League phase,1,Wed,2025-09-24,18:45,dk,Midtjylland,2,2–0,at,Sturm Graz,0,8331,MCH Arena,Orel Grinfeeld,,main stage,,,,,
Conference League,2025/26,2025,League phase,1,Wed,2025-09-24,19:45,gr,PAOK,0,0–0,il,Maccabi Tel Aviv,0,19667,Stadio Toumbas,Sven Jablonski,,main stage,,,,,
Conference League,2025/26,2025,League phase,1,Wed,2025-09-24,20:00,pt,Braga,1,1–0,nl,Feyenoord,0,12769,Estádio Municipal de Braga,Nikola Dabanović,,main stage,,,,,
Conference League,2025/26,2025,League phase,1,Wed,2025-09-24,21:00,de,Freiburg,2,2–1,ch,Basel,1,34300,Europa-Park Stadion,Luís Godinho,,main stage,,,,,
Conference League,2025/26,2025,League phase,1,Wed,2025-09-24,21:00,hr,Dinamo Zagreb,3,3–1,tr,Fenerbahçe,1,13926,Stadion Maksimir,Jérôme Brisard,,main stage,,,,,
Conference League,2025/26,2025,League phase,1,Wed,2025-09-24,21:00,se,Malmö,1,1–2,bg,Ludogorets,2,11478,Eleda Stadion,Manfredas Lukjančukas,,main stage,,,,,
Conference League,2025/26,2025,League phase,1,Wed,2025-09-24,21:00,es,Real Betis,2,2–2,eng,Nottingham,2,57257,Estadio La Cartuja de Sevilla,Sascha Stegemann,,main stage,,,,,
Conference League,2025/26,2025,League phase,1,Wed,2025-09-24,21:00,fr,Nice,1,1–2,it,Roma,2,23089,Allianz Riviera,Guillermo Cuadra,,main stage,,,,,
Conference League,2025/26,2025,League phase,1,Wed,2025-09-24,21:00,rs,Red Star,1,1–1,sct,Celtic,1,35721,Stadion Rajko Mitić,Radu Petrescu,,main stage,,,,,
Conference League,2025/26,2025,League phase,1,Thu,2025-09-25,18:45,fr,Lille,2,2–1,no,Brann,1,17529,Decathlon Arena - Stade Pierre-Mauroy,Allard Lindhout,,main stage,,,,,
Conference League,2025/26,2025,League phase,1,Thu,2025-09-25,18:45,nl,Go Ahead Eagles,0,0–1,ro,FCSB,1,9578,De Adelaarshorst,Kristo Tohver,,main stage,,,,,
Conference League,2025/26,2025,League phase,1,Thu,2025-09-25,20:00,eng,Aston Villa,1,1–0,it,Bologna,0,30909,Villa Park,Jesús Gil,,main stage,,,,,
Conference League,2025/26,2025,League phase,1,Thu,2025-09-25,20:00,sct,Rangers,0,0–1,be,Genk,1,37898,Ibrox Stadium,Matej Jug,,main stage,,,,,
Conference League,2025/26,2025,League phase,1,Thu,2025-09-25,21:00,de,Stuttgart,2,2–1,es,Celta Vigo,1,58000,MHPArena,Nick Walsh,,main stage,,,,,
Conference League,2025/26,2025,League phase,1,Thu,2025-09-25,21:00,nl,Utrecht,0,0–1,fr,Lyon,1,22083,Stadion Galgenwaard,Horațiu Fesnic,,main stage,,,,,
Conference League,2025/26,2025,League phase,1,Thu,2025-09-25,21:00,hu,Ferencváros,1,1–1,cz,Viktoria Plzeň,1,16117,Groupama Arena,Sander van der Eijk,,main stage,,,,,
Conference League,2025/26,2025,League phase,1,Thu,2025-09-25,21:00,at,RB Salzburg,0,0–1,pt,Porto,1,9993,Red Bull Arena,Vassilis Fotias,,main stage,,,,,
Conference League,2025/26,2025,League phase,1,Thu,2025-09-25,21:00,ch,Young Boys,1,1–4,gr,Panathinaikos,4,20023,Stadion Wankdorf,Ricardo de Burgos,,main stage,,,,,
Conference League,2025/26,2025,League phase,2,Thu,2025-10-02,17:45,sct,Celtic,0,0–2,pt,Braga,2,46232,Celtic Park,Tobias Stieler,,main stage,,,,,
Conference League,2025/26,2025,League phase,2,Thu,2025-10-02,18:45,no,Brann,1,1–0,nl,Utrecht,0,15366,Brann Stadion,Əliyar Ağayev,,main stage,,,,,
Conference League,2025/26,2025,League phase,2,Thu,2025-10-02,18:45,cz,Viktoria Plzeň,3,3–0,se,Malmö,0,10811,Doosan Arena,Enea Jorgji,,main stage,,,,,
Conference League,2025/26,2025,League phase,2,Thu,2025-10-02,18:45,it,Bologna,1,1–1,de,Freiburg,1,24428,Stadio Renato Dall'Ara,Nenad Minaković,,main stage,,,,,
Conference League,2025/26,2025,League phase,2,Thu,2025-10-02,18:45,it,Roma,0,0–1,fr,Lille,1,61561,Stadio Olimpico,Erik Lambrechts,,main stage,,,,,
Conference League,2025/26,2025,League phase,2,Thu,2025-10-02,19:45,bg,Ludogorets,0,0–2,es,Real Betis,2,5844,Huvepharma Arena,Julian Weinberger,,main stage,,,,,
Conference League,2025/26,2025,League phase,2,Thu,2025-10-02,19:45,ro,FCSB,0,0–2,ch,Young Boys,2,25056,Arena Naţională,Mohammed Al Hakim,,main stage,,,,,
Conference League,2025/26,2025,League phase,2,Thu,2025-10-02,19:45,gr,Panathinaikos,1,1–2,nl,Go Ahead Eagles,2,18808,Olympiako Stadio Spyros Louis,Sebastian Gishamer,,main stage,,,,,
Conference League,2025/26,2025,League phase,2,Thu,2025-10-02,19:45,tr,Fenerbahçe,2,2–1,fr,Nice,1,35523,Ülker Stadyumu Fenerbahçe Şükrü Saracoğl...,Srđan Jovanović,,main stage,,,,,
Conference League,2025/26,2025,League phase,2,Thu,2025-10-02,20:00,pt,Porto,2,2–1,rs,Red Star,1,42812,Estádio do Dragão,Harm Osmers,,main stage,,,,,
Conference League,2025/26,2025,League phase,2,Thu,2025-10-02,20:00,eng,Nottingham,2,2–3,dk,Midtjylland,3,29323,The City Ground,Willy Delajod,,main stage,,,,,
Conference League,2025/26,2025,League phase,2,Thu,2025-10-02,21:00,fr,Lyon,2,2–0,at,RB Salzburg,0,31767,Groupama Stadium,Andris Treimanis,,main stage,,,,,
Conference League,2025/26,2025,League phase,2,Thu,2025-10-02,21:00,ch,Basel,2,2–0,de,Stuttgart,0,33650,St. Jakob-Park,Davide Massa,,main stage,,,,,
Conference League,2025/26,2025,League phase,2,Thu,2025-10-02,21:00,il,Maccabi Tel Aviv,1,1–3,hr,Dinamo Zagreb,3,255,TSC Arena,António Nobre,,main stage,,,,,
Conference League,2025/26,2025,League phase,2,Thu,2025-10-02,21:00,be,Genk,0,0–1,hu,Ferencváros,1,10630,Cegeka Arena,Tasos Sidiropoulos,,main stage,,,,,
Conference League,2025/26,2025,League phase,2,Thu,2025-10-02,21:00,at,Sturm Graz,2,2–1,sct,Rangers,1,15532,Merkur Arena,Halil Umut Meler,,main stage,,,,,
Conference League,2025/26,2025,League phase,2,Thu,2025-10-02,21:00,nl,Feyenoord,0,0–2,eng,Aston Villa,2,42634,Stadion Feijenoord,Rade Obrenović,,main stage,,,,,
Conference League,2025/26,2025,League phase,2,Thu,2025-10-02,21:00,es,Celta Vigo,3,3–1,gr,PAOK,1,20849,Estadio Abanca Balaídos,Igor Pajač,,main stage,,,,,
Conference League,2025/26,2025,League phase,3,Thu,2025-10-23,17:45,pt,Braga,2,2–0,rs,Red Star,0,10056,Estádio Municipal de Braga,Espen Eskås,,main stage,,,,,
Conference League,2025/26,2025,League phase,3,Thu,2025-10-23,18:45,at,RB Salzburg,2,2–3,hu,Ferencváros,3,8342,Red Bull Arena,Goga Kikacheishvili,,main stage,,,,,
Conference League,2025/26,2025,League phase,3,Thu,2025-10-23,18:45,no,Brann,3,3–0,sct,Rangers,0,15800,Brann Stadion,Vassilis Fotias,,main stage,,,,,
Conference League,2025/26,2025,League phase,3,Thu,2025-10-23,18:45,be,Genk,0,0–0,es,Real Betis,0,16780,Cegeka Arena,Elçin Məsiyev,,main stage,,,,,
Conference League,2025/26,2025,League phase,3,Thu,2025-10-23,18:45,nl,Go Ahead Eagles,2,2–1,eng,Aston Villa,1,9598,De Adelaarshorst,Filip Glova,,main stage,,,,,
Conference League,2025/26,2025,League phase,3,Thu,2025-10-23,18:45,fr,Lyon,2,2–0,ch,Basel,0,35586,Groupama Stadium,Manfredas Lukjančukas,,main stage,,,,,
Conference League,2025/26,2025,League phase,3,Thu,2025-10-23,19:45,tr,Fenerbahçe,1,1–0,de,Stuttgart,0,38891,Ülker Stadyumu Fenerbahçe Şükrü Saracoğl...,Jakob Kehlet,,main stage,,,,,
Conference League,2025/26,2025,League phase,3,Thu,2025-10-23,19:45,ro,FCSB,1,1–2,it,Bologna,2,27643,Arena Naţională,Andris Treimanis,,main stage,,,,,
Conference League,2025/26,2025,League phase,3,Thu,2025-10-23,20:00,eng,Nottingham,2,2–0,pt,Porto,0,29195,The City Ground,Radu Petrescu,,main stage,,,,,
Conference League,2025/26,2025,League phase,3,Thu,2025-10-23,20:00,sct,Celtic,2,2–1,at,Sturm Graz,1,48278,Celtic Park,Juan Martínez,,main stage,,,,,
Conference League,2025/26,2025,League phase,3,Thu,2025-10-23,21:00,se,Malmö,1,1–1,hr,Dinamo Zagreb,1,14212,Eleda Stadion,Willy Delajod,,main stage,,,,,
Conference League,2025/26,2025,League phase,3,Thu,2025-10-23,21:00,il,Maccabi Tel Aviv,0,0–3,dk,Midtjylland,3,487,TSC Arena,Georgi Kabakov,,main stage,,,,,
Conference League,2025/26,2025,League phase,3,Thu,2025-10-23,21:00,es,Celta Vigo,2,2–1,fr,Nice,1,20631,Estadio Abanca Balaídos,Sander van der Eijk,,main stage,,,,,
Conference League,2025/26,2025,League phase,3,Thu,2025-10-23,21:00,de,Freiburg,2,2–0,nl,Utrecht,0,34195,Europa-Park Stadion,Rohit Saggi,,main stage,,,,,
Conference League,2025/26,2025,League phase,3,Thu,2025-10-23,21:00,ch,Young Boys,3,3–2,bg,Ludogorets,2,17526,Stadion Wankdorf,Mohammad Al Emara,,main stage,,,,,
Conference League,2025/26,2025,League phase,3,Thu,2025-10-23,21:00,nl,Feyenoord,3,3–1,gr,Panathinaikos,1,37169,Stadion Feijenoord,Harm Osmers,,main stage,,,,,
Conference League,2025/26,2025,League phase,3,Thu,2025-10-23,21:00,it,Roma,1,1–2,cz,Viktoria Plzeň,2,52263,Stadio Olimpico,Halil Umut Meler,,main stage,,,,,
Conference League,2025/26,2025,League phase,3,Thu,2025-10-23,21:00,fr,Lille,3,3–4,gr,PAOK,4,23666,Decathlon Arena - Stade Pierre-Mauroy,Nikola Dabanović,,main stage,,,,,
Conference League,2025/26,2025,League phase,4,Thu,2025-11-06,18:45,hr,Dinamo Zagreb,0,0–3,es,Celta Vigo,3,19431,Stadion Maksimir,Anastasios Papapetrou,,main stage,,,,,
Conference League,2025/26,2025,League phase,4,Thu,2025-11-06,18:45,fr,Nice,1,1–3,de,Freiburg,3,15274,Allianz Riviera,Tasos Sidiropoulos,,main stage,,,,,
Conference League,2025/26,2025,League phase,4,Thu,2025-11-06,18:45,rs,Red Star,1,1–0,fr,Lille,0,32711,Stadion Rajko Mitić,John Brooks,,main stage,,,,,
Conference League,2025/26,2025,League phase,4,Thu,2025-11-06,18:45,nl,Utrecht,1,1–1,pt,Porto,1,23053,Stadion Galgenwaard,John Beaton,,main stage,,,,,
Conference League,2025/26,2025,League phase,4,Thu,2025-11-06,18:45,at,RB Salzburg,2,2–0,nl,Go Ahead Eagles,0,10852,Red Bull Arena,Giorgi Kruashvili,,main stage,,,,,
Conference League,2025/26,2025,League phase,4,Thu,2025-11-06,18:45,at,Sturm Graz,0,0–0,eng,Nottingham,0,16192,Merkur Arena,Mykola Balakin,,main stage,,,,,
Conference League,2025/26,2025,League phase,4,Thu,2025-11-06,18:45,se,Malmö,0,0–1,gr,Panathinaikos,1,12531,Eleda Stadion,Nick Walsh,,main stage,,,,,
Conference League,2025/26,2025,League phase,4,Thu,2025-11-06,18:45,dk,Midtjylland,3,3–1,sct,Celtic,1,10387,MCH Arena,Nenad Minaković,,main stage,,,,,
Conference League,2025/26,2025,League phase,4,Thu,2025-11-06,18:45,ch,Basel,3,3–1,ro,FCSB,1,21925,St. Jakob-Park,Juxhin Xhaja,,main stage,,,,,
Conference League,2025/26,2025,League phase,4,Thu,2025-11-06,20:00,pt,Braga,3,3–4,be,Genk,4,11265,Estádio Municipal de Braga,Balázs Berke,,main stage,,,,,
Conference League,2025/26,2025,League phase,4,Thu,2025-11-06,20:00,sct,Rangers,0,0–2,it,Roma,2,41847,Ibrox Stadium,Morten Krogh,,main stage,,,,,
Conference League,2025/26,2025,League phase,4,Thu,2025-11-06,20:00,eng,Aston Villa,2,2–0,il,Maccabi Tel Aviv,0,29429,Villa Park,Julian Weinberger,,main stage,,,,,
Conference League,2025/26,2025,League phase,4,Thu,2025-11-06,21:00,cz,Viktoria Plzeň,0,0–0,tr,Fenerbahçe,0,11090,Doosan Arena,Allard Lindhout,,main stage,,,,,
Conference League,2025/26,2025,League phase,4,Thu,2025-11-06,21:00,it,Bologna,0,0–0,no,Brann,0,22508,Stadio Renato Dall'Ara,Daniel Schlager,,main stage,,,,,
Conference League,2025/26,2025,League phase,4,Thu,2025-11-06,21:00,hu,Ferencváros,3,3–1,bg,Ludogorets,1,18789,Groupama Arena,Mohammed Al Hakim,,main stage,,,,,
Conference League,2025/26,2025,League phase,4,Thu,2025-11-06,21:00,de,Stuttgart,2,2–0,nl,Feyenoord,0,60000,MHPArena,Horațiu Feșnic,,main stage,,,,,
Conference League,2025/26,2025,League phase,4,Thu,2025-11-06,21:00,es,Real Betis,2,2–0,fr,Lyon,0,55836,Estadio La Cartuja de Sevilla,Matej Jug,,main stage,,,,,
Conference League,2025/26,2025,League phase,4,Thu,2025-11-06,22:00,gr,PAOK,4,4–0,ch,Young Boys,0,21608,Stadio Toumbas,Srđan Jovanović,,main stage,,,,,
Conference League,2025/26,2025,League phase,5,Thu,2025-11-27,17:45,eng,Aston Villa,2,2–1,ch,Young Boys,1,32158,Villa Park,Georgi Kabakov,,main stage,,,,,
Conference League,2025/26,2025,League phase,5,Thu,2025-11-27,17:45,pt,Porto,3,3–0,fr,Nice,0,37254,Estádio do Dragão,Matej Jug,,main stage,,,,,
Conference League,2025/26,2025,League phase,5,Thu,2025-11-27,18:45,cz,Viktoria Plzeň,0,0–0,de,Freiburg,0,10182,Doosan Arena,Morten Krogh,,main stage,,,,,
Conference League,2025/26,2025,League phase,5,Thu,2025-11-27,18:45,fr,Lille,4,4–0,hr,Dinamo Zagreb,0,22146,Decathlon Arena - Stade Pierre-Mauroy,John Beaton,,main stage,,,,,
Conference League,2025/26,2025,League phase,5,Thu,2025-11-27,18:45,nl,Feyenoord,1,1–3,sct,Celtic,3,31582,Stadion Feijenoord,Sebastian Gishamer,,main stage,,,,,
Conference League,2025/26,2025,League phase,5,Thu,2025-11-27,18:45,it,Roma,2,2–1,dk,Midtjylland,1,61653,Stadio Olimpico,Nikola Dabanović,,main stage,,,,,
Conference League,2025/26,2025,League phase,5,Thu,2025-11-27,19:45,bg,Ludogorets,3,3–2,es,Celta Vigo,2,4779,Huvepharma Arena,Balázs Berke,,main stage,,,,,
Conference League,2025/26,2025,League phase,5,Thu,2025-11-27,19:45,gr,PAOK,1,1–1,no,Brann,1,16005,Stadio Toumbas,Sascha Stegemann,,main stage,,,,,
Conference League,2025/26,2025,League phase,5,Thu,2025-11-27,20:00,eng,Nottingham,3,3–0,se,Malmö,0,28941,The City Ground,Harm Osmers,,main stage,,,,,
Conference League,2025/26,2025,League phase,5,Thu,2025-11-27,20:00,sct,Rangers,1,1–1,pt,Braga,1,38014,Ibrox Stadium,Allard Lindhout,,main stage,,,,,
Conference League,2025/26,2025,League phase,5,Thu,2025-11-27,20:45,tr,Fenerbahçe,1,1–1,hu,Ferencváros,1,37898,Ülker Stadyumu Fenerbahçe Şükrü Saracoğl...,Ricardo de Burgos,,main stage,,,,,
Conference League,2025/26,2025,League phase,5,Thu,2025-11-27,21:00,rs,Red Star,1,1–0,ro,FCSB,0,26054,Stadion Rajko Mitić,Jérôme Brisard,,main stage,,,,,
Conference League,2025/26,2025,League phase,5,Thu,2025-11-27,21:00,it,Bologna,4,4–1,at,RB Salzburg,1,21025,Stadio Renato Dall'Ara,Igor Pajač,,main stage,,,,,
Conference League,2025/26,2025,League phase,5,Thu,2025-11-27,21:00,es,Real Betis,2,2–1,nl,Utrecht,1,46170,Estadio La Cartuja de Sevilla,Nenad Minaković,,main stage,,,,,
Conference League,2025/26,2025,League phase,5,Thu,2025-11-27,21:00,nl,Go Ahead Eagles,0,0–4,de,Stuttgart,4,9448,De Adelaarshorst,Mohammed Al Hakim,,main stage,,,,,
Conference League,2025/26,2025,League phase,5,Thu,2025-11-27,21:00,il,Maccabi Tel Aviv,0,0–6,fr,Lyon,6,320,TSC Arena,Kristo Tohver,,main stage,,,,,
Conference League,2025/26,2025,League phase,5,Thu,2025-11-27,21:00,be,Genk,2,2–1,ch,Basel,1,13104,Cegeka Arena,Orel Grinfeeld,,main stage,,,,,
Conference League,2025/26,2025,League phase,5,Thu,2025-11-27,22:00,gr,Panathinaikos,2,2–1,at,Sturm Graz,1,21013,Olympiako Stadio Spyros Louis,Simone Sozza,,main stage,,,,,
Conference League,2025/26,2025,League phase,6,Thu,2025-12-11,18:45,ch,Young Boys,1,1–0,fr,Lille,0,20168,Stadion Wankdorf,Sander van der Eijk,,main stage,,,,,
Conference League,2025/26,2025,League phase,6,Thu,2025-12-11,18:45,hr,Dinamo Zagreb,1,1–3,es,Real Betis,3,11437,Stadion Maksimir,Goga Kikacheishvili,,main stage,,,,,
Conference League,2025/26,2025,League phase,6,Thu,2025-12-11,18:45,nl,Utrecht,1,1–2,eng,Nottingham,2,22865,Stadion Galgenwaard,Irfan Peljto,,main stage,,,,,
Conference League,2025/26,2025,League phase,6,Thu,2025-12-11,18:45,dk,Midtjylland,1,1–0,be,Genk,0,9820,MCH Arena,Vassilis Fotias,,main stage,,,,,
Conference League,2025/26,2025,League phase,6,Thu,2025-12-11,18:45,de,Stuttgart,4,4–1,il,Maccabi Tel Aviv,1,57000,MHPArena,Marian Barbu,,main stage,,,,,
Conference League,2025/26,2025,League phase,6,Thu,2025-12-11,18:45,fr,Nice,0,0–1,pt,Braga,1,12169,Allianz Riviera,Giorgi Kruashvili,,main stage,,,,,
Conference League,2025/26,2025,League phase,6,Thu,2025-12-11,18:45,at,Sturm Graz,0,0–1,rs,Red Star,1,16077,Merkur Arena,Damian Sylwestrzak,,main stage,,,,,
Conference League,2025/26,2025,League phase,6,Thu,2025-12-11,18:45,hu,Ferencváros,2,2–1,sct,Rangers,1,19567,Groupama Arena,Anastasios Papapetrou,,main stage,,,,,
Conference League,2025/26,2025,League phase,6,Thu,2025-12-11,19:45,bg,Ludogorets,3,3–3,gr,PAOK,3,6433,Huvepharma Arena,Horațiu Feșnic,,main stage,,,,,
Conference League,2025/26,2025,League phase,6,Thu,2025-12-11,20:00,pt,Porto,2,2–1,se,Malmö,1,33364,Estádio do Dragão,Rohit Saggi,,main stage,,,,,
Conference League,2025/26,2025,League phase,6,Thu,2025-12-11,20:00,sct,Celtic,0,0–3,it,Roma,3,56188,Celtic Park,István Kovács,,main stage,,,,,
Conference League,2025/26,2025,League phase,6,Thu,2025-12-11,21:00,fr,Lyon,2,2–1,nl,Go Ahead Eagles,1,26403,Groupama Stadium,Juxhin Xhaja,,main stage,,,,,
Conference League,2025/26,2025,League phase,6,Thu,2025-12-11,21:00,es,Celta Vigo,1,1–2,it,Bologna,2,20302,Estadio Abanca Balaídos,Radu Petrescu,,main stage,,,,,
Conference League,2025/26,2025,League phase,6,Thu,2025-12-11,21:00,ch,Basel,1,1–2,eng,Aston Villa,2,27509,St. Jakob-Park,Halil Umut Meler,,main stage,,,,,
Conference League,2025/26,2025,League phase,6,Thu,2025-12-11,21:00,de,Freiburg,1,1–0,at,RB Salzburg,0,31016,Europa-Park Stadion,Elçin Məsiyev,,main stage,,,,,
Conference League,2025/26,2025,League phase,6,Thu,2025-12-11,21:00,no,Brann,0,0–4,tr,Fenerbahçe,4,15620,Brann Stadion,Willy Delajod,,main stage,,,,,
Conference League,2025/26,2025,League phase,6,Thu,2025-12-11,22:00,gr,Panathinaikos,0,0–0,cz,Viktoria Plzeň,0,17335,Olympiako Stadio Spyros Louis,António Nobre,,main stage,,,,,
Conference League,2025/26,2025,League phase,6,Thu,2025-12-11,22:00,ro,FCSB,4,4–3,nl,Feyenoord,3,22857,Arena Naţională,Mykola Balakin,,main stage,,,,,
Conference League,2025/26,2025,League phase,7,Thu,2026-01-22,18:45,de,Freiburg,1,1–0,il,Maccabi Tel Aviv,0,17956,Europa-Park Stadion,Mohammed Al Hakim,,main stage,,,,,
Conference League,2025/26,2025,League phase,7,Thu,2026-01-22,18:45,se,Malmö,0,0–1,rs,Red Star,1,16852,Eleda Stadion,Sascha Stegemann,,main stage,,,,,
Conference League,2025/26,2025,League phase,7,Thu,2026-01-22,18:45,it,Bologna,2,2–2,sct,Celtic,2,23791,Stadio Renato Dall'Ara,Vassilis Fotias,,main stage,,,,,
Conference League,2025/26,2025,League phase,7,Thu,2026-01-22,18:45,ch,Young Boys,0,0–1,fr,Lyon,1,22746,Stadion Wankdorf,Əliyar Ağayev,,main stage,,,,,
Conference League,2025/26,2025,League phase,7,Thu,2026-01-22,18:45,nl,Feyenoord,3,3–0,at,Sturm Graz,0,33385,Stadion Feijenoord,Halil Umut Meler,,main stage,,,,,
Conference League,2025/26,2025,League phase,7,Thu,2026-01-22,18:45,cz,Viktoria Plzeň,1,1–1,pt,Porto,1,11108,Doosan Arena,Andris Treimanis,,main stage,,,,,
Conference League,2025/26,2025,League phase,7,Thu,2026-01-22,18:45,no,Brann,3,3–3,dk,Midtjylland,3,15385,Brann Stadion,Georgi Kabakov,,main stage,,,,,
Conference League,2025/26,2025,League phase,7,Thu,2026-01-22,19:45,gr,PAOK,2,2–0,es,Real Betis,0,22221,Stadio Toumbas,Simone Sozza,,main stage,,,,,
Conference League,2025/26,2025,League phase,7,Thu,2026-01-22,20:00,sct,Rangers,1,1–0,bg,Ludogorets,0,28738,Ibrox Stadium,Manfredas Lukjančukas,,main stage,,,,,
Conference League,2025/26,2025,League phase,7,Thu,2026-01-22,20:00,pt,Braga,1,1–0,eng,Nottingham,0,12377,Estádio Municipal de Braga,Igor Pajač,,main stage,,,,,
Conference League,2025/26,2025,League phase,7,Thu,2026-01-22,20:45,tr,Fenerbahçe,0,0–1,eng,Aston Villa,1,41414,Ülker Stadyumu Fenerbahçe Şükrü Saracoğl...,Luís Godinho,,main stage,,,,,
Conference League,2025/26,2025,League phase,7,Thu,2026-01-22,21:00,hu,Ferencváros,1,1–1,gr,Panathinaikos,1,17879,Groupama Arena,Mykola Balakin,,main stage,,,,,
Conference League,2025/26,2025,League phase,7,Thu,2026-01-22,21:00,es,Celta Vigo,2,2–1,fr,Lille,1,20015,Estadio Abanca Balaídos,Harm Osmers,,main stage,,,,,
Conference League,2025/26,2025,League phase,7,Thu,2026-01-22,21:00,fr,Nice,3,3–1,nl,Go Ahead Eagles,1,13037,Allianz Riviera,Oleksii Derevinskyi,,main stage,,,,,
Conference League,2025/26,2025,League phase,7,Thu,2026-01-22,21:00,at,RB Salzburg,3,3–1,ch,Basel,1,6741,Red Bull Arena,Anastasios Papapetrou,,main stage,,,,,
Conference League,2025/26,2025,League phase,7,Thu,2026-01-22,21:00,hr,Dinamo Zagreb,4,4–1,ro,FCSB,1,9040,Stadion Maksimir,Sander van der Eijk,,main stage,,,,,
Conference League,2025/26,2025,League phase,7,Thu,2026-01-22,21:00,it,Roma,2,2–0,de,Stuttgart,0,65183,Stadio Olimpico,John Brooks,,main stage,,,,,
Conference League,2025/26,2025,League phase,7,Thu,2026-01-22,21:50,nl,Utrecht,0,0–2,be,Genk,2,21416,Stadion Galgenwaard,Rob Hennessy,,main stage,,,,,
Conference League,2025/26,2025,League phase,8,Thu,2026-01-29,20:00,sct,Celtic,4,4–2,nl,Utrecht,2,55559,Celtic Park,Mohammad Al Emara,,main stage,,,,,
Conference League,2025/26,2025,League phase,8,Thu,2026-01-29,20:00,eng,Aston Villa,3,3–2,at,RB Salzburg,2,37457,Villa Park,Rohit Saggi,,main stage,,,,,
Conference League,2025/26,2025,League phase,8,Thu,2026-01-29,20:00,pt,Porto,3,3–1,sct,Rangers,1,38213,Estádio do Dragão,Jasper Vergoote,,main stage,,,,,
Conference League,2025/26,2025,League phase,8,Thu,2026-01-29,20:00,eng,Nottingham,4,4–0,hu,Ferencváros,0,26304,The City Ground,Sebastian Gishamer,,main stage,,,,,
Conference League,2025/26,2025,League phase,8,Thu,2026-01-29,21:00,be,Genk,2,2–1,se,Malmö,1,11450,Cegeka Arena,Horațiu Feșnic,,main stage,,,,,
Conference League,2025/26,2025,League phase,8,Thu,2026-01-29,21:00,fr,Lyon,4,4–2,gr,PAOK,2,26149,Groupama Stadium,Ricardo de Burgos,,main stage,,,,,
Conference League,2025/26,2025,League phase,8,Thu,2026-01-29,21:00,il,Maccabi Tel Aviv,0,0–3,it,Bologna,3,81,TSC Arena,Goga Kikacheishvili,,main stage,,,,,
Conference League,2025/26,2025,League phase,8,Thu,2026-01-29,21:00,ch,Basel,0,0–1,cz,Viktoria Plzeň,1,20454,St. Jakob-Park,Giorgi Kruashvili,,main stage,,,,,
Conference League,2025/26,2025,League phase,8,Thu,2026-01-29,21:00,de,Stuttgart,3,3–2,ch,Young Boys,2,57000,MHPArena,Javier Alberola,,main stage,,,,,
Conference League,2025/26,2025,League phase,8,Thu,2026-01-29,21:00,dk,Midtjylland,2,2–0,hr,Dinamo Zagreb,0,8297,MCH Arena,Elçin Məsiyev,,main stage,,,,,
Conference League,2025/26,2025,League phase,8,Thu,2026-01-29,21:00,es,Real Betis,2,2–1,nl,Feyenoord,1,42688,Estadio La Cartuja de Sevilla,Nikola Dabanović,,main stage,,,,,
Conference League,2025/26,2025,League phase,8,Thu,2026-01-29,21:00,fr,Lille,1,1–0,de,Freiburg,0,22583,Decathlon Arena - Stade Pierre-Mauroy,Damian Sylwestrzak,,main stage,,,,,
Conference League,2025/26,2025,League phase,8,Thu,2026-01-29,21:00,nl,Go Ahead Eagles,0,0–0,pt,Braga,0,9480,De Adelaarshorst,Willy Delajod,,main stage,,,,,
Conference League,2025/26,2025,League phase,8,Thu,2026-01-29,21:00,rs,Red Star,1,1–1,es,Celta Vigo,1,39116,Stadion Rajko Mitić,Andrea Colombo,,main stage,,,,,
Conference League,2025/26,2025,League phase,8,Thu,2026-01-29,21:00,at,Sturm Graz,1,1–0,no,Brann,0,19752,Merkur Arena,Juxhin Xhaja,,main stage,,,,,
Conference League,2025/26,2025,League phase,8,Thu,2026-01-29,22:00,bg,Ludogorets,1,1–0,fr,Nice,0,4792,Huvepharma Arena,Ondřej Berka,,main stage,,,,,
Conference League,2025/26,2025,League phase,8,Thu,2026-01-29,22:00,gr,Panathinaikos,1,1–1,it,Roma,1,27432,Olympiako Stadio Spyros Louis,Juan Martínez,,main stage,,,,,
Conference League,2025/26,2025,League phase,8,Thu,2026-01-29,22:00,ro,FCSB,1,1–1,tr,Fenerbahçe,1,27752,Arena Naţională,Nenad Minaković,,main stage,,,,,
Conference League,2025/26,2025,Knockout phase play-offs,,Thu,2026-02-19,18:45,hr,Dinamo Zagreb,1,1–3,be,Genk,3,10554,Stadion Maksimir,Halil Umut Meler,Leg 1 of 2,main stage,False,False,,,
Conference League,2025/26,2025,Knockout phase play-offs,,Thu,2026-02-19,18:45,no,Brann,0,0–1,it,Bologna,1,15680,Brann Stadion,Rade Obrenović,Leg 1 of 2,main stage,False,False,,,
Conference League,2025/26,2025,Knockout phase play-offs,,Thu,2026-02-19,19:45,gr,PAOK,1,1–2,es,Celta Vigo,2,20448,Stadio Toumbas,Ivan Kružliak,Leg 1 of 2,main stage,False,False,,,
Conference League,2025/26,2025,Knockout phase play-offs,,Thu,2026-02-19,20:00,sct,Celtic,1,1–4,de,Stuttgart,4,52901,Celtic Park,Erik Lambrechts,Leg 1 of 2,main stage,False,False,,,
Conference League,2025/26,2025,Knockout phase play-offs,,Thu,2026-02-19,20:45,tr,Fenerbahçe,0,0–3,eng,Nottingham,3,39840,Ülker Stadyumu Fenerbahçe Şükrü Saracoğl...,Sandro Schärer,Leg 1 of 2,main stage,False,False,,,
Conference League,2025/26,2025,Knockout phase play-offs,,Thu,2026-02-19,21:00,fr,Lille,0,0–1,rs,Red Star,1,22087,Decathlon Arena - Stade Pierre-Mauroy,Sven Jablonski,Leg 1 of 2,main stage,False,False,,,
Conference League,2025/26,2025,Knockout phase play-offs,,Thu,2026-02-19,22:00,gr,Panathinaikos,2,2–2,cz,Viktoria Plzeň,2,20227,Olympiako Stadio Spyros Louis,Nick Walsh,Leg 1 of 2,main stage,False,False,,,
Conference League,2025/26,2025,Knockout phase play-offs,,Thu,2026-02-19,22:00,bg,Ludogorets,2,2–1,hu,Ferencváros,1,3145,Huvepharma Arena,Tobias Stieler,Leg 1 of 2,main stage,False,False,,,
Conference League,2025/26,2025,Knockout phase play-offs,,Thu,2026-02-26,18:45,cz,Viktoria Plzeň,1,(3) 1–1 (4),gr,Panathinaikos,1,11244,Doosan Arena,Donatas Rumšas,Leg 2 of 2; Panathinaikos won; Panathinaikos won a penalty shoot-out following extra time,main stage,True,True,3 - 4,3,4
Conference League,2025/26,2025,Knockout phase play-offs,,Thu,2026-02-26,18:45,rs,Red Star,0,0–2,fr,Lille,2,46477,Stadion Rajko Mitić,Anthony Taylor,Leg 2 of 2; Lille won; Required Extra Time,main stage,True,False,,,
Conference League,2025/26,2025,Knockout phase play-offs,,Thu,2026-02-26,18:45,hu,Ferencváros,2,2–0,bg,Ludogorets,0,17989,Groupama Arena,Chris Kavanagh,Leg 2 of 2; Ferencváros won,main stage,False,False,,,
Conference League,2025/26,2025,Knockout phase play-offs,,Thu,2026-02-26,18:45,de,Stuttgart,0,0–1,sct,Celtic,1,58500,MHPArena,Irfan Peljto,Leg 2 of 2; Stuttgart won,main stage,False,False,,,
Conference League,2025/26,2025,Knockout phase play-offs,,Thu,2026-02-26,20:00,eng,Nottingham,1,1–2,tr,Fenerbahçe,2,26883,The City Ground,Maurizio Mariani,Leg 2 of 2; Nottingham won,main stage,False,False,,,
Conference League,2025/26,2025,Knockout phase play-offs,,Thu,2026-02-26,21:00,it,Bologna,1,1–0,no,Brann,0,19710,Stadio Renato Dall'Ara,Benoît Bastien,Leg 2 of 2; Bologna won,main stage,False,False,,,
Conference League,2025/26,2025,Knockout phase play-offs,,Thu,2026-02-26,21:00,be,Genk,3,3–3,hr,Dinamo Zagreb,3,11225,Cegeka Arena,Felix Zwayer,Leg 2 of 2; Genk won; Required Extra Time,main stage,True,False,,,
Conference League,2025/26,2025,Knockout phase play-offs,,Thu,2026-02-26,21:00,es,Celta Vigo,1,1–0,gr,PAOK,0,21344,Estadio Abanca Balaídos,Marco Guida,Leg 2 of 2; Celta Vigo won,main stage,False,False,,,
Conference League,2025/26,2025,Round of 16,,Thu,2026-03-12,18:45,fr,Lille,0,0–1,eng,Aston Villa,1,40187,Decathlon Arena - Stade Pierre-Mauroy,Jose Maria Sánchez,Leg 1 of 2,main stage,False,False,,,
Conference League,2025/26,2025,Round of 16,,Thu,2026-03-12,18:45,it,Bologna,1,1–1,it,Roma,1,26277,Stadio Renato Dall'Ara,Sven Jablonski,Leg 1 of 2,main stage,False,False,,,
Conference League,2025/26,2025,Round of 16,,Thu,2026-03-12,18:45,de,Stuttgart,1,1–2,pt,Porto,2,60000,MHPArena,Donatas Rumšas,Leg 1 of 2,main stage,False,False,,,
Conference League,2025/26,2025,Round of 16,,Thu,2026-03-12,19:45,gr,Panathinaikos,1,1–0,es,Real Betis,0,27479,Olympiako Stadio Spyros Louis,Szymon Marciniak,Leg 1 of 2,main stage,False,False,,,
Conference League,2025/26,2025,Round of 16,,Thu,2026-03-12,20:00,eng,Nottingham,0,0–1,dk,Midtjylland,1,29502,The City Ground,Rade Obrenović,Leg 1 of 2,main stage,False,False,,,
Conference League,2025/26,2025,Round of 16,,Thu,2026-03-12,21:00,hu,Ferencváros,2,2–0,pt,Braga,0,19859,Groupama Arena,Nick Walsh,Leg 1 of 2,main stage,False,False,,,
Conference League,2025/26,2025,Round of 16,,Thu,2026-03-12,21:00,es,Celta Vigo,1,1–1,fr,Lyon,1,21673,Estadio Abanca Balaídos,Erik Lambrechts,Leg 1 of 2,main stage,False,False,,,
Conference League,2025/26,2025,Round of 16,,Thu,2026-03-12,21:00,be,Genk,1,1–0,de,Freiburg,0,15550,Cegeka Arena,Chris Kavanagh,Leg 1 of 2,main stage,False,False,,,
Conference League,2025/26,2025,Round of 16,,Wed,2026-03-18,15:30,pt,Braga,4,4–0,hu,Ferencváros,0,15078,Estádio Municipal de Braga,Glenn Nyberg,Leg 2 of 2; Braga won,main stage,False,False,,,
Conference League,2025/26,2025,Round of 16,,Thu,2026-03-19,18:45,dk,Midtjylland,1,(0) 1–2 (3),eng,Nottingham,2,10554,MCH Arena,Felix Zwayer,Leg 2 of 2; Nottingham won; Nottingham won a penalty shoot-out following extra time,main stage,True,True,0 - 3,0,3
Conference League,2025/26,2025,Round of 16,,Thu,2026-03-19,18:45,de,Freiburg,5,5–1,be,Genk,1,33000,Europa-Park Stadion,Michael Oliver,Leg 2 of 2; Freiburg won,main stage,False,False,,,
Conference League,2025/26,2025,Round of 16,,Thu,2026-03-19,18:45,fr,Lyon,0,0–2,es,Celta Vigo,2,41764,Groupama Stadium,Irfan Peljto,Leg 2 of 2; Celta Vigo won,main stage,False,False,,,
Conference League,2025/26,2025,Round of 16,,Thu,2026-03-19,20:00,pt,Porto,2,2–0,de,Stuttgart,0,40675,Estádio do Dragão,Anthony Taylor,Leg 2 of 2; Porto won,main stage,False,False,,,
Conference League,2025/26,2025,Round of 16,,Thu,2026-03-19,20:00,eng,Aston Villa,2,2–0,fr,Lille,0,37583,Villa Park,Davide Massa,Leg 2 of 2; Aston Villa won,main stage,False,False,,,
Conference League,2025/26,2025,Round of 16,,Thu,2026-03-19,21:00,es,Real Betis,4,4–0,gr,Panathinaikos,0,60207,Estadio La Cartuja de Sevilla,Tobias Stieler,Leg 2 of 2; Real Betis won,main stage,False,False,,,
Conference League,2025/26,2025,Round of 16,,Thu,2026-03-19,21:00,it,Roma,3,3–4,it,Bologna,4,63908,Stadio Olimpico,István Kovács,Leg 2 of 2; Bologna won; Required Extra Time,main stage,True,False,,,
Conference League,2025/26,2025,Quarter-finals,,Wed,2026-04-08,17:45,pt,Braga,1,1–1,es,Real Betis,1,20847,Estádio Municipal de Braga,Felix Zwayer,Leg 1 of 2,main stage,False,False,,,
Conference League,2025/26,2025,Quarter-finals,,Thu,2026-04-09,20:00,pt,Porto,1,1–1,eng,Nottingham,1,46479,Estádio do Dragão,Marco Guida,Leg 1 of 2,main stage,False,False,,,
Conference League,2025/26,2025,Quarter-finals,,Thu,2026-04-09,21:00,de,Freiburg,3,3–0,es,Celta Vigo,0,32600,Europa-Park Stadion,Glenn Nyberg,Leg 1 of 2,main stage,False,False,,,
Conference League,2025/26,2025,Quarter-finals,,Thu,2026-04-09,21:00,it,Bologna,1,1–3,eng,Aston Villa,3,31142,Stadio Renato Dall'Ara,Sandro Schärer,Leg 1 of 2,main stage,False,False,,,
Conference League,2025/26,2025,Quarter-finals,,Thu,2026-04-16,18:45,es,Celta Vigo,1,1–3,de,Freiburg,3,21981,Estadio Abanca Balaídos,Anthony Taylor,Leg 2 of 2; Freiburg won,main stage,False,False,,,
Conference League,2025/26,2025,Quarter-finals,,Thu,2026-04-16,20:00,eng,Aston Villa,4,4–0,it,Bologna,0,41662,Villa Park,Jose Maria Sánchez,Leg 2 of 2; Aston Villa won,main stage,False,False,,,
Conference League,2025/26,2025,Quarter-finals,,Thu,2026-04-16,20:00,eng,Nottingham,1,1–0,pt,Porto,0,29560,The City Ground,Danny Makkelie,Leg 2 of 2; Nottingham won,main stage,False,False,,,
Conference League,2025/26,2025,Quarter-finals,,Thu,2026-04-16,21:00,es,Real Betis,2,2–4,pt,Braga,4,66694,Estadio La Cartuja de Sevilla,Davide Massa,Leg 2 of 2; Braga won,main stage,False,False,,,
Conference League,2025/26,2025,Semi-finals,,Thu,2026-04-30,20:00,pt,Braga,2,2–1,de,Freiburg,1,27161,Estádio Municipal de Braga,Anthony Taylor,Leg 1 of 2,main stage,False,False,,,
Conference League,2025/26,2025,Semi-finals,,Thu,2026-04-30,20:00,eng,Nottingham,1,1–0,eng,Aston Villa,0,29790,The City Ground,João Pinheiro,Leg 1 of 2,main stage,False,False,,,
Conference League,2025/26,2025,Semi-finals,,Thu,2026-05-07,20:00,eng,Aston Villa,4,4–0,eng,Nottingham,0,43028,Villa Park,Glenn Nyberg,Leg 2 of 2; Aston Villa won,main stage,False,False,,,
Conference League,2025/26,2025,Semi-finals,,Thu,2026-05-07,21:00,de,Freiburg,3,3–1,pt,Braga,1,33700,Europa-Park Stadion,Davide Massa,Leg 2 of 2; Freiburg won,main stage,False,False,,,
Conference League,2025/26,2025,Final,,Wed,2026-05-20,22:00,de,Freiburg,0,0–3,eng,Aston Villa,3,37324,Tüpraş Stadyumu (Neutral Site),François Letexier,,main stage,,,,,
Conference League,2025/26,2025,First qualifying round,,Thu,2025-07-10,19:00,hu,Paks,0,0–0,ro,CFR Cluj,0,3916,Paksi FC Stadion,Pavle Ilić,Leg 1 of 2,qualification,False,False,,,
Conference League,2025/26,2025,First qualifying round,,Thu,2025-07-10,19:30,cy,AEK Larnaca,1,1–0,rs,Partizan,0,4127,AEK Arena - George Karapatakis,Jakob Karlsen,Leg 1 of 2,qualification,False,False,,,
Conference League,2025/26,2025,First qualifying round,,Thu,2025-07-10,20:00,md,Sheriff Tiraspol,4,4–0,xk,FC Prishtina,0,6223,Bolshaya Sportivnaya Arena,Dario Bel,Leg 1 of 2,qualification,False,False,,,
Conference League,2025/26,2025,First qualifying round,,Thu,2025-07-10,20:00,ua,Shakhtar D.,6,6–0,fi,Ilves,0,650,Stadion Stožice,Marc Nagtegaal,Leg 1 of 2,qualification,False,False,,,
Conference League,2025/26,2025,First qualifying round,,Thu,2025-07-10,20:00,az,Sabah FK,2,2–3,si,NK Celje,3,7000,Bank Respublika Arena,Daniyar Sakhi,Leg 1 of 2,qualification,False,False,,,
Conference League,2025/26,2025,First qualifying round,,Thu,2025-07-10,20:15,sk,Spartak Trnava,0,0–1,se,BK Häcken,1,10125,City Arena Trnava,Bence Csonka,Leg 1 of 2,qualification,False,False,,,
Conference League,2025/26,2025,First qualifying round,,Thu,2025-07-10,20:30,bg,Levski Sofia,0,0–0,il,H. Be'er Sheva,0,15467,Stadion Georgi Asparuhov,Ladislav Szikszay,Leg 1 of 2,qualification,False,False,,,
Conference League,2025/26,2025,First qualifying round,,Thu,2025-07-10,21:00,pl,Legia Warsaw,1,1–0,kz,FC Aktobe,0,12239,Stadion Miejski Legii Warszawa im. Marsz...,Dalibor Černý,Leg 1 of 2,qualification,False,False,,,
Conference League,2025/26,2025,First qualifying round,,Thu,2025-07-17,19:00,se,BK Häcken,2,2–2,sk,Spartak Trnava,2,3636,Bravida Arena,Ívar Orri Kristjánsson,Leg 2 of 2; BK Häcken won,qualification,False,False,,,
Conference League,2025/26,2025,First qualifying round,,Thu,2025-07-17,19:00,fi,Ilves,0,0–0,ua,Shakhtar D.,0,7315,Tammelan Stadion,Mohammad Aslam,Leg 2 of 2; Shakhtar D. won,qualification,False,False,,,
Conference League,2025/26,2025,First qualifying round,,Thu,2025-07-17,20:00,si,NK Celje,3,3–3,az,Sabah FK,3,3068,Stadion Z'dežele,Dragomir Draganov,Leg 2 of 2; NK Celje won; Required Extra Time,qualification,True,False,,,
Conference League,2025/26,2025,First qualifying round,,Thu,2025-07-17,20:00,il,H. Be'er Sheva,1,(1) 1–1 (3),bg,Levski Sofia,1,721,Városi stadion,Florian Badstübner,Leg 2 of 2; Levski Sofia won; Levski Sofia won a penalty shoot-out following extra time,qualification,True,True,1 - 3,1,3
Conference League,2025/26,2025,First qualifying round,,Thu,2025-07-17,20:00,xk,FC Prishtina,2,2–1,md,Sheriff Tiraspol,1,1320,Stadiumi Fadil Vokrri,Henrik Nalbandyan,Leg 2 of 2; Sheriff Tiraspol won,qualification,False,False,,,
Conference League,2025/26,2025,First qualifying round,,Thu,2025-07-17,20:30,ro,CFR Cluj,3,3–0,hu,Paks,0,6512,Stadionul Dr. Constantin Rădulescu,Kyriakos Athanasiou,Leg 2 of 2; CFR Cluj won,qualification,False,False,,,
Conference League,2025/26,2025,First qualifying round,,Thu,2025-07-17,21:00,rs,Partizan,2,(5) 2–1 (6),cy,AEK Larnaca,1,23253,Stadion Partizana,Gustavo Correia,Leg 2 of 2; AEK Larnaca won; AEK Larnaca won a penalty shoot-out following extra time,qualification,True,True,5 - 6,5,6
Conference League,2025/26,2025,First qualifying round,,Thu,2025-07-17,21:00,kz,FC Aktobe,0,0–1,pl,Legia Warsaw,1,12190,Ortalıq Stadion,Granit Maqedonci,Leg 2 of 2; Legia Warsaw won,qualification,False,False,,,
Conference League,2025/26,2025,Second qualifying round,,Thu,2025-07-24,19:00,cz,Baník Ostrava,2,2–2,pl,Legia Warsaw,2,15047,Městský stadion - Vítkovice Aréna,Christian-Petru Ciochirca,Leg 1 of 2,qualification,False,False,,,
Conference League,2025/26,2025,Second qualifying round,,Thu,2025-07-24,19:30,dk,Midtjylland,1,1–1,sct,Hibernian,1,8863,MCH Arena,Robert Schröder,Leg 1 of 2,qualification,False,False,,,
Conference League,2025/26,2025,Second qualifying round,,Thu,2025-07-24,20:00,be,Anderlecht,1,1–0,se,BK Häcken,0,12291,Lotto Park,Eldorjan Hamiti,Leg 1 of 2,qualification,False,False,,,
Conference League,2025/26,2025,Second qualifying round,,Thu,2025-07-24,20:00,md,Sheriff Tiraspol,1,1–3,nl,Utrecht,3,2674,Stadionul Central Nisporeni,Philip Farrugia,Leg 1 of 2,qualification,False,False,,,
Conference League,2025/26,2025,Second qualifying round,,Thu,2025-07-24,20:00,si,NK Celje,1,1–1,cy,AEK Larnaca,1,3145,Stadion Z'dežele,Bastien Dechepy,Leg 1 of 2,qualification,False,False,,,
Conference League,2025/26,2025,Second qualifying round,,Thu,2025-07-24,20:30,bg,Levski Sofia,0,0–0,pt,Braga,0,16040,Stadion Georgi Asparuhov,Matteo Marchetti,Leg 1 of 2,qualification,False,False,,,
Conference League,2025/26,2025,Second qualifying round,,Thu,2025-07-24,20:30,ch,Lugano,0,0–0,ro,CFR Cluj,0,941,Stockhorn Arena,Darren England,Leg 1 of 2,qualification,False,False,,,
Conference League,2025/26,2025,Second qualifying round,,Thu,2025-07-24,21:00,tr,Beşiktaş,2,2–4,ua,Shakhtar D.,4,31739,Tüpraş Stadyumu,Georgi Kabakov,Leg 1 of 2,qualification,False,False,,,
Conference League,2025/26,2025,Second qualifying round,,Thu,2025-07-31,19:00,se,BK Häcken,2,(4) 2–1 (2),be,Anderlecht,1,4016,Bravida Arena,Patrik Kolarić,Leg 2 of 2; BK Häcken won; BK Häcken won a penalty shoot-out following extra time,qualification,True,True,4 - 2,4,2
Conference League,2025/26,2025,Second qualifying round,,Thu,2025-07-31,19:30,cy,AEK Larnaca,2,2–1,si,NK Celje,1,4108,AEK Arena - George Karapatakis,Chris Kavanagh,Leg 2 of 2; AEK Larnaca won,qualification,False,False,,,
Conference League,2025/26,2025,Second qualifying round,,Thu,2025-07-31,20:00,sct,Hibernian,1,1–2,dk,Midtjylland,2,19536,Easter Road Stadium,Gustavo Correia,Leg 2 of 2; Midtjylland won; Required Extra Time,qualification,True,False,,,
Conference League,2025/26,2025,Second qualifying round,,Thu,2025-07-31,20:00,pt,Braga,1,1–0,bg,Levski Sofia,0,16711,Estádio Municipal de Braga,Lothar D'Hondt,Leg 2 of 2; Braga won; Required Extra Time,qualification,True,False,,,
Conference League,2025/26,2025,Second qualifying round,,Thu,2025-07-31,20:00,nl,Utrecht,4,4–1,md,Sheriff Tiraspol,1,21611,Stadion Galgenwaard,Chrysovalantis Theouli,Leg 2 of 2; Utrecht won,qualification,False,False,,,
Conference League,2025/26,2025,Second qualifying round,,Thu,2025-07-31,20:00,ua,Shakhtar D.,2,2–0,tr,Beşiktaş,0,12828,Stadion Miejski im. Henryka Reymana,Juan Martínez,Leg 2 of 2; Shakhtar D. won,qualification,False,False,,,
Conference League,2025/26,2025,Second qualifying round,,Thu,2025-07-31,20:30,ro,CFR Cluj,1,1–0,ch,Lugano,0,8564,Stadionul Dr. Constantin Rădulescu,Allard Lindhout,Leg 2 of 2; CFR Cluj won; Required Extra Time,qualification,True,False,,,
Conference League,2025/26,2025,Second qualifying round,,Thu,2025-07-31,21:00,pl,Legia Warsaw,2,2–1,cz,Baník Ostrava,1,20226,Stadion Miejski Legii Warszawa im. Marsz...,Novak Simović,Leg 2 of 2; Legia Warsaw won,qualification,False,False,,,
Conference League,2025/26,2025,Third qualifying round,,Tue,2025-08-05,19:00,mt,Ħamrun Spartans,1,1–2,il,Maccabi Tel Aviv,2,1097,Ta'Qali National Stadium,Kristo Tohver,Leg 1 of 2,qualification,False,False,,,
Conference League,2025/26,2025,Third qualifying round,,Wed,2025-08-06,20:00,lv,RFS,1,1–2,fi,KuPS,2,1584,LNK Sporta Parks,Əliyar Ağayev,Leg 1 of 2,qualification,False,False,,,
Conference League,2025/26,2025,Third qualifying round,,Wed,2025-08-06,20:45,hr,Rijeka,1,1–2,ie,Shelbourne FC,2,6495,Stadion HNK Rijeka,Ricardo de Burgos,Leg 1 of 2,qualification,False,False,,,
Conference League,2025/26,2025,Third qualifying round,,Thu,2025-08-07,18:00,gi,Lincoln FC,1,1–1,am,FC Noah,1,728,Europa Point Stadium,Filip Glova,Leg 1 of 2,qualification,False,False,,,
Conference League,2025/26,2025,Third qualifying round,,Thu,2025-08-07,18:00,no,Fredrikstad,1,1–3,dk,Midtjylland,3,8779,Nye Fredrikstad Stadion,Igor Pajač,Leg 1 of 2,qualification,False,False,,,
Conference League,2025/26,2025,Third qualifying round,,Thu,2025-08-07,19:00,se,BK Häcken,0,0–2,no,Brann,2,4516,Bravida Arena,Georgi Kabakov,Leg 1 of 2,qualification,False,False,,,
Conference League,2025/26,2025,Third qualifying round,,Thu,2025-08-07,19:30,ro,CFR Cluj,1,1–2,pt,Braga,2,10383,Stadionul Dr. Constantin Rădulescu,Elçin Məsiyev,Leg 1 of 2,qualification,False,False,,,
Conference League,2025/26,2025,Third qualifying round,,Thu,2025-08-07,19:30,cy,AEK Larnaca,4,4–1,pl,Legia Warsaw,1,4102,AEK Arena - George Karapatakis,Horațiu Fesnic,Leg 1 of 2,qualification,False,False,,,
Conference League,2025/26,2025,Third qualifying round,,Thu,2025-08-07,20:00,ba,Zrinjski Mostar,1,1–1,is,Breiðablik,1,5600,Stadion Bijeli Brijeg,Enea Jorgji,Leg 1 of 2,qualification,False,False,,,
Conference League,2025/26,2025,Third qualifying round,,Thu,2025-08-07,20:30,gr,PAOK,0,0–0,at,RZ Pellets WAC,0,21340,Stadio Toumbas,Morten Krogh,Leg 1 of 2,qualification,False,False,,,
Conference League,2025/26,2025,Third qualifying round,,Thu,2025-08-07,20:30,ch,Servette FC,1,1–3,nl,Utrecht,3,11744,Stade de Genève,Harm Osmers,Leg 1 of 2,qualification,False,False,,,
Conference League,2025/26,2025,Third qualifying round,,Thu,2025-08-07,21:00,gr,Panathinaikos,0,0–0,ua,Shakhtar D.,0,20636,Olympiako Stadio Spyros Louis,Erik Lambrechts,Leg 1 of 2,qualification,False,False,,,
Conference League,2025/26,2025,Third qualifying round,,Thu,2025-08-07,21:30,ro,FCSB,3,3–2,xk,KF Drita,2,13825,Arena Naţională,Damian Sylwestrzak,Leg 1 of 2,qualification,False,False,,,
Conference League,2025/26,2025,Third qualifying round,,Tue,2025-08-12,19:45,ie,Shelbourne FC,1,1–3,hr,Rijeka,3,3655,Tolka Park,Marian Barbu,Leg 2 of 2; Rijeka won,qualification,False,False,,,
Conference League,2025/26,2025,Third qualifying round,,Thu,2025-08-14,17:30,is,Breiðablik,1,1–2,ba,Zrinjski Mostar,2,1252,Kópavogsvöllur,Anastasios Papapetrou,Leg 2 of 2; Zrinjski Mostar won,qualification,False,False,,,
Conference League,2025/26,2025,Third qualifying round,,Thu,2025-08-14,18:00,dk,Midtjylland,2,2–0,no,Fredrikstad,0,8464,MCH Arena,Julian Weinberger,Leg 2 of 2; Midtjylland won,qualification,False,False,,,
Conference League,2025/26,2025,Third qualifying round,,Thu,2025-08-14,18:00,fi,KuPS,1,1–0,lv,RFS,0,3022,Väre Areena,Balázs Berke,Leg 2 of 2; KuPS won,qualification,False,False,,,
Conference League,2025/26,2025,Third qualifying round,,Thu,2025-08-14,19:00,no,Brann,0,0–1,se,BK Häcken,1,14750,Brann Stadion,Nick Walsh,Leg 2 of 2; Brann won,qualification,False,False,,,
Conference League,2025/26,2025,Third qualifying round,,Thu,2025-08-14,19:00,at,RZ Pellets WAC,0,0–1,gr,PAOK,1,6720,28 Black Arena,Orel Grinfeeld,Leg 2 of 2; PAOK won; Required Extra Time,qualification,True,False,,,
Conference League,2025/26,2025,Third qualifying round,,Thu,2025-08-14,19:30,pt,Braga,2,2–0,ro,CFR Cluj,0,16168,Estádio Municipal de Braga,Sascha Stegemann,Leg 2 of 2; Braga won,qualification,False,False,,,
Conference League,2025/26,2025,Third qualifying round,,Thu,2025-08-14,20:00,ua,Shakhtar D.,0,(3) 0–0 (4),gr,Panathinaikos,0,13387,Stadion Miejski im. Henryka Reymana,Daniel Siebert,Leg 2 of 2; Panathinaikos won; Panathinaikos won a penalty shoot-out following extra time,qualification,True,True,3 - 4,3,4
Conference League,2025/26,2025,Third qualifying round,,Thu,2025-08-14,20:00,xk,KF Drita,1,1–3,ro,FCSB,3,6530,Stadiumi Fadil Vokrri,Sandro Schärer,Leg 2 of 2; FCSB won,qualification,False,False,,,
Conference League,2025/26,2025,Third qualifying round,,Thu,2025-08-14,20:00,il,Maccabi Tel Aviv,3,3–1,mt,Ħamrun Spartans,1,145,TSC Arena,Rohit Saggi,Leg 2 of 2; Maccabi Tel Aviv won,qualification,False,False,,,
Conference League,2025/26,2025,Third qualifying round,,Thu,2025-08-14,20:00,nl,Utrecht,2,2–1,ch,Servette FC,1,21800,Stadion Galgenwaard,Chris Kavanagh,Leg 2 of 2; Utrecht won,qualification,False,False,,,
Conference League,2025/26,2025,Third qualifying round,,Thu,2025-08-14,21:00,am,FC Noah,0,(5) 0–0 (6),gi,Lincoln FC,0,3100,Kotaik,Sebastian Gishamer,Leg 2 of 2; Lincoln FC won; Lincoln FC won a penalty shoot-out following extra time,qualification,True,True,5 - 6,5,6
Conference League,2025/26,2025,Third qualifying round,,Thu,2025-08-14,21:00,pl,Legia Warsaw,2,2–1,cy,AEK Larnaca,1,23673,Stadion Miejski Legii Warszawa im. Marsz...,Andris Treimanis,Leg 2 of 2; AEK Larnaca won,qualification,False,False,,,
Conference League,2025/26,2025,Play-off round,,Thu,2025-08-21,18:30,dk,Midtjylland,4,4–0,fi,KuPS,0,7408,MCH Arena,Srđan Jovanović,Leg 1 of 2,qualification,False,False,,,
Conference League,2025/26,2025,Play-off round,,Thu,2025-08-21,19:00,no,Brann,2,2–1,cy,AEK Larnaca,1,14750,Brann Stadion,Marco Guida,Leg 1 of 2,qualification,False,False,,,
Conference League,2025/26,2025,Play-off round,,Thu,2025-08-21,19:00,se,Malmö,3,3–0,cz,Sigma Olomouc,0,12355,Eleda Stadion,Tobias Stieler,Leg 1 of 2,qualification,False,False,,,
Conference League,2025/26,2025,Play-off round,,Thu,2025-08-21,19:45,sct,Aberdeen,2,2–2,ro,FCSB,2,17551,Pittodrie Stadium,Serdar Gözübüyük,Leg 1 of 2,qualification,False,False,,,
Conference League,2025/26,2025,Play-off round,,Thu,2025-08-21,20:00,ba,Zrinjski Mostar,0,0–2,nl,Utrecht,2,4400,Stadion Bijeli Brijeg,Georgi Kabakov,Leg 1 of 2,qualification,False,False,,,
Conference League,2025/26,2025,Play-off round,,Thu,2025-08-21,20:00,gi,Lincoln FC,0,0–4,pt,Braga,4,1988,Estádio Algarve,Morten Krogh,Leg 1 of 2,qualification,False,False,,,
Conference League,2025/26,2025,Play-off round,,Thu,2025-08-21,20:00,mk,FK Shkëndija,2,2–1,bg,Ludogorets,1,3720,Nationala Arena Toše Proeski,Chris Kavanagh,Leg 1 of 2,qualification,False,False,,,
Conference League,2025/26,2025,Play-off round,,Thu,2025-08-21,20:15,il,Maccabi Tel Aviv,3,3–1,ua,Dynamo Kyiv,1,115,TSC Arena,Giorgi Kruashvili,Leg 1 of 2,qualification,False,False,,,
Conference League,2025/26,2025,Play-off round,,Thu,2025-08-21,20:15,sk,Slovan Bratislava,0,0–1,ch,Young Boys,1,15008,Štadión Tehelné pole,Sascha Stegemann,Leg 1 of 2,qualification,False,False,,,
Conference League,2025/26,2025,Play-off round,,Thu,2025-08-21,20:30,pl,Lech Poznań,1,1–5,be,Genk,5,25443,ENEA Stadion,Donatas Rumšas,Leg 1 of 2,qualification,False,False,,,
Conference League,2025/26,2025,Play-off round,,Thu,2025-08-21,20:45,hr,Rijeka,1,1–0,gr,PAOK,0,6882,Stadion HNK Rijeka,Ivan Kružliak,Leg 1 of 2,qualification,False,False,,,
Conference League,2025/26,2025,Play-off round,,Thu,2025-08-21,21:00,gr,Panathinaikos,2,2–1,tr,Samsunspor,1,24000,Olympiako Stadio Spyros Louis,Juan Martínez,Leg 1 of 2,qualification,False,False,,,
Conference League,2025/26,2025,Play-off round,,Wed,2025-08-27,19:30,cy,AEK Larnaca,0,0–4,no,Brann,4,4665,AEK Arena - George Karapatakis,Danny Makkelie,Leg 2 of 2; Brann won,qualification,False,False,,,
Conference League,2025/26,2025,Play-off round,,Thu,2025-08-28,18:00,fi,KuPS,0,0–2,dk,Midtjylland,2,1734,Väre Areena,Simone Sozza,Leg 2 of 2; Midtjylland won,qualification,False,False,,,
Conference League,2025/26,2025,Play-off round,,Thu,2025-08-28,18:30,cz,Sigma Olomouc,0,0–2,se,Malmö,2,9508,Andrův stadion,Radu Petrescu,Leg 2 of 2; Malmö won,qualification,False,False,,,
Conference League,2025/26,2025,Play-off round,,Thu,2025-08-28,20:00,be,Genk,1,1–2,pl,Lech Poznań,2,12913,Cegeka Arena,Davide Massa,Leg 2 of 2; Genk won,qualification,False,False,,,
Conference League,2025/26,2025,Play-off round,,Thu,2025-08-28,20:00,ua,Dynamo Kyiv,1,1–0,il,Maccabi Tel Aviv,0,1537,Motor Lublin Arena,Nikola Dabanović,Leg 2 of 2; Maccabi Tel Aviv won,qualification,False,False,,,
Conference League,2025/26,2025,Play-off round,,Thu,2025-08-28,20:00,pt,Braga,5,5–1,gi,Lincoln FC,1,12125,Estádio Municipal de Braga,Erik Lambrechts,Leg 2 of 2; Braga won,qualification,False,False,,,
Conference League,2025/26,2025,Play-off round,,Thu,2025-08-28,20:00,nl,Utrecht,0,0–0,ba,Zrinjski Mostar,0,21594,Stadion Galgenwaard,Benoît Bastien,Leg 2 of 2; Utrecht won,qualification,False,False,,,
Conference League,2025/26,2025,Play-off round,,Thu,2025-08-28,20:00,tr,Samsunspor,0,0–0,gr,Panathinaikos,0,24914,Yeni 19 Mayıs Stadyumu,Irfan Peljto,Leg 2 of 2; Panathinaikos won,qualification,False,False,,,
Conference League,2025/26,2025,Play-off round,,Thu,2025-08-28,20:00,ch,Young Boys,3,3–2,sk,Slovan Bratislava,2,13806,Stadion Wankdorf,Rade Obrenović,Leg 2 of 2; Young Boys won,qualification,False,False,,,
Conference League,2025/26,2025,Play-off round,,Thu,2025-08-28,20:30,gr,PAOK,5,5–0,hr,Rijeka,0,24223,Stadio Toumbas,Jose Maria Sánchez,Leg 2 of 2; PAOK won,qualification,False,False,,,
Conference League,2025/26,2025,Play-off round,,Thu,2025-08-28,20:30,bg,Ludogorets,4,4–1,mk,FK Shkëndija,1,4784,Huvepharma Arena,Urs Schnyder,Leg 2 of 2; Ludogorets won; Required Extra Time,qualification,True,False,,,
Conference League,2025/26,2025,Play-off round,,Thu,2025-08-28,21:30,ro,FCSB,3,3–0,sct,Aberdeen,0,35341,Arena Naţională,Espen Eskås,Leg 2 of 2; FCSB won,qualification,False,False,,,
Conference League,2026/27,2026,,1,Wed,2026-09-16,19:45,cy,AC Omonia,1,1–0,es,Celta Vigo,0,11271,Neo GSP,Balázs Berke,,main stage,,,,,
Conference League,2026/27,2026,,1,Wed,2026-09-16,20:00,eng,Sunderland,1,1–0,nl,AZ Alkmaar,0,45555,Stadium of Light,Jérémie Pignard,,main stage,,,,,
Conference League,2026/27,2026,,1,Wed,2026-09-16,20:45,am,Ararat-Armenia,1,1–4,cz,Sparta Prague,4,11400,Vazgen Sargsyan anvan Hanrapetakan Marza...,Mohammed Al Hakim,,main stage,,,,,
Conference League,2026/27,2026,,1,Wed,2026-09-16,21:00,it,Milan,0,0–2,pt,Benfica,2,68393,Stadio Giuseppe Meazza,Jarred Gillett,,main stage,,,,,
Conference League,2026/27,2026,,1,Wed,2026-09-16,21:00,at,Sturm Graz,0,0–0,fr,Rennes,0,13109,Merkur Arena,Manfredas Lukjančukas,,main stage,,,,,
Conference League,2026/27,2026,,1,Wed,2026-09-16,21:00,de,Leverkusen,2,2–0,si,NK Celje,0,27945,BayArena,Jasper Vergoote,,main stage,,,,,
Conference League,2026/27,2026,,1,Wed,2026-09-16,21:00,be,Anderlecht,1,1–2,fr,Lyon,2,16337,Lotto Park,Ricardo de Burgos,,main stage,,,,,
Conference League,2026/27,2026,,1,Wed,2026-09-16,22:00,il,H. Be'er Sheva,0,0–0,hr,Dinamo Zagreb,0,1102,Superbet Arena-Giulești,John Brooks,,main stage,,,,,
Conference League,2026/27,2026,,1,Wed,2026-09-16,22:00,gr,Olympiacos,2,2–1,pl,Jagiellonia,1,30540,Stadio Georgios Karaiskáki,Harm Osmers,,main stage,,,,,
Conference League,2026/27,2026,,1,Thu,2026-09-17,19:45,bg,Levski Sofia,0,0–1,at,RB Salzburg,1,22378,Stadion Vasil Levski,Mohammad Al Emara,,main stage,,,,,
Conference League,2026/27,2026,,1,Thu,2026-09-17,19:45,gr,OFI Crete,2,2–0,de,Hoffenheim,0,14909,Pankritio Stadio,Javier Alberola,,main stage,,,,,
Conference League,2026/27,2026,,1,Thu,2026-09-17,20:00,eng,Crystal Palace,4,4–0,pl,Lech Poznań,0,18117,Selhurst Park,Michal Očenáš,,main stage,,,,,
Conference League,2026/27,2026,,1,Thu,2026-09-17,20:00,sct,Celtic,1,1–3,hu,Ferencváros,3,48223,Celtic Park,Patrik Kolarić,,main stage,,,,,
Conference League,2026/27,2026,,1,Thu,2026-09-17,21:00,no,Lillestrøm,1,1–2,pt,Torreense,2,6568,Åråsen Stadion,Ondřej Berka,,main stage,,,,,
Conference League,2026/27,2026,,1,Thu,2026-09-17,21:00,es,Real Sociedad,1,1–2,eng,Bournemouth,2,30020,Reale Arena,Paweł Raczkowski,,main stage,,,,,
Conference League,2026/27,2026,,1,Thu,2026-09-17,21:00,it,Juventus,5,5–0,nl,NEC Nijmegen,0,41407,Allianz Stadium,Oleksii Derevinskyi,,main stage,,,,,
Conference League,2026/27,2026,,1,Thu,2026-09-17,21:00,cz,Viktoria Plzeň,0,0–3,be,Union SG,3,8211,Doosan Arena,Igal Frid,,main stage,,,,,
Conference League,2026/27,2026,,1,Thu,2026-09-17,22:00,tr,Beşiktaş,4,4–1,fr,Marseille,1,39831,Tüpraş Stadyumu,Andrea Colombo,,main stage,,,,,
Conference League,2026/27,2026,,2,Thu,2026-10-15,17:45,pt,Torreense,,,eng,Sunderland,,,Estádio Dr. Magalhães Pessoa,,,main stage,,,,,
Conference League,2026/27,2026,,2,Thu,2026-10-15,18:45,fr,Lyon,,,eng,Crystal Palace,,,Groupama Stadium,,,main stage,,,,,
Conference League,2026/27,2026,,2,Thu,2026-10-15,18:45,nl,AZ Alkmaar,,,il,H. Be'er Sheva,,,AFAS Stadion,,,main stage,,,,,
Conference League,2026/27,2026,,2,Thu,2026-10-15,18:45,at,RB Salzburg,,,it,Milan,,,Red Bull Arena,,,main stage,,,,,
Conference League,2026/27,2026,,2,Thu,2026-10-15,18:45,pl,Lech Poznań,,,de,Leverkusen,,,ENEA Stadion,,,main stage,,,,,
Conference League,2026/27,2026,,2,Thu,2026-10-15,18:45,si,NK Celje,,,cy,AC Omonia,,,Stadion Z'dežele,,,main stage,,,,,
Conference League,2026/27,2026,,2,Thu,2026-10-15,18:45,cz,Sparta Prague,,,no,Lillestrøm,,,epet Arena,,,main stage,,,,,
Conference League,2026/27,2026,,2,Thu,2026-10-15,18:45,be,Union SG,,,es,Real Sociedad,,,King Power at Den Dreef Stadion,,,main stage,,,,,
Conference League,2026/27,2026,,2,Thu,2026-10-15,20:00,pt,Benfica,,,sct,Celtic,,,Estádio do Sport Lisboa e Benfica,,,main stage,,,,,
Conference League,2026/27,2026,,2,Thu,2026-10-15,20:00,eng,Bournemouth,,,at,Sturm Graz,,,Vitality Stadium,,,main stage,,,,,
Conference League,2026/27,2026,,2,Thu,2026-10-15,21:00,hu,Ferencváros,,,cz,Viktoria Plzeň,,,Groupama Arena,,,main stage,,,,,
Conference League,2026/27,2026,,2,Thu,2026-10-15,21:00,fr,Marseille,,,gr,Olympiacos,,,Orange Vélodrome,,,main stage,,,,,
Conference League,2026/27,2026,,2,Thu,2026-10-15,21:00,nl,NEC Nijmegen,,,bg,Levski Sofia,,,Goffertstadion,,,main stage,,,,,
Conference League,2026/27,2026,,2,Thu,2026-10-15,21:00,es,Celta Vigo,,,it,Juventus,,,Estadio Abanca Balaídos,,,main stage,,,,,
Conference League,2026/27,2026,,2,Thu,2026-10-15,21:00,fr,Rennes,,,gr,OFI Crete,,,Roazhon Park,,,main stage,,,,,
Conference League,2026/27,2026,,2,Thu,2026-10-15,21:00,hr,Dinamo Zagreb,,,be,Anderlecht,,,Stadion Maksimir,,,main stage,,,,,
Conference League,2026/27,2026,,2,Thu,2026-10-15,21:00,pl,Jagiellonia,,,am,Ararat-Armenia,,,Chorten Arena,,,main stage,,,,,
Conference League,2026/27,2026,,2,Thu,2026-10-15,21:00,de,Hoffenheim,,,tr,Beşiktaş,,,PreZero Arena,,,main stage,,,,,
Conference League,2026/27,2026,,3,Thu,2026-10-22,18:45,hu,Ferencváros,,,pt,Torreense,,,Groupama Arena,,,main stage,,,,,
Conference League,2026/27,2026,,3,Thu,2026-10-22,18:45,hr,Dinamo Zagreb,,,nl,NEC Nijmegen,,,Stadion Maksimir,,,main stage,,,,,
Conference League,2026/27,2026,,3,Thu,2026-10-22,18:45,pl,Lech Poznań,,,eng,Sunderland,,,ENEA Stadion,,,main stage,,,,,
Conference League,2026/27,2026,,3,Thu,2026-10-22,18:45,it,Juventus,,,fr,Rennes,,,Allianz Stadium,,,main stage,,,,,
Conference League,2026/27,2026,,3,Thu,2026-10-22,18:45,at,Sturm Graz,,,fr,Marseille,,,Merkur Arena,,,main stage,,,,,
Conference League,2026/27,2026,,3,Thu,2026-10-22,18:45,be,Union SG,,,il,H. Be'er Sheva,,,King Power at Den Dreef Stadion,,,main stage,,,,,
Conference League,2026/27,2026,,3,Thu,2026-10-22,19:45,gr,OFI Crete,,,de,Leverkusen,,,Pankritio Stadio,,,main stage,,,,,
Conference League,2026/27,2026,,3,Thu,2026-10-22,20:00,sct,Celtic,,,es,Celta Vigo,,,Celtic Park,,,main stage,,,,,
Conference League,2026/27,2026,,3,Thu,2026-10-22,20:00,eng,Bournemouth,,,it,Milan,,,Vitality Stadium,,,main stage,,,,,
Conference League,2026/27,2026,,3,Thu,2026-10-22,20:45,am,Ararat-Armenia,,,nl,AZ Alkmaar,,,Vahagn Tumasyan Stadium,,,main stage,,,,,
Conference League,2026/27,2026,,3,Thu,2026-10-22,21:00,de,Hoffenheim,,,fr,Lyon,,,PreZero Arena,,,main stage,,,,,
Conference League,2026/27,2026,,3,Thu,2026-10-22,21:00,cz,Viktoria Plzeň,,,bg,Levski Sofia,,,Doosan Arena,,,main stage,,,,,
Conference League,2026/27,2026,,3,Thu,2026-10-22,21:00,si,NK Celje,,,at,RB Salzburg,,,Stadion Z'dežele,,,main stage,,,,,
Conference League,2026/27,2026,,3,Thu,2026-10-22,21:00,pl,Jagiellonia,,,be,Anderlecht,,,Chorten Arena,,,main stage,,,,,
Conference League,2026/27,2026,,3,Thu,2026-10-22,21:00,no,Lillestrøm,,,es,Real Sociedad,,,Åråsen Stadion,,,main stage,,,,,
Conference League,2026/27,2026,,3,Thu,2026-10-22,22:00,cy,AC Omonia,,,pt,Benfica,,,Neo GSP,,,main stage,,,,,
Conference League,2026/27,2026,,3,Thu,2026-10-22,22:00,tr,Beşiktaş,,,eng,Crystal Palace,,,Tüpraş Stadyumu,,,main stage,,,,,
Conference League,2026/27,2026,,3,Thu,2026-10-22,22:00,gr,Olympiacos,,,cz,Sparta Prague,,,Stadio Georgios Karaiskáki,,,main stage,,,,,
Conference League,2026/27,2026,,4,Thu,2026-11-05,17:45,eng,Crystal Palace,,,de,Hoffenheim,,,Selhurst Park,,,main stage,,,,,
Conference League,2026/27,2026,,4,Thu,2026-11-05,18:45,fr,Rennes,,,gr,Olympiacos,,,Roazhon Park,,,main stage,,,,,
Conference League,2026/27,2026,,4,Thu,2026-11-05,18:45,es,Real Sociedad,,,fr,Lyon,,,Reale Arena,,,main stage,,,,,
Conference League,2026/27,2026,,4,Thu,2026-11-05,18:45,cz,Sparta Prague,,,eng,Bournemouth,,,epet Arena,,,main stage,,,,,
Conference League,2026/27,2026,,4,Thu,2026-11-05,18:45,it,Milan,,,hu,Ferencváros,,,Stadio Giuseppe Meazza,,,main stage,,,,,
Conference League,2026/27,2026,,4,Thu,2026-11-05,18:45,no,Lillestrøm,,,cz,Viktoria Plzeň,,,Åråsen Stadion,,,main stage,,,,,
Conference League,2026/27,2026,,4,Thu,2026-11-05,18:45,be,Anderlecht,,,at,RB Salzburg,,,Lotto Park,,,main stage,,,,,
Conference League,2026/27,2026,,4,Thu,2026-11-05,18:45,nl,NEC Nijmegen,,,cy,AC Omonia,,,Goffertstadion,,,main stage,,,,,
Conference League,2026/27,2026,,4,Thu,2026-11-05,19:45,bg,Levski Sofia,,,pl,Jagiellonia,,,Stadion Georgi Asparuhov,,,main stage,,,,,
Conference League,2026/27,2026,,4,Thu,2026-11-05,20:00,pt,Torreense,,,am,Ararat-Armenia,,,Estádio Dr. Magalhães Pessoa,,,main stage,,,,,
Conference League,2026/27,2026,,4,Thu,2026-11-05,20:00,pt,Benfica,,,pl,Lech Poznań,,,Estádio do Sport Lisboa e Benfica,,,main stage,,,,,
Conference League,2026/27,2026,,4,Thu,2026-11-05,20:00,sct,Celtic,,,tr,Beşiktaş,,,Celtic Park,,,main stage,,,,,
Conference League,2026/27,2026,,4,Thu,2026-11-05,20:00,eng,Sunderland,,,hr,Dinamo Zagreb,,,Stadium of Light,,,main stage,,,,,
Conference League,2026/27,2026,,4,Thu,2026-11-05,21:00,es,Celta Vigo,,,be,Union SG,,,Estadio Abanca Balaídos,,,main stage,,,,,
Conference League,2026/27,2026,,4,Thu,2026-11-05,21:00,nl,AZ Alkmaar,,,it,Juventus,,,AFAS Stadion,,,main stage,,,,,
Conference League,2026/27,2026,,4,Thu,2026-11-05,21:00,at,Sturm Graz,,,si,NK Celje,,,Merkur Arena,,,main stage,,,,,
Conference League,2026/27,2026,,4,Thu,2026-11-05,21:00,de,Leverkusen,,,fr,Marseille,,,BayArena,,,main stage,,,,,
Conference League,2026/27,2026,,4,Thu,2026-11-05,22:00,il,H. Be'er Sheva,,,gr,OFI Crete,,,Superbet Arena-Giulești,,,main stage,,,,,
Conference League,2026/27,2026,,5,Thu,2026-11-26,18:45,fr,Marseille,,,bg,Levski Sofia,,,Orange Vélodrome,,,main stage,,,,,
Conference League,2026/27,2026,,5,Thu,2026-11-26,18:45,cz,Viktoria Plzeň,,,pt,Benfica,,,Doosan Arena,,,main stage,,,,,
Conference League,2026/27,2026,,5,Thu,2026-11-26,18:45,hr,Dinamo Zagreb,,,de,Leverkusen,,,Stadion Maksimir,,,main stage,,,,,
Conference League,2026/27,2026,,5,Thu,2026-11-26,18:45,at,RB Salzburg,,,am,Ararat-Armenia,,,Red Bull Arena,,,main stage,,,,,
Conference League,2026/27,2026,,5,Thu,2026-11-26,18:45,es,Celta Vigo,,,eng,Bournemouth,,,Estadio Abanca Balaídos,,,main stage,,,,,
Conference League,2026/27,2026,,5,Thu,2026-11-26,18:45,be,Union SG,,,pl,Lech Poznań,,,King Power at Den Dreef Stadion,,,main stage,,,,,
Conference League,2026/27,2026,,5,Thu,2026-11-26,19:45,gr,Olympiacos,,,it,Milan,,,Stadio Georgios Karaiskáki,,,main stage,,,,,
Conference League,2026/27,2026,,5,Thu,2026-11-26,20:00,pt,Torreense,,,sct,Celtic,,,Estádio Dr. Magalhães Pessoa,,,main stage,,,,,
Conference League,2026/27,2026,,5,Thu,2026-11-26,20:00,eng,Sunderland,,,pl,Jagiellonia,,,Stadium of Light,,,main stage,,,,,
Conference League,2026/27,2026,,5,Thu,2026-11-26,20:00,eng,Crystal Palace,,,es,Real Sociedad,,,Selhurst Park,,,main stage,,,,,
Conference League,2026/27,2026,,5,Thu,2026-11-26,20:45,tr,Beşiktaş,,,il,H. Be'er Sheva,,,Tüpraş Stadyumu,,,main stage,,,,,
Conference League,2026/27,2026,,5,Thu,2026-11-26,21:00,hu,Ferencváros,,,si,NK Celje,,,Groupama Arena,,,main stage,,,,,
Conference League,2026/27,2026,,5,Thu,2026-11-26,21:00,cz,Sparta Prague,,,nl,AZ Alkmaar,,,epet Arena,,,main stage,,,,,
Conference League,2026/27,2026,,5,Thu,2026-11-26,21:00,it,Juventus,,,cy,AC Omonia,,,Allianz Stadium,,,main stage,,,,,
Conference League,2026/27,2026,,5,Thu,2026-11-26,21:00,fr,Lyon,,,no,Lillestrøm,,,Groupama Stadium,,,main stage,,,,,
Conference League,2026/27,2026,,5,Thu,2026-11-26,21:00,nl,NEC Nijmegen,,,fr,Rennes,,,Goffertstadion,,,main stage,,,,,
Conference League,2026/27,2026,,5,Thu,2026-11-26,21:00,de,Hoffenheim,,,at,Sturm Graz,,,PreZero Arena,,,main stage,,,,,
Conference League,2026/27,2026,,5,Thu,2026-11-26,22:00,gr,OFI Crete,,,be,Anderlecht,,,Pankritio Stadio,,,main stage,,,,,
Conference League,2026/27,2026,,6,Thu,2026-12-10,18:45,pl,Jagiellonia,,,eng,Crystal Palace,,,Chorten Arena,,,main stage,,,,,
Conference League,2026/27,2026,,6,Thu,2026-12-10,18:45,nl,AZ Alkmaar,,,at,Sturm Graz,,,AFAS Stadion,,,main stage,,,,,
Conference League,2026/27,2026,,6,Thu,2026-12-10,18:45,fr,Marseille,,,es,Celta Vigo,,,Orange Vélodrome,,,main stage,,,,,
Conference League,2026/27,2026,,6,Thu,2026-12-10,18:45,fr,Rennes,,,hr,Dinamo Zagreb,,,Roazhon Park,,,main stage,,,,,
Conference League,2026/27,2026,,6,Thu,2026-12-10,18:45,be,Anderlecht,,,de,Hoffenheim,,,Lotto Park,,,main stage,,,,,
Conference League,2026/27,2026,,6,Thu,2026-12-10,19:45,cy,AC Omonia,,,sct,Celtic,,,Neo GSP,,,main stage,,,,,
Conference League,2026/27,2026,,6,Thu,2026-12-10,19:45,il,H. Be'er Sheva,,,it,Juventus,,,Superbet Arena-Giulești,,,main stage,,,,,
Conference League,2026/27,2026,,6,Thu,2026-12-10,20:00,pt,Benfica,,,gr,OFI Crete,,,Estádio do Sport Lisboa e Benfica,,,main stage,,,,,
Conference League,2026/27,2026,,6,Thu,2026-12-10,20:00,eng,Bournemouth,,,cz,Viktoria Plzeň,,,Vitality Stadium,,,main stage,,,,,
Conference League,2026/27,2026,,6,Thu,2026-12-10,21:00,at,RB Salzburg,,,cz,Sparta Prague,,,Red Bull Arena,,,main stage,,,,,
Conference League,2026/27,2026,,6,Thu,2026-12-10,21:00,de,Leverkusen,,,tr,Beşiktaş,,,BayArena,,,main stage,,,,,
Conference League,2026/27,2026,,6,Thu,2026-12-10,21:00,pl,Lech Poznań,,,hu,Ferencváros,,,ENEA Stadion,,,main stage,,,,,
Conference League,2026/27,2026,,6,Thu,2026-12-10,21:00,es,Real Sociedad,,,pt,Torreense,,,Reale Arena,,,main stage,,,,,
Conference League,2026/27,2026,,6,Thu,2026-12-10,21:00,it,Milan,,,eng,Sunderland,,,Stadio Giuseppe Meazza,,,main stage,,,,,
Conference League,2026/27,2026,,6,Thu,2026-12-10,21:00,fr,Lyon,,,be,Union SG,,,Groupama Stadium,,,main stage,,,,,
Conference League,2026/27,2026,,6,Thu,2026-12-10,21:00,si,NK Celje,,,gr,Olympiacos,,,Stadion Z'dežele,,,main stage,,,,,
Conference League,2026/27,2026,,6,Thu,2026-12-10,21:45,am,Ararat-Armenia,,,nl,NEC Nijmegen,,,Vahagn Tumasyan Stadium,,,main stage,,,,,
Conference League,2026/27,2026,,6,Thu,2026-12-10,22:00,bg,Levski Sofia,,,no,Lillestrøm,,,Stadion Georgi Asparuhov,,,main stage,,,,,
Conference League,2026/27,2026,,7,Thu,2027-01-21,18:45,nl,NEC Nijmegen,,,pt,Benfica,,,Goffertstadion,,,main stage,,,,,
Conference League,2026/27,2026,,7,Thu,2027-01-21,18:45,hu,Ferencváros,,,it,Juventus,,,Groupama Arena,,,main stage,,,,,
Conference League,2026/27,2026,,7,Thu,2027-01-21,18:45,pl,Jagiellonia,,,fr,Lyon,,,Chorten Arena,,,main stage,,,,,
Conference League,2026/27,2026,,7,Thu,2027-01-21,18:45,es,Real Sociedad,,,cz,Viktoria Plzeň,,,Reale Arena,,,main stage,,,,,
Conference League,2026/27,2026,,7,Thu,2027-01-21,18:45,no,Lillestrøm,,,eng,Bournemouth,,,Åråsen Stadion,,,main stage,,,,,
Conference League,2026/27,2026,,7,Thu,2027-01-21,18:45,at,Sturm Graz,,,gr,OFI Crete,,,Merkur Arena,,,main stage,,,,,
Conference League,2026/27,2026,,7,Thu,2027-01-21,19:45,gr,Olympiacos,,,de,Hoffenheim,,,Stadio Georgios Karaiskáki,,,main stage,,,,,
Conference League,2026/27,2026,,7,Thu,2027-01-21,20:00,sct,Celtic,,,fr,Marseille,,,Celtic Park,,,main stage,,,,,
Conference League,2026/27,2026,,7,Thu,2027-01-21,20:00,eng,Crystal Palace,,,cz,Sparta Prague,,,Selhurst Park,,,main stage,,,,,
Conference League,2026/27,2026,,7,Thu,2027-01-21,20:45,tr,Beşiktaş,,,be,Union SG,,,Tüpraş Stadyumu,,,main stage,,,,,
Conference League,2026/27,2026,,7,Thu,2027-01-21,21:00,nl,AZ Alkmaar,,,hr,Dinamo Zagreb,,,AFAS Stadion,,,main stage,,,,,
Conference League,2026/27,2026,,7,Thu,2027-01-21,21:00,pl,Lech Poznań,,,pt,Torreense,,,ENEA Stadion,,,main stage,,,,,
Conference League,2026/27,2026,,7,Thu,2027-01-21,21:00,be,Anderlecht,,,eng,Sunderland,,,Lotto Park,,,main stage,,,,,
Conference League,2026/27,2026,,7,Thu,2027-01-21,21:00,de,Leverkusen,,,at,RB Salzburg,,,BayArena,,,main stage,,,,,
Conference League,2026/27,2026,,7,Thu,2027-01-21,21:00,fr,Rennes,,,cy,AC Omonia,,,Roazhon Park,,,main stage,,,,,
Conference League,2026/27,2026,,7,Thu,2027-01-21,21:45,am,Ararat-Armenia,,,si,NK Celje,,,Vahagn Tumasyan Stadium,,,main stage,,,,,
Conference League,2026/27,2026,,7,Thu,2027-01-21,22:00,il,H. Be'er Sheva,,,es,Celta Vigo,,,Superbet Arena-Giulești,,,main stage,,,,,
Conference League,2026/27,2026,,7,Thu,2027-01-21,22:00,bg,Levski Sofia,,,it,Milan,,,Stadion Georgi Asparuhov,,,main stage,,,,,
Conference League,2026/27,2026,,8,Thu,2027-01-28,20:00,eng,Sunderland,,,bg,Levski Sofia,,,Stadium of Light,,,main stage,,,,,
Conference League,2026/27,2026,,8,Thu,2027-01-28,20:00,eng,Bournemouth,,,il,H. Be'er Sheva,,,Vitality Stadium,,,main stage,,,,,
Conference League,2026/27,2026,,8,Thu,2027-01-28,20:00,pt,Benfica,,,nl,AZ Alkmaar,,,Estádio do Sport Lisboa e Benfica,,,main stage,,,,,
Conference League,2026/27,2026,,8,Thu,2027-01-28,20:00,pt,Torreense,,,gr,Olympiacos,,,Estádio Dr. Magalhães Pessoa,,,main stage,,,,,
Conference League,2026/27,2026,,8,Thu,2027-01-28,21:00,fr,Lyon,,,de,Leverkusen,,,Groupama Stadium,,,main stage,,,,,
Conference League,2026/27,2026,,8,Thu,2027-01-28,21:00,si,NK Celje,,,nl,NEC Nijmegen,,,Stadion Z'dežele,,,main stage,,,,,
Conference League,2026/27,2026,,8,Thu,2027-01-28,21:00,it,Milan,,,am,Ararat-Armenia,,,Stadio Giuseppe Meazza,,,main stage,,,,,
Conference League,2026/27,2026,,8,Thu,2027-01-28,21:00,de,Hoffenheim,,,hu,Ferencváros,,,PreZero Arena,,,main stage,,,,,
Conference League,2026/27,2026,,8,Thu,2027-01-28,21:00,fr,Marseille,,,be,Anderlecht,,,Orange Vélodrome,,,main stage,,,,,
Conference League,2026/27,2026,,8,Thu,2027-01-28,21:00,at,RB Salzburg,,,eng,Crystal Palace,,,Red Bull Arena,,,main stage,,,,,
Conference League,2026/27,2026,,8,Thu,2027-01-28,21:00,it,Juventus,,,es,Real Sociedad,,,Allianz Stadium,,,main stage,,,,,
Conference League,2026/27,2026,,8,Thu,2027-01-28,21:00,cz,Sparta Prague,,,fr,Rennes,,,epet Arena,,,main stage,,,,,
Conference League,2026/27,2026,,8,Thu,2027-01-28,21:00,cz,Viktoria Plzeň,,,pl,Jagiellonia,,,Doosan Arena,,,main stage,,,,,
Conference League,2026/27,2026,,8,Thu,2027-01-28,21:00,es,Celta Vigo,,,no,Lillestrøm,,,Estadio Abanca Balaídos,,,main stage,,,,,
Conference League,2026/27,2026,,8,Thu,2027-01-28,21:00,hr,Dinamo Zagreb,,,at,Sturm Graz,,,Stadion Maksimir,,,main stage,,,,,
Conference League,2026/27,2026,,8,Thu,2027-01-28,21:00,be,Union SG,,,sct,Celtic,,,King Power at Den Dreef Stadion,,,main stage,,,,,
Conference League,2026/27,2026,,8,Thu,2027-01-28,22:00,gr,OFI Crete,,,pl,Lech Poznań,,,Pankritio Stadio,,,main stage,,,,,
Conference League,2026/27,2026,,8,Thu,2027-01-28,22:00,cy,AC Omonia,,,tr,Beşiktaş,,,Neo GSP,,,main stage,,,,,
Conference League,2026/27,2026,First qualifying round,,Thu,2026-07-09,19:00,ua,Dynamo Kyiv,0,0–0,ro,Univ. Cluj,0,1795,Motor Lublin Arena,Joonas Jaanovits,Leg 1 of 2,qualification,False,False,,,
Conference League,2026/27,2026,First qualifying round,,Thu,2026-07-09,20:00,hr,Hajduk Split,2,2–0,sk,MŠK Žilina,0,22352,Gradski stadion u Poljudu,Kyriakos Athanasiou,Leg 1 of 2,qualification,False,False,,,
Conference League,2026/27,2026,First qualifying round,,Thu,2026-07-09,20:00,az,Qarabağ,3,3–0,is,ÍF Vestri,0,23549,Tofiq Bəhramov adına Respublika stadionu,Roman Jitari,Leg 1 of 2,qualification,False,False,,,
Conference League,2026/27,2026,First qualifying round,,Thu,2026-07-09,20:00,md,Sheriff Tiraspol,0,0–0,si,Aluminij,0,5634,Bolshaya Sportivnaya Arena,Arnes Talic,Leg 1 of 2,qualification,False,False,,,
Conference League,2026/27,2026,First qualifying round,,Thu,2026-07-09,20:00,rs,Vojvodina,1,1–2,hu,Ferencváros,2,6557,Stadion Karađorđe,Mathieu Vernice,Leg 1 of 2,qualification,False,False,,,
Conference League,2026/27,2026,First qualifying round,,Thu,2026-07-09,21:00,bg,CSKA Sofia,3,3–2,ie,Derry City,2,12713,Stadion Vasil Levski,Visar Kastrati,Leg 1 of 2,qualification,False,False,,,
Conference League,2026/27,2026,First qualifying round,,Thu,2026-07-16,18:30,ie,Derry City,1,1–2,bg,CSKA Sofia,2,4155,The Ryan McBride Brandywell Stadium,Jasmin Šabotić,Leg 2 of 2; CSKA Sofia won,qualification,False,False,,,
Conference League,2026/27,2026,First qualifying round,,Thu,2026-07-16,20:00,is,ÍF Vestri,0,0–3,az,Qarabağ,3,474,AVIS Völlurinn,Marek Radina,Leg 2 of 2; Qarabağ won,qualification,False,False,,,
Conference League,2026/27,2026,First qualifying round,,Thu,2026-07-16,20:00,si,Aluminij,0,0–1,md,Sheriff Tiraspol,1,2000,Ljudski Vrt,Anojen Kanagasingam,Leg 2 of 2; Sheriff Tiraspol won,qualification,False,False,,,
Conference League,2026/27,2026,First qualifying round,,Thu,2026-07-16,20:15,hu,Ferencváros,3,3–0,rs,Vojvodina,0,13901,Groupama Arena,Vitālijs Spasjoņņikovs,Leg 2 of 2; Ferencváros won,qualification,False,False,,,
Conference League,2026/27,2026,First qualifying round,,Thu,2026-07-16,20:30,ro,Univ. Cluj,0,(2) 0–0 (4),ua,Dynamo Kyiv,0,20043,Cluj Arena,Iwan Griffith,Leg 2 of 2; Dynamo Kyiv won; Dynamo Kyiv won a penalty shoot-out following extra time,qualification,True,True,2 - 4,2,4
Conference League,2026/27,2026,First qualifying round,,Thu,2026-07-16,20:30,sk,MŠK Žilina,2,2–1,hr,Hajduk Split,1,7823,Štadión Pod Dubňom,Horațiu Feșnic,Leg 2 of 2; Hajduk Split won,qualification,False,False,,,
Conference League,2026/27,2026,Second qualifying round,,Thu,2026-07-23,19:00,se,Hammarby,1,1–1,be,Anderlecht,1,23572,3Arena,Don Robertson,Leg 1 of 2,qualification,False,False,,,
Conference League,2026/27,2026,Second qualifying round,,Thu,2026-07-23,19:00,ua,Dynamo Kyiv,2,2–3,gr,PAOK,3,3225,Motor Lublin Arena,Sandi Putros,Leg 1 of 2,qualification,False,False,,,
Conference League,2026/27,2026,Second qualifying round,,Thu,2026-07-23,19:00,no,Tromsø,0,0–1,cz,Hradec Králové,1,5082,Romssa Arena,Snir Levi,Leg 1 of 2,qualification,False,False,,,
Conference League,2026/27,2026,Second qualifying round,,Thu,2026-07-23,20:00,md,Sheriff Tiraspol,0,0–5,il,Maccabi Tel Aviv,5,7157,Bolshaya Sportivnaya Arena,Kyriakos Athanasiou,Leg 1 of 2,qualification,False,False,,,
Conference League,2026/27,2026,Second qualifying round,,Thu,2026-07-23,20:00,nl,Twente,1,1–2,hu,Ferencváros,2,27500,De Grolsch Veste,Damian Kos,Leg 1 of 2,qualification,False,False,,,
Conference League,2026/27,2026,Second qualifying round,,Thu,2026-07-23,20:00,az,Qarabağ,0,0–0,bg,CSKA Sofia,0,23813,Tofiq Bəhramov adına Respublika stadionu,Daniele Chiffi,Leg 1 of 2,qualification,False,False,,,
Conference League,2026/27,2026,Second qualifying round,,Thu,2026-07-23,20:00,ch,St. Gallen,2,2–1,pt,Benfica,1,17179,Kybunpark,Luca Pairetto,Leg 1 of 2,qualification,False,False,,,
Conference League,2026/27,2026,Second qualifying round,,Thu,2026-07-23,21:00,hr,Hajduk Split,2,2–0,cy,Pafos FC,0,27752,Gradski stadion u Poljudu,Robert Harvey,Leg 1 of 2,qualification,False,False,,,
Conference League,2026/27,2026,Second qualifying round,,Thu,2026-07-23,21:00,tr,Beşiktaş,1,1–0,dk,Midtjylland,0,31471,Tüpraş Stadyumu,Ricardo de Burgos,Leg 1 of 2,qualification,False,False,,,
Conference League,2026/27,2026,Second qualifying round,,Thu,2026-07-30,19:00,dk,Midtjylland,0,0–2,tr,Beşiktaş,2,10227,MCH Arena,John Brooks,Leg 2 of 2; Beşiktaş won,qualification,False,False,,,
Conference League,2026/27,2026,Second qualifying round,,Thu,2026-07-30,19:00,cz,Hradec Králové,3,3–1,no,Tromsø,1,9300,Malšovická Aréna,Nikola Dabanović,Leg 2 of 2; Hradec Králové won,qualification,False,False,,,
Conference League,2026/27,2026,Second qualifying round,,Thu,2026-07-30,20:00,cy,Pafos FC,4,4–0,hr,Hajduk Split,0,4169,Alphamega Stadium,Paweł Raczkowski,Leg 2 of 2; Pafos FC won; Required Extra Time,qualification,True,False,,,
Conference League,2026/27,2026,Second qualifying round,,Thu,2026-07-30,20:00,il,Maccabi Tel Aviv,1,1–0,md,Sheriff Tiraspol,0,1012,Adjarabet Arena,Mikkel Redder,Leg 2 of 2; Maccabi Tel Aviv won,qualification,False,False,,,
Conference League,2026/27,2026,Second qualifying round,,Thu,2026-07-30,20:00,pt,Benfica,5,5–0,ch,St. Gallen,0,59563,Estádio do Sport Lisboa e Benfica,Florian Badstübner,Leg 2 of 2; Benfica won,qualification,False,False,,,
Conference League,2026/27,2026,Second qualifying round,,Thu,2026-07-30,20:30,hu,Ferencváros,2,2–2,nl,Twente,2,17201,Groupama Arena,Viktor Kopievskii,Leg 2 of 2; Ferencváros won,qualification,False,False,,,
Conference League,2026/27,2026,Second qualifying round,,Thu,2026-07-30,20:30,be,Anderlecht,3,3–1,se,Hammarby,1,18095,Lotto Park,Danilo Nikolić,Leg 2 of 2; Anderlecht won,qualification,False,False,,,
Conference League,2026/27,2026,Second qualifying round,,Thu,2026-07-30,20:45,gr,PAOK,2,2–0,ua,Dynamo Kyiv,0,18760,Stadio Toumbas,Damian Sylwestrzak,Leg 2 of 2; PAOK won,qualification,False,False,,,
Conference League,2026/27,2026,Second qualifying round,,Thu,2026-07-30,21:00,bg,CSKA Sofia,0,(5) 0–0 (4),az,Qarabağ,0,16172,Stadion Vasil Levski,Bram Van Driessche,Leg 2 of 2; CSKA Sofia won; CSKA Sofia won a penalty shoot-out following extra time,qualification,True,True,5 - 4,5,4
Conference League,2026/27,2026,Third qualifying round,,Tue,2026-08-04,20:00,ie,Shamrock,3,3–1,al,FK Egnatia,1,5047,Tallaght Stadium,Andris Treimanis,Leg 1 of 2,qualification,False,False,,,
Conference League,2026/27,2026,Third qualifying round,,Tue,2026-08-04,20:00,nir,Larne FC,0,0–0,ge,Iberia 1999,0,1967,Inver Park,Mohammad Al Emara,Leg 1 of 2,qualification,False,False,,,
Conference League,2026/27,2026,Third qualifying round,,Wed,2026-08-05,20:15,hu,Ferencváros,1,1–0,pl,Górnik Zabrze,0,12870,Groupama Arena,Javier Alberola,Leg 1 of 2,qualification,False,False,,,
Conference League,2026/27,2026,Third qualifying round,,Thu,2026-08-06,18:00,pl,Jagiellonia,2,2–1,sct,Rangers,1,19931,Chorten Arena,Nikola Dabanović,Leg 1 of 2,qualification,False,False,,,
Conference League,2026/27,2026,Third qualifying round,,Thu,2026-08-06,18:00,fi,KuPS,1,1–1,ro,CS U Craiova,1,1757,Väre Areena,Ondřej Berka,Leg 1 of 2,qualification,False,False,,,
Conference League,2026/27,2026,Third qualifying round,,Thu,2026-08-06,19:00,il,Maccabi Tel Aviv,0,0–3,bg,CSKA Sofia,3,119,Adjarabet Arena,Manfredas Lukjančukas,Leg 1 of 2,qualification,False,False,,,
Conference League,2026/27,2026,Third qualifying round,,Thu,2026-08-06,19:00,pl,Lech Poznań,1,1–0,fo,KÍ Klaksvík,0,16541,ENEA Stadion,Orel Grinfeeld,Leg 1 of 2,qualification,False,False,,,
Conference League,2026/27,2026,Third qualifying round,,Thu,2026-08-06,19:00,gi,Lincoln FC,1,1–1,cy,AC Omonia,1,716,Europa Point Stadium,Əliyar Ağayev,Leg 1 of 2,qualification,False,False,,,
Conference League,2026/27,2026,Third qualifying round,,Thu,2026-08-06,19:00,cz,Hradec Králové,0,0–1,tr,Beşiktaş,1,9300,Malšovická Aréna,Horațiu Feșnic,Leg 1 of 2,qualification,False,False,,,
Conference League,2026/27,2026,Third qualifying round,,Thu,2026-08-06,19:00,at,RB Salzburg,1,1–0,cy,Pafos FC,0,7704,Red Bull Arena,Damian Sylwestrzak,Leg 1 of 2,qualification,False,False,,,
Conference League,2026/27,2026,Third qualifying round,,Thu,2026-08-06,20:00,ch,Thun,3,3–0,is,KV,0,6167,Stockhorn Arena,Giorgi Kruashvili,Leg 1 of 2,qualification,False,False,,,
Conference League,2026/27,2026,Third qualifying round,,Thu,2026-08-06,20:00,pt,Benfica,6,6–1,sct,Hearts,1,60776,Estádio do Sport Lisboa e Benfica,Marian Barbu,Leg 1 of 2,qualification,False,False,,,
Conference League,2026/27,2026,Third qualifying round,,Thu,2026-08-06,20:45,gr,PAOK,0,0–1,be,Anderlecht,1,19161,Stadio Toumbas,Juan Martínez,Leg 1 of 2,qualification,False,False,,,
Conference League,2026/27,2026,Third qualifying round,,Tue,2026-08-11,20:00,ge,Iberia 1999,2,2–1,nir,Larne FC,1,40833,Mikheil Meskhis Sakhelobis Stadioni,Rohit Saggi,Leg 2 of 2; Iberia 1999 won; Required Extra Time,qualification,True,False,,,
Conference League,2026/27,2026,Third qualifying round,,Thu,2026-08-13,17:30,is,KV,3,3–2,ch,Thun,2,1108,Víkingsvöllur,Luís Godinho,Leg 2 of 2; Thun won,qualification,False,False,,,
Conference League,2026/27,2026,Third qualifying round,,Thu,2026-08-13,19:00,pl,Górnik Zabrze,1,1–1,hu,Ferencváros,1,23348,Stadion im. Ernesta Pohla,Andrea Colombo,Leg 2 of 2; Ferencváros won,qualification,False,False,,,
Conference League,2026/27,2026,Third qualifying round,,Thu,2026-08-13,19:30,sct,Rangers,1,1–1,pl,Jagiellonia,1,41636,Ibrox Stadium,Vassilis Fotias,Leg 2 of 2; Jagiellonia won,qualification,False,False,,,
Conference League,2026/27,2026,Third qualifying round,,Thu,2026-08-13,19:45,sct,Hearts,1,1–1,pt,Benfica,1,17068,Tynecastle Park,Sander van der Eijk,Leg 2 of 2; Benfica won,qualification,False,False,,,
Conference League,2026/27,2026,Third qualifying round,,Thu,2026-08-13,20:00,cy,Pafos FC,3,3–3,at,RB Salzburg,3,6183,Alphamega Stadium,João Pinheiro,Leg 2 of 2; RB Salzburg won,qualification,False,False,,,
Conference League,2026/27,2026,Third qualifying round,,Thu,2026-08-13,20:00,ro,CS U Craiova,2,2–1,fi,KuPS,1,22132,Stadionul Ion Oblemenco,Nenad Minaković,Leg 2 of 2; CS U Craiova won,qualification,False,False,,,
Conference League,2026/27,2026,Third qualifying round,,Thu,2026-08-13,20:00,cy,AC Omonia,1,1–0,gi,Lincoln FC,0,10691,Neo GSP,Sebastian Gishamer,Leg 2 of 2; AC Omonia won,qualification,False,False,,,
Conference League,2026/27,2026,Third qualifying round,,Thu,2026-08-13,20:00,tr,Beşiktaş,1,1–0,cz,Hradec Králové,0,30929,Tüpraş Stadyumu,Urs Schnyder,Leg 2 of 2; Beşiktaş won,qualification,False,False,,,
Conference League,2026/27,2026,Third qualifying round,,Thu,2026-08-13,20:30,be,Anderlecht,3,3–2,gr,PAOK,2,17976,Lotto Park,Simone Sozza,Leg 2 of 2; Anderlecht won,qualification,False,False,,,
Conference League,2026/27,2026,Third qualifying round,,Thu,2026-08-13,21:00,bg,CSKA Sofia,1,1–3,il,Maccabi Tel Aviv,3,23653,Stadion Vasil Levski,Daniel Schlager,Leg 2 of 2; CSKA Sofia won,qualification,False,False,,,
Conference League,2026/27,2026,Third qualifying round,,Thu,2026-08-13,21:00,al,FK Egnatia,5,5–1,ie,Shamrock,1,4000,Egnatia Arena,Georgi Kabakov,Leg 2 of 2; FK Egnatia won,qualification,False,False,,,
Conference League,2026/27,2026,Third qualifying round,,Fri,2026-08-14,19:00,fo,KÍ Klaksvík,0,0–5,pl,Lech Poznań,5,1465,Tórsvøllur,Igor Pajač,Leg 2 of 2; Lech Poznań won,qualification,False,False,,,
Conference League,2026/27,2026,Play-off round,,Thu,2026-08-20,18:00,se,Mjällby,0,0–1,at,RB Salzburg,1,3079,Strandvallen A-Plan,Mykola Balakin,Leg 1 of 2,qualification,False,False,,,
Conference League,2026/27,2026,Play-off round,,Thu,2026-08-20,18:00,pl,Jagiellonia,4,4–0,ge,Iberia 1999,0,19108,Chorten Arena,Ricardo de Burgos,Leg 1 of 2,qualification,False,False,,,
Conference League,2026/27,2026,Play-off round,,Thu,2026-08-20,19:00,al,FK Egnatia,0,0–0,no,Lillestrøm,0,4000,Egnatia Arena,Willy Delajod,Leg 1 of 2,qualification,False,False,,,
Conference League,2026/27,2026,Play-off round,,Thu,2026-08-20,19:00,pl,Lech Poznań,7,7–0,ch,Thun,0,22241,ENEA Stadion,Sebastian Gishamer,Leg 1 of 2,qualification,False,False,,,
Conference League,2026/27,2026,Play-off round,,Thu,2026-08-20,20:00,kz,FC Kairat,0,0–3,be,Anderlecht,3,17563,Ortalıq Stadion,Chris Kavanagh,Leg 1 of 2,qualification,False,False,,,
Conference League,2026/27,2026,Play-off round,,Thu,2026-08-20,20:00,tr,Beşiktaş,3,3–0,lt,Kauno Žalgiris,0,31494,Tüpraş Stadyumu,Tobias Stieler,Leg 1 of 2,qualification,False,False,,,
Conference League,2026/27,2026,Play-off round,,Thu,2026-08-20,20:00,rs,Red Star,3,3–0,cz,Viktoria Plzeň,0,31418,Stadion Rajko Mitić,Espen Eskås,Leg 1 of 2,qualification,False,False,,,
Conference League,2026/27,2026,Play-off round,,Thu,2026-08-20,20:00,pt,Benfica,3,3–1,dk,AGF,1,59147,Estádio do Sport Lisboa e Benfica,Marco Guida,Leg 1 of 2,qualification,False,False,,,
Conference League,2026/27,2026,Play-off round,,Thu,2026-08-20,20:00,be,Sint-Truiden,1,1–0,cy,AC Omonia,0,6214,Daio Wasabi Stayen Stadium,Georgi Kabakov,Leg 1 of 2,qualification,False,False,,,
Conference League,2026/27,2026,Play-off round,,Thu,2026-08-20,20:00,tr,Trabzonspor,0,0–1,hu,Ferencváros,1,32569,Papara Park Stadyumu,Igor Pajač,Leg 1 of 2,qualification,False,False,,,
Conference League,2026/27,2026,Play-off round,,Thu,2026-08-20,20:00,ro,CS U Craiova,1,1–1,am,Ararat-Armenia,1,22712,Stadionul Ion Oblemenco,Nick Walsh,Leg 1 of 2,qualification,False,False,,,
Conference League,2026/27,2026,Play-off round,,Thu,2026-08-20,21:00,gr,OFI Crete,3,3–0,bg,CSKA Sofia,0,12668,Pankritio Stadio,Srđan Jovanović,Leg 1 of 2,qualification,False,False,,,
Conference League,2026/27,2026,Play-off round,,Thu,2026-08-27,19:00,cz,Viktoria Plzeň,5,5–1,rs,Red Star,1,9238,Doosan Arena,Danny Makkelie,Leg 2 of 2; Viktoria Plzeň won; Required Extra Time,qualification,True,False,,,
Conference League,2026/27,2026,Play-off round,,Thu,2026-08-27,19:00,at,RB Salzburg,3,3–0,se,Mjällby,0,7654,Red Bull Arena,Irfan Peljto,Leg 2 of 2; RB Salzburg won,qualification,False,False,,,
Conference League,2026/27,2026,Play-off round,,Thu,2026-08-27,19:00,no,Lillestrøm,2,2–1,al,FK Egnatia,1,8010,Åråsen Stadion,João Pinheiro,Leg 2 of 2; Lillestrøm won; Required Extra Time,qualification,True,False,,,
Conference League,2026/27,2026,Play-off round,,Thu,2026-08-27,20:00,ge,Iberia 1999,1,1–2,pl,Jagiellonia,2,3014,Mikheil Meskhis Sakhelobis Stadioni,Simone Sozza,Leg 2 of 2; Jagiellonia won,qualification,False,False,,,
Conference League,2026/27,2026,Play-off round,,Thu,2026-08-27,20:00,am,Ararat-Armenia,1,1–0,ro,CS U Craiova,0,9280,Vazgen Sargsyan anvan Hanrapetakan Marza...,Donatas Rumšas,Leg 2 of 2; Ararat-Armenia won,qualification,False,False,,,
Conference League,2026/27,2026,Play-off round,,Thu,2026-08-27,20:00,cy,AC Omonia,4,4–2,be,Sint-Truiden,2,15008,Neo GSP,Damian Sylwestrzak,Leg 2 of 2; AC Omonia won,qualification,False,False,,,
Conference League,2026/27,2026,Play-off round,,Thu,2026-08-27,20:00,lt,Kauno Žalgiris,1,1–0,tr,Beşiktaş,0,7079,S. Dariaus ir S. Girėno stadionas,Jesús Gil,Leg 2 of 2; Beşiktaş won,qualification,False,False,,,
Conference League,2026/27,2026,Play-off round,,Thu,2026-08-27,20:00,ch,Thun,2,2–2,pl,Lech Poznań,2,5223,Stockhorn Arena,Halil Umut Meler,Leg 2 of 2; Lech Poznań won,qualification,False,False,,,
Conference League,2026/27,2026,Play-off round,,Thu,2026-08-27,20:00,dk,AGF,1,1–3,pt,Benfica,3,8945,Cepheus Park Randers,Daniel Siebert,Leg 2 of 2; Benfica won,qualification,False,False,,,
Conference League,2026/27,2026,Play-off round,,Thu,2026-08-27,20:30,hu,Ferencváros,4,4–0,tr,Trabzonspor,0,21011,Groupama Arena,Rade Obrenović,Leg 2 of 2; Ferencváros won,qualification,False,False,,,
Conference League,2026/27,2026,Play-off round,,Thu,2026-08-27,20:30,be,Anderlecht,3,3–0,kz,FC Kairat,0,16861,Lotto Park,Espen Eskås,Leg 2 of 2; Anderlecht won,qualification,False,False,,,
Conference League,2026/27,2026,Play-off round,,Thu,2026-08-27,21:00,bg,CSKA Sofia,0,0–2,gr,OFI Crete,2,12668,Stadion Vasil Levski,Ivan Kružliak,Leg 2 of 2; OFI Crete won,qualification,False,False,,,
Europa League,2021/22,2021,Group stage,1,Wed,2021-09-15,17:30,ru,Spartak Moscow,0,0–1,pl,Legia Warsaw,1,6832,Stadion Akademii imeni Cherenkova № 4,Nikola Dabanović,,main stage,,,,,
Europa League,2021/22,2021,Group stage,1,Thu,2021-09-16,18:45,es,Real Betis,4,4–3,sct,Celtic,3,30893,Estadio Benito Villamarín,Fran Jović,,main stage,,,,,
Europa League,2021/22,2021,Group stage,1,Thu,2021-09-16,18:45,at,Rapid Wien,0,0–1,be,Genk,1,18400,Gerhard-Hanappi-Stadion,Kristo Tohver,,main stage,,,,,
Europa League,2021/22,2021,Group stage,1,Thu,2021-09-16,18:45,rs,Red Star,2,2–1,pt,Braga,1,24671,Stadion Rajko Mitić,John Beaton,,main stage,,,,,
Europa League,2021/22,2021,Group stage,1,Thu,2021-09-16,18:45,de,Leverkusen,2,2–1,hu,Ferencváros,1,11013,BayArena,Andris Treimanis,,main stage,,,,,
Europa League,2021/22,2021,Group stage,1,Thu,2021-09-16,18:45,dk,Midtjylland,1,1–1,bg,Ludogorets,1,6568,MCH Arena,Chang Ssu-yu,,main stage,,,,,
Europa League,2021/22,2021,Group stage,1,Thu,2021-09-16,18:45,hr,Dinamo Zagreb,0,0–2,eng,West Ham,2,12344,Stadion Maksimir,Ruddy Buquet,,main stage,,,,,
Europa League,2021/22,2021,Group stage,1,Thu,2021-09-16,19:45,ru,Loko Moscow,1,1–1,fr,Marseille,1,8100,RZD Arena,Irfan Peljto,,main stage,,,,,
Europa League,2021/22,2021,Group stage,1,Thu,2021-09-16,19:45,tr,Galatasaray,1,1–0,it,Lazio,0,15353,Ali Sami Yen Stadyumu,Matej Jug,,main stage,,,,,
Europa League,2021/22,2021,Group stage,1,Thu,2021-09-16,20:00,sct,Rangers,0,0–2,fr,Lyon,2,44906,Ibrox Stadium,Andreas Ekberg,,main stage,,,,,
Europa League,2021/22,2021,Group stage,1,Thu,2021-09-16,20:00,eng,Leicester City,2,2–2,it,Napoli,2,29579,King Power Stadium,Tiago Martins,,main stage,,,,,
Europa League,2021/22,2021,Group stage,1,Thu,2021-09-16,21:00,nl,PSV,2,2–2,es,Real Sociedad,2,23135,Philips Stadion,William Collum,,main stage,,,,,
Europa League,2021/22,2021,Group stage,1,Thu,2021-09-16,21:00,dk,Brøndby,0,0–0,cz,Sparta Prague,0,18867,Brøndby Stadion,Aleksandar Stavrev,,main stage,,,,,
Europa League,2021/22,2021,Group stage,1,Thu,2021-09-16,21:00,de,Frankfurt,1,1–1,tr,Fenerbahçe,1,25000,Deutsche Bank Park,Maurizio Mariani,,main stage,,,,,
Europa League,2021/22,2021,Group stage,1,Thu,2021-09-16,21:00,fr,Monaco,1,1–0,at,Sturm Graz,0,2941,Stade Louis II,Donatas Rumšas,,main stage,,,,,
Europa League,2021/22,2021,Group stage,1,Thu,2021-09-16,22:00,gr,Olympiacos,2,2–1,be,Antwerp,1,15615,Stadio Georgios Karaiskáki,Tamás Bognár,,main stage,,,,,
Europa League,2021/22,2021,Group stage,2,Thu,2021-09-30,18:45,fr,Lyon,3,3–0,dk,Brøndby,0,25466,Groupama Stadium,Harald Lechner,,main stage,,,,,
Europa League,2021/22,2021,Group stage,2,Thu,2021-09-30,18:45,it,Napoli,2,2–3,ru,Spartak Moscow,3,13373,Stadio Diego Armando Maradona,Ivan Kružliak,,main stage,,,,,
Europa League,2021/22,2021,Group stage,2,Thu,2021-09-30,18:45,at,Sturm Graz,1,1–4,nl,PSV,4,15026,Merkur Arena,Anatolii Aranovskii,,main stage,,,,,
Europa League,2021/22,2021,Group stage,2,Thu,2021-09-30,18:45,pl,Legia Warsaw,1,1–0,eng,Leicester City,0,27087,Stadion Miejski Legii Warszawa im. Marsz...,Ivan Bebek,,main stage,,,,,
Europa League,2021/22,2021,Group stage,2,Thu,2021-09-30,18:45,es,Real Sociedad,1,1–1,fr,Monaco,1,23765,Estadio Municipal de Anoeta,Sergey Ivanov,,main stage,,,,,
Europa League,2021/22,2021,Group stage,2,Thu,2021-09-30,18:45,cz,Sparta Prague,1,1–0,sct,Rangers,0,10879,Generali Česká Pojišťovna Arena,Ali Palabıyık,,main stage,,,,,
Europa League,2021/22,2021,Group stage,2,Thu,2021-09-30,18:45,be,Antwerp,0,0–1,de,Frankfurt,1,13183,Bosuilstadion,Jakob Kehlet,,main stage,,,,,
Europa League,2021/22,2021,Group stage,2,Thu,2021-09-30,19:45,tr,Fenerbahçe,0,0–3,gr,Olympiacos,3,22160,Ülker Stadyumu Fenerbahçe Şükrü Saracoğl...,Alejandro Hernández,,main stage,,,,,
Europa League,2021/22,2021,Group stage,2,Thu,2021-09-30,20:00,sct,Celtic,0,0–4,de,Leverkusen,4,55436,Celtic Park,Marco Di Bello,,main stage,,,,,
Europa League,2021/22,2021,Group stage,2,Thu,2021-09-30,20:00,eng,West Ham,2,2–0,at,Rapid Wien,0,50004,London Stadium,Tobias Stieler,,main stage,,,,,
Europa League,2021/22,2021,Group stage,2,Thu,2021-09-30,20:00,pt,Braga,3,3–1,dk,Midtjylland,1,5449,Estádio Municipal de Braga,Stéphanie Frappart,,main stage,,,,,
Europa League,2021/22,2021,Group stage,2,Thu,2021-09-30,21:00,fr,Marseille,0,0–0,tr,Galatasaray,0,49870,Orange Vélodrome,Paweł Raczkowski,,main stage,,,,,
Europa League,2021/22,2021,Group stage,2,Thu,2021-09-30,21:00,be,Genk,0,0–3,hr,Dinamo Zagreb,3,11262,Luminus Arena,Mattias Gestranius,,main stage,,,,,
Europa League,2021/22,2021,Group stage,2,Thu,2021-09-30,21:00,hu,Ferencváros,1,1–3,es,Real Betis,3,16759,Groupama Arena,Roi Reinshreiber,,main stage,,,,,
Europa League,2021/22,2021,Group stage,2,Thu,2021-09-30,21:00,it,Lazio,2,2–0,ru,Loko Moscow,0,6767,Stadio Olimpico,Craig Pawson,,main stage,,,,,
Europa League,2021/22,2021,Group stage,2,Thu,2021-09-30,22:00,bg,Ludogorets,0,0–1,rs,Red Star,1,3078,Huvepharma Arena,Jérôme Brisard,,main stage,,,,,
Europa League,2021/22,2021,Group stage,3,Tue,2021-10-19,15:30,sct,Celtic,2,2–0,hu,Ferencváros,0,50427,Celtic Park,Jakob Kehlet,,main stage,,,,,
Europa League,2021/22,2021,Group stage,3,Wed,2021-10-20,17:30,ru,Spartak Moscow,3,3–4,eng,Leicester City,4,11366,Otkrytie Arena,Anastasios Sidiropoulos,,main stage,,,,,
Europa League,2021/22,2021,Group stage,3,Thu,2021-10-21,18:45,es,Real Betis,1,1–1,de,Leverkusen,1,39230,Estadio Benito Villamarín,Bartosz Frankowski,,main stage,,,,,
Europa League,2021/22,2021,Group stage,3,Thu,2021-10-21,18:45,dk,Midtjylland,1,1–1,rs,Red Star,1,8438,MCH Arena,Roi Reinshreiber,,main stage,,,,,
Europa League,2021/22,2021,Group stage,3,Thu,2021-10-21,18:45,it,Lazio,0,0–0,fr,Marseille,0,8329,Stadio Olimpico,Deniz Aytekin,,main stage,,,,,
Europa League,2021/22,2021,Group stage,3,Thu,2021-10-21,18:45,at,Rapid Wien,2,2–1,hr,Dinamo Zagreb,1,22300,Allianz Stadion,Kateryna Monzul,,main stage,,,,,
Europa League,2021/22,2021,Group stage,3,Thu,2021-10-21,19:45,tr,Fenerbahçe,2,2–2,be,Antwerp,2,16629,Ülker Stadyumu Fenerbahçe Şükrü Saracoğl...,Sergey Ivanov,,main stage,,,,,
Europa League,2021/22,2021,Group stage,3,Thu,2021-10-21,19:45,bg,Ludogorets,0,0–1,pt,Braga,1,2280,Huvepharma Arena,Kristo Tohver,,main stage,,,,,
Europa League,2021/22,2021,Group stage,3,Thu,2021-10-21,20:00,eng,West Ham,3,3–0,be,Genk,0,45980,London Stadium,Donatas Rumšas,,main stage,,,,,
Europa League,2021/22,2021,Group stage,3,Thu,2021-10-21,20:00,sct,Rangers,2,2–0,dk,Brøndby,0,46842,Ibrox Stadium,Fran Jović,,main stage,,,,,
Europa League,2021/22,2021,Group stage,3,Thu,2021-10-21,21:00,de,Frankfurt,3,3–1,gr,Olympiacos,1,35000,Deutsche Bank Park,Tiago Martins,,main stage,,,,,
Europa League,2021/22,2021,Group stage,3,Thu,2021-10-21,21:00,cz,Sparta Prague,3,3–4,fr,Lyon,4,12427,Generali Česká Pojišťovna Arena,Matej Jug,,main stage,,,,,
Europa League,2021/22,2021,Group stage,3,Thu,2021-10-21,21:00,at,Sturm Graz,0,0–1,es,Real Sociedad,1,14809,Merkur Arena,Tobias Stieler,,main stage,,,,,
Europa League,2021/22,2021,Group stage,3,Thu,2021-10-21,21:00,nl,PSV,1,1–2,fr,Monaco,2,33000,Philips Stadion,Davide Massa,,main stage,,,,,
Europa League,2021/22,2021,Group stage,3,Thu,2021-10-21,21:00,it,Napoli,3,3–0,pl,Legia Warsaw,0,10346,Stadio Diego Armando Maradona,Carlos Grande Rabadán,,main stage,,,,,
Europa League,2021/22,2021,Group stage,3,Thu,2021-10-21,22:00,ru,Loko Moscow,0,0–1,tr,Galatasaray,1,8100,RZD Arena,Harald Lechner,,main stage,,,,,
Europa League,2021/22,2021,Group stage,4,Thu,2021-11-04,18:45,es,Real Sociedad,1,1–1,at,Sturm Graz,1,25010,Estadio Municipal de Anoeta,Andris Treimanis,,main stage,,,,,
Europa League,2021/22,2021,Group stage,4,Thu,2021-11-04,18:45,dk,Brøndby,1,1–1,sct,Rangers,1,20462,Brøndby Stadion,Nikola Dabanović,,main stage,,,,,
Europa League,2021/22,2021,Group stage,4,Thu,2021-11-04,18:45,fr,Monaco,0,0–0,nl,PSV,0,5840,Stade Louis II,Cüneyt Çakιr,,main stage,,,,,
Europa League,2021/22,2021,Group stage,4,Thu,2021-11-04,18:45,pl,Legia Warsaw,1,1–4,it,Napoli,4,25706,Stadion Miejski Legii Warszawa im. Marsz...,Lawrence Visser,,main stage,,,,,
Europa League,2021/22,2021,Group stage,4,Thu,2021-11-04,18:45,fr,Lyon,3,3–0,cz,Sparta Prague,0,33934,Groupama Stadium,Maurizio Mariani,,main stage,,,,,
Europa League,2021/22,2021,Group stage,4,Thu,2021-11-04,18:45,be,Genk,2,2–2,eng,West Ham,2,12239,Luminus Arena,Aleksandar Stavrev,,main stage,,,,,
Europa League,2021/22,2021,Group stage,4,Thu,2021-11-04,19:45,gr,Olympiacos,1,1–2,de,Frankfurt,2,23050,Stadio Georgios Karaiskáki,Aliaksei Kulbakou,,main stage,,,,,
Europa League,2021/22,2021,Group stage,4,Thu,2021-11-04,20:00,pt,Braga,4,4–2,bg,Ludogorets,2,6221,Estádio Municipal de Braga,Glenn Nyberg,,main stage,,,,,
Europa League,2021/22,2021,Group stage,4,Thu,2021-11-04,20:00,eng,Leicester City,1,1–1,ru,Spartak Moscow,1,30222,King Power Stadium,Halil Umut Meler,,main stage,,,,,
Europa League,2021/22,2021,Group stage,4,Thu,2021-11-04,20:45,tr,Galatasaray,1,1–1,ru,Loko Moscow,1,27776,Nef Stadyumu,Sandro Schärer,,main stage,,,,,
Europa League,2021/22,2021,Group stage,4,Thu,2021-11-04,21:00,hu,Ferencváros,2,2–3,sct,Celtic,3,16501,Groupama Arena,Fábio Veríssimo,,main stage,,,,,
Europa League,2021/22,2021,Group stage,4,Thu,2021-11-04,21:00,rs,Red Star,0,0–1,dk,Midtjylland,1,23070,Stadion Rajko Mitić,Tamás Bognár,,main stage,,,,,
Europa League,2021/22,2021,Group stage,4,Thu,2021-11-04,21:00,de,Leverkusen,4,4–0,es,Real Betis,0,15208,BayArena,Anthony Taylor,,main stage,,,,,
Europa League,2021/22,2021,Group stage,4,Thu,2021-11-04,21:00,be,Antwerp,0,0–3,tr,Fenerbahçe,3,,Bosuilstadion,Irfan Peljto,,main stage,,,,,
Europa League,2021/22,2021,Group stage,4,Thu,2021-11-04,21:00,fr,Marseille,2,2–2,it,Lazio,2,59163,Orange Vélodrome,José Sánchez,,main stage,,,,,
Europa League,2021/22,2021,Group stage,4,Thu,2021-11-04,21:00,hr,Dinamo Zagreb,3,3–1,at,Rapid Wien,1,7835,Stadion Maksimir,John Beaton,,main stage,,,,,
Europa League,2021/22,2021,Group stage,5,Wed,2021-11-24,18:30,ru,Spartak Moscow,2,2–1,it,Napoli,1,25706,Otkrytie Arena,Clément Turpin,,main stage,,,,,
Europa League,2021/22,2021,Group stage,5,Thu,2021-11-25,18:45,at,Rapid Wien,0,0–2,eng,West Ham,2,,Allianz Stadion,Sergey Ivanov,,main stage,,,,,
Europa League,2021/22,2021,Group stage,5,Thu,2021-11-25,18:45,es,Real Betis,2,2–0,hu,Ferencváros,0,30137,Estadio Benito Villamarín,Ruddy Buquet,,main stage,,,,,
Europa League,2021/22,2021,Group stage,5,Thu,2021-11-25,18:45,rs,Red Star,1,1–0,bg,Ludogorets,0,11252,Stadion Rajko Mitić,José Sánchez,,main stage,,,,,
Europa League,2021/22,2021,Group stage,5,Thu,2021-11-25,18:45,de,Leverkusen,3,3–2,sct,Celtic,2,19830,BayArena,Anastasios Sidiropoulos,,main stage,,,,,
Europa League,2021/22,2021,Group stage,5,Thu,2021-11-25,18:45,dk,Midtjylland,3,3–2,pt,Braga,2,7189,MCH Arena,Matej Jug,,main stage,,,,,
Europa League,2021/22,2021,Group stage,5,Thu,2021-11-25,18:45,hr,Dinamo Zagreb,1,1–1,be,Genk,1,6892,Stadion Maksimir,Glenn Nyberg,,main stage,,,,,
Europa League,2021/22,2021,Group stage,5,Thu,2021-11-25,20:00,eng,Leicester City,3,3–1,pl,Legia Warsaw,1,30658,King Power Stadium,Deniz Aytekin,,main stage,,,,,
Europa League,2021/22,2021,Group stage,5,Thu,2021-11-25,20:00,sct,Rangers,2,2–0,cz,Sparta Prague,0,48370,Ibrox Stadium,Danny Makkelie,,main stage,,,,,
Europa League,2021/22,2021,Group stage,5,Thu,2021-11-25,20:45,tr,Galatasaray,4,4–2,fr,Marseille,2,39758,Ali Sami Yen Stadyumu,Tobias Stieler,,main stage,,,,,
Europa League,2021/22,2021,Group stage,5,Thu,2021-11-25,20:45,ru,Loko Moscow,0,0–3,it,Lazio,3,8100,RZD Arena,Artur Dias,,main stage,,,,,
Europa League,2021/22,2021,Group stage,5,Thu,2021-11-25,21:00,de,Frankfurt,2,2–2,be,Antwerp,2,30000,Deutsche Bank Park,Paul Tierney,,main stage,,,,,
Europa League,2021/22,2021,Group stage,5,Thu,2021-11-25,21:00,fr,Monaco,2,2–1,es,Real Sociedad,1,3834,Stade Louis II,Ivan Kružliak,,main stage,,,,,
Europa League,2021/22,2021,Group stage,5,Thu,2021-11-25,21:00,dk,Brøndby,1,1–3,fr,Lyon,3,16645,Brøndby Stadion,Georgi Kabakov,,main stage,,,,,
Europa League,2021/22,2021,Group stage,5,Thu,2021-11-25,21:00,nl,PSV,2,2–0,at,Sturm Graz,0,,Philips Stadion,Paweł Raczkowski,,main stage,,,,,
Europa League,2021/22,2021,Group stage,5,Thu,2021-11-25,22:00,gr,Olympiacos,1,1–0,tr,Fenerbahçe,0,22405,Stadio Georgios Karaiskáki,Antonio Matéu Lahoz,,main stage,,,,,
Europa League,2021/22,2021,Group stage,6,Thu,2021-12-09,18:45,pl,Legia Warsaw,0,0–1,ru,Spartak Moscow,1,21629,Stadion Miejski Legii Warszawa im. Marsz...,Matej Jug,,main stage,,,,,
Europa League,2021/22,2021,Group stage,6,Thu,2021-12-09,18:45,be,Antwerp,1,1–0,gr,Olympiacos,0,7992,Bosuilstadion,Marco Di Bello,,main stage,,,,,
Europa League,2021/22,2021,Group stage,6,Thu,2021-12-09,18:45,cz,Sparta Prague,2,2–0,dk,Brøndby,0,976,Generali Česká Pojišťovna Arena,Craig Pawson,,main stage,,,,,
Europa League,2021/22,2021,Group stage,6,Thu,2021-12-09,18:45,at,Sturm Graz,1,1–1,fr,Monaco,1,,Merkur Arena,Mohammed Al Hakim,,main stage,,,,,
Europa League,2021/22,2021,Group stage,6,Thu,2021-12-09,18:45,fr,Lyon,1,1–1,sct,Rangers,1,26842,Groupama Stadium,Radu Petrescu,,main stage,,,,,
Europa League,2021/22,2021,Group stage,6,Thu,2021-12-09,18:45,it,Napoli,3,3–2,eng,Leicester City,2,14646,Stadio Diego Armando Maradona,Antonio Matéu Lahoz,,main stage,,,,,
Europa League,2021/22,2021,Group stage,6,Thu,2021-12-09,18:45,es,Real Sociedad,3,3–0,nl,PSV,0,24940,Estadio Municipal de Anoeta,Felix Zwayer,,main stage,,,,,
Europa League,2021/22,2021,Group stage,6,Thu,2021-12-09,20:00,eng,West Ham,0,0–1,hr,Dinamo Zagreb,1,49407,London Stadium,Maurizio Mariani,,main stage,,,,,
Europa League,2021/22,2021,Group stage,6,Thu,2021-12-09,20:00,pt,Braga,1,1–1,rs,Red Star,1,5344,Estádio Municipal de Braga,Marco Guida,,main stage,,,,,
Europa League,2021/22,2021,Group stage,6,Thu,2021-12-09,20:00,sct,Celtic,3,3–2,es,Real Betis,2,54548,Celtic Park,Daniel Stefański,,main stage,,,,,
Europa League,2021/22,2021,Group stage,6,Thu,2021-12-09,20:45,tr,Fenerbahçe,1,1–1,de,Frankfurt,1,8932,Ülker Stadyumu Fenerbahçe Şükrü Saracoğl...,Srđan Jovanović,,main stage,,,,,
Europa League,2021/22,2021,Group stage,6,Thu,2021-12-09,21:00,it,Lazio,0,0–0,tr,Galatasaray,0,13178,Stadio Olimpico,Carlos del Cerro,,main stage,,,,,
Europa League,2021/22,2021,Group stage,6,Thu,2021-12-09,21:00,fr,Marseille,1,1–0,ru,Loko Moscow,0,42614,Orange Vélodrome,William Collum,,main stage,,,,,
Europa League,2021/22,2021,Group stage,6,Thu,2021-12-09,21:00,hu,Ferencváros,1,1–0,de,Leverkusen,0,12127,Groupama Arena,Kirill Levnikov,,main stage,,,,,
Europa League,2021/22,2021,Group stage,6,Thu,2021-12-09,21:00,be,Genk,0,0–1,at,Rapid Wien,1,10018,Luminus Arena,Tiago Martins,,main stage,,,,,
Europa League,2021/22,2021,Group stage,6,Thu,2021-12-09,22:00,bg,Ludogorets,0,0–0,dk,Midtjylland,0,556,Huvepharma Arena,Tobias Stieler,,main stage,,,,,
Europa League,2021/22,2021,Knockout round play-offs,,Thu,2022-02-17,18:45,de,Dortmund,2,2–4,sct,Rangers,4,10000,Signal Iduna Park,Clément Turpin,Leg 1 of 2,main stage,False,False,,,
Europa League,2021/22,2021,Knockout round play-offs,,Thu,2022-02-17,18:45,es,Barcelona,1,1–1,it,Napoli,1,73525,Camp Nou,István Kovács,Leg 1 of 2,main stage,False,False,,,
Europa League,2021/22,2021,Knockout round play-offs,,Thu,2022-02-17,19:45,md,Sheriff Tiraspol,2,2–0,pt,Braga,0,3062,Bolshaya Sportivnaya Arena,Danny Makkelie,Leg 1 of 2,main stage,False,False,,,
Europa League,2021/22,2021,Knockout round play-offs,,Thu,2022-02-17,20:00,pt,Porto,2,2–1,it,Lazio,1,32929,Estádio Do Dragão,Serdar Gözübüyük,Leg 1 of 2,main stage,False,False,,,
Europa League,2021/22,2021,Knockout round play-offs,,Thu,2022-02-17,20:45,ru,Zenit,2,2–3,es,Real Betis,3,28936,Gazprom Arena,Benoît Bastien,Leg 1 of 2,main stage,False,False,,,
Europa League,2021/22,2021,Knockout round play-offs,,Thu,2022-02-17,21:00,es,Sevilla,3,3–1,hr,Dinamo Zagreb,1,28372,Estadio Ramón Sánchez Pizjuán,Marco Guida,Leg 1 of 2,main stage,False,False,,,
Europa League,2021/22,2021,Knockout round play-offs,,Thu,2022-02-17,21:00,de,RB Leipzig,2,2–2,es,Real Sociedad,2,21113,Red Bull Arena,Cüneyt Çakιr,Leg 1 of 2,main stage,False,False,,,
Europa League,2021/22,2021,Knockout round play-offs,,Thu,2022-02-17,21:00,it,Atalanta,2,2–1,gr,Olympiacos,1,9448,Stadio Atleti Azzurri d'Italia,Sandro Schärer,Leg 1 of 2,main stage,False,False,,,
Europa League,2021/22,2021,Knockout round play-offs,,Thu,2022-02-24,18:45,es,Real Sociedad,1,1–3,de,RB Leipzig,3,30113,Estadio Municipal de Anoeta,Anthony Taylor,Leg 2 of 2; RB Leipzig won,main stage,False,False,,,
Europa League,2021/22,2021,Knockout round play-offs,,Thu,2022-02-24,18:45,hr,Dinamo Zagreb,1,1–0,es,Sevilla,0,9788,Stadion Maksimir,François Letexier,Leg 2 of 2; Sevilla won,main stage,False,False,,,
Europa League,2021/22,2021,Knockout round play-offs,,Thu,2022-02-24,18:45,it,Lazio,2,2–2,pt,Porto,2,24948,Stadio Olimpico,Deniz Aytekin,Leg 2 of 2; Porto won,main stage,False,False,,,
Europa League,2021/22,2021,Knockout round play-offs,,Thu,2022-02-24,19:45,gr,Olympiacos,0,0–3,it,Atalanta,3,15835,Stadio Georgios Karaiskáki,Carlos del Cerro,Leg 2 of 2; Atalanta won,main stage,False,False,,,
Europa League,2021/22,2021,Knockout round play-offs,,Thu,2022-02-24,20:00,pt,Braga,2,(3) 2–0 (2),md,Sheriff Tiraspol,0,9423,Estádio Municipal de Braga,José Sánchez,Leg 2 of 2; Braga won; Braga won a penalty shoot-out following extra time,main stage,True,True,3 - 2,3,2
Europa League,2021/22,2021,Knockout round play-offs,,Thu,2022-02-24,20:00,sct,Rangers,2,2–2,de,Dortmund,2,47709,Ibrox Stadium,Antonio Matéu Lahoz,Leg 2 of 2; Rangers won,main stage,False,False,,,
Europa League,2021/22,2021,Knockout round play-offs,,Thu,2022-02-24,21:00,it,Napoli,2,2–4,es,Barcelona,4,37858,Stadio Diego Armando Maradona,Sergey Karasev,Leg 2 of 2; Barcelona won,main stage,False,False,,,
Europa League,2021/22,2021,Knockout round play-offs,,Thu,2022-02-24,21:00,es,Real Betis,0,0–0,ru,Zenit,0,44236,Estadio Benito Villamarín,Halil Umut Meler,Leg 2 of 2; Real Betis won,main stage,False,False,,,
Europa League,2021/22,2021,Round of 16,,Wed,2022-03-09,17:45,pt,Porto,0,0–1,fr,Lyon,1,26309,Estádio Do Dragão,José Sánchez,Leg 1 of 2,main stage,False,False,,,
Europa League,2021/22,2021,Round of 16,,Wed,2022-03-09,18:45,es,Real Betis,1,1–2,de,Frankfurt,2,36574,Estadio Benito Villamarín,Marco Guida,Leg 1 of 2,main stage,False,False,,,
Europa League,2021/22,2021,Round of 16,,Thu,2022-03-10,18:45,de,RB Leipzig,,,ru,Spartak Moscow,,,Red Bull Arena,,Leg 1 of 2; Match Cancelled,main stage,False,False,,,
Europa League,2021/22,2021,Round of 16,,Thu,2022-03-10,18:45,es,Sevilla,1,1–0,eng,West Ham,0,34728,Estadio Ramón Sánchez Pizjuán,Sandro Schärer,Leg 1 of 2,main stage,False,False,,,
Europa League,2021/22,2021,Round of 16,,Thu,2022-03-10,20:00,pt,Braga,2,2–0,fr,Monaco,0,10228,Estádio Municipal de Braga,Felix Zwayer,Leg 1 of 2,main stage,False,False,,,
Europa League,2021/22,2021,Round of 16,,Thu,2022-03-10,20:00,sct,Rangers,3,3–0,rs,Red Star,0,48589,Ibrox Stadium,Serdar Gözübüyük,Leg 1 of 2,main stage,False,False,,,
Europa League,2021/22,2021,Round of 16,,Thu,2022-03-10,21:00,es,Barcelona,0,0–0,tr,Galatasaray,0,61740,Camp Nou,Benoît Bastien,Leg 1 of 2,main stage,False,False,,,
Europa League,2021/22,2021,Round of 16,,Thu,2022-03-10,21:00,it,Atalanta,3,3–2,de,Leverkusen,2,13134,Stadio Atleti Azzurri d'Italia,Srđan Jovanović,Leg 1 of 2,main stage,False,False,,,
Europa League,2021/22,2021,Round of 16,,Thu,2022-03-17,nan,ru,Spartak Moscow,,,de,RB Leipzig,,,,,Leg 2 of 2; RB Leipzig won; Match Cancelled,main stage,False,False,,,
Europa League,2021/22,2021,Round of 16,,Thu,2022-03-17,18:45,de,Leverkusen,0,0–1,it,Atalanta,1,19871,BayArena,François Letexier,Leg 2 of 2; Atalanta won,main stage,False,False,,,
Europa League,2021/22,2021,Round of 16,,Thu,2022-03-17,18:45,rs,Red Star,2,2–1,sct,Rangers,1,47024,Stadion Rajko Mitić,István Kovács,Leg 2 of 2; Rangers won,main stage,False,False,,,
Europa League,2021/22,2021,Round of 16,,Thu,2022-03-17,18:45,fr,Monaco,1,1–1,pt,Braga,1,3892,Stade Louis II,Andreas Ekberg,Leg 2 of 2; Braga won,main stage,False,False,,,
Europa League,2021/22,2021,Round of 16,,Thu,2022-03-17,20:00,eng,West Ham,2,2–0,es,Sevilla,0,59981,London Stadium,Clément Turpin,Leg 2 of 2; West Ham won; Required Extra Time,main stage,True,False,,,
Europa League,2021/22,2021,Round of 16,,Thu,2022-03-17,20:45,tr,Galatasaray,1,1–2,es,Barcelona,2,50110,Ali Sami Yen Stadyumu,Daniele Orsato,Leg 2 of 2; Barcelona won,main stage,False,False,,,
Europa League,2021/22,2021,Round of 16,,Thu,2022-03-17,21:00,fr,Lyon,1,1–1,pt,Porto,1,54551,Groupama Stadium,Ovidiu Hațegan,Leg 2 of 2; Lyon won,main stage,False,False,,,
Europa League,2021/22,2021,Round of 16,,Thu,2022-03-17,21:00,de,Frankfurt,1,1–1,es,Real Betis,1,25000,Deutsche Bank Park,Michael Oliver,Leg 2 of 2; Frankfurt won; Required Extra Time,main stage,True,False,,,
Europa League,2021/22,2021,Quarter-finals,,Thu,2022-04-07,18:45,de,RB Leipzig,1,1–1,it,Atalanta,1,36029,Red Bull Arena,Michael Oliver,Leg 1 of 2,main stage,False,False,,,
Europa League,2021/22,2021,Quarter-finals,,Thu,2022-04-07,20:00,pt,Braga,1,1–0,sct,Rangers,0,20331,Estádio Municipal de Braga,Davide Massa,Leg 1 of 2,main stage,False,False,,,
Europa League,2021/22,2021,Quarter-finals,,Thu,2022-04-07,20:00,eng,West Ham,1,1–1,fr,Lyon,1,59978,London Stadium,Felix Zwayer,Leg 1 of 2,main stage,False,False,,,
Europa League,2021/22,2021,Quarter-finals,,Thu,2022-04-07,21:00,de,Frankfurt,1,1–1,es,Barcelona,1,48000,Deutsche Bank Park,Srđan Jovanović,Leg 1 of 2,main stage,False,False,,,
Europa League,2021/22,2021,Quarter-finals,,Thu,2022-04-14,18:45,it,Atalanta,0,0–2,de,RB Leipzig,2,17905,Stadio Atleti Azzurri d'Italia,Antonio Matéu Lahoz,Leg 2 of 2; RB Leipzig won,main stage,False,False,,,
Europa League,2021/22,2021,Quarter-finals,,Thu,2022-04-14,20:00,sct,Rangers,3,3–1,pt,Braga,1,48894,Ibrox Stadium,François Letexier,Leg 2 of 2; Rangers won; Required Extra Time,main stage,True,False,,,
Europa League,2021/22,2021,Quarter-finals,,Thu,2022-04-14,21:00,fr,Lyon,0,0–3,eng,West Ham,3,50065,Groupama Stadium,Sandro Schärer,Leg 2 of 2; West Ham won,main stage,False,False,,,
Europa League,2021/22,2021,Quarter-finals,,Thu,2022-04-14,21:00,es,Barcelona,2,2–3,de,Frankfurt,3,79468,Camp Nou,Artur Dias,Leg 2 of 2; Frankfurt won,main stage,False,False,,,
Europa League,2021/22,2021,Semi-finals,,Thu,2022-04-28,20:00,eng,West Ham,1,1–2,de,Frankfurt,2,60000,London Stadium,Serdar Gözübüyük,Leg 1 of 2,main stage,False,False,,,
Europa League,2021/22,2021,Semi-finals,,Thu,2022-04-28,21:00,de,RB Leipzig,1,1–0,sct,Rangers,0,40303,Red Bull Arena,Benoît Bastien,Leg 1 of 2,main stage,False,False,,,
Europa League,2021/22,2021,Semi-finals,,Thu,2022-05-05,20:00,sct,Rangers,3,3–1,de,RB Leipzig,1,49397,Ibrox Stadium,Artur Dias,Leg 2 of 2; Rangers won,main stage,False,False,,,
Europa League,2021/22,2021,Semi-finals,,Thu,2022-05-05,21:00,de,Frankfurt,1,1–0,eng,West Ham,0,48000,Deutsche Bank Park,Jesús Gil,Leg 2 of 2; Frankfurt won,main stage,False,False,,,
Europa League,2021/22,2021,Final,,Wed,2022-05-18,21:00,de,Frankfurt,1,(5) 1–1 (4),sct,Rangers,1,,Estadio Ramón Sánchez Pizjuán (Neutral Site),Slavko Vinčič,Frankfurt won a penalty shoot-out following extra time,main stage,True,True,5 - 4,5,4
Europa League,2021/22,2021,Third qualifying round,,Tue,2021-08-03,21:00,az,Neftçi,2,2–2,fi,HJK Helsinki,2,3500,Bakcell Arena,William Collum,Leg 1 of 2,qualification,False,False,,,
Europa League,2021/22,2021,Third qualifying round,,Thu,2021-08-05,17:45,cz,Jablonec,2,2–4,sct,Celtic,4,4805,Stadion Střelnice,Halil Umut Meler,Leg 1 of 2,qualification,False,False,,,
Europa League,2021/22,2021,Third qualifying round,,Thu,2021-08-05,18:00,gi,Lincoln FC,1,1–3,sk,Slovan Bratislava,3,637,Victoria Stadium,Athanasios Tzilos,Leg 1 of 2,qualification,False,False,,,
Europa League,2021/22,2021,Third qualifying round,,Thu,2021-08-05,19:00,cy,AC Omonia,1,1–0,ee,FC Flora,0,8033,Neo GSP,Radu Petrescu,Leg 1 of 2,qualification,False,False,,,
Europa League,2021/22,2021,Third qualifying round,,Thu,2021-08-05,20:00,kz,FC Kairat,0,0–0,am,Alashkert,0,,Ortalıq Stadion,Aliaksei Kulbakou,Leg 1 of 2,qualification,False,False,,,
Europa League,2021/22,2021,Third qualifying round,,Thu,2021-08-05,20:00,si,NŠ Mura,0,0–0,lt,Žalgiris,0,2500,Mestni Štadion Fazanerija,Andreas Ekberg,Leg 1 of 2,qualification,False,False,,,
Europa League,2021/22,2021,Third qualifying round,,Thu,2021-08-05,20:30,at,Rapid Wien,3,3–0,cy,Anorthosis,0,11400,Allianz Stadion,Maurizio Mariani,Leg 1 of 2,qualification,False,False,,,
Europa League,2021/22,2021,Third qualifying round,,Thu,2021-08-05,21:00,tr,Galatasaray,1,1–1,sct,St Johnstone,1,6216,Nef Stadyumu,Sandro Schärer,Leg 1 of 2,qualification,False,False,,,
Europa League,2021/22,2021,Third qualifying round,,Tue,2021-08-10,19:00,ee,FC Flora,2,(4) 2–1 (5),cy,AC Omonia,1,1560,A. Le Coq Arena,Ivan Kružliak,Leg 2 of 2; AC Omonia won; AC Omonia won a penalty shoot-out following extra time,qualification,True,True,4 - 5,4,5
Europa League,2021/22,2021,Third qualifying round,,Tue,2021-08-10,20:30,sk,Slovan Bratislava,1,1–1,gi,Lincoln FC,1,4688,Štadión Tehelné pole,Mykola Balakin,Leg 2 of 2; Slovan Bratislava won,qualification,False,False,,,
Europa League,2021/22,2021,Third qualifying round,,Thu,2021-08-12,19:00,am,Alashkert,3,3–2,kz,FC Kairat,2,7000,Nairi,Lawrence Visser,Leg 2 of 2; Alashkert won; Required Extra Time,qualification,True,False,,,
Europa League,2021/22,2021,Third qualifying round,,Thu,2021-08-12,19:00,sct,St Johnstone,2,2–4,tr,Galatasaray,4,9106,McDiarmid Park,Andris Treimanis,Leg 2 of 2; Galatasaray won,qualification,False,False,,,
Europa League,2021/22,2021,Third qualifying round,,Thu,2021-08-12,19:00,fi,HJK Helsinki,3,3–0,az,Neftçi,0,4068,Telia 5G -areena,Deniz Aytekin,Leg 2 of 2; HJK Helsinki won,qualification,False,False,,,
Europa League,2021/22,2021,Third qualifying round,,Thu,2021-08-12,19:45,sct,Celtic,3,3–0,cz,Jablonec,0,50076,Celtic Park,Daniel Siebert,Leg 2 of 2; Celtic won,qualification,False,False,,,
Europa League,2021/22,2021,Third qualifying round,,Thu,2021-08-12,20:00,lt,Žalgiris,0,0–1,si,NŠ Mura,1,2921,Vilniaus LFF stadionas,Bartosz Frankowski,Leg 2 of 2; NŠ Mura won,qualification,False,False,,,
Europa League,2021/22,2021,Third qualifying round,,Thu,2021-08-12,20:00,cy,Anorthosis,2,2–1,at,Rapid Wien,1,3574,Stadio Antonis Papadopoulos,Aleksandar Stavrev,Leg 2 of 2; Rapid Wien won,qualification,False,False,,,
Europa League,2021/22,2021,Play-off round,,Tue,2021-08-17,21:00,rs,Red Star,4,4–0,ro,CFR Cluj,0,22482,Stadion Rajko Mitić,Georgi Kabakov,Leg 1 of 2,qualification,False,False,,,
Europa League,2021/22,2021,Play-off round,,Wed,2021-08-18,19:45,sct,Celtic,2,2–0,nl,AZ Alkmaar,0,52916,Celtic Park,Ovidiu Hațegan,Leg 1 of 2,qualification,False,False,,,
Europa League,2021/22,2021,Play-off round,,Thu,2021-08-19,19:00,cz,Slavia Prague,2,2–2,pl,Legia Warsaw,2,14543,Sinobo Stadium,Felix Zwayer,Leg 1 of 2,qualification,False,False,,,
Europa League,2021/22,2021,Play-off round,,Thu,2021-08-19,19:00,dk,Randers,1,1–1,tr,Galatasaray,1,7064,Cepheus Park Randers,Jesús Gil,Leg 1 of 2,qualification,False,False,,,
Europa League,2021/22,2021,Play-off round,,Thu,2021-08-19,20:00,cy,AC Omonia,4,4–2,be,Antwerp,2,7585,Neo GSP,Andreas Ekberg,Leg 1 of 2,qualification,False,False,,,
Europa League,2021/22,2021,Play-off round,,Thu,2021-08-19,20:00,si,NŠ Mura,1,1–3,at,Sturm Graz,3,4000,Mestni Štadion Fazanerija,Michael Oliver,Leg 1 of 2,qualification,False,False,,,
Europa League,2021/22,2021,Play-off round,,Thu,2021-08-19,20:00,sct,Rangers,1,1–0,am,Alashkert,0,42649,Ibrox Stadium,Anastasios Sidiropoulos,Leg 1 of 2,qualification,False,False,,,
Europa League,2021/22,2021,Play-off round,,Thu,2021-08-19,21:00,at,Rapid Wien,3,3–0,ua,Zorya Luhansk,0,10300,Allianz Stadion,Sandro Schärer,Leg 1 of 2,qualification,False,False,,,
Europa League,2021/22,2021,Play-off round,,Thu,2021-08-19,21:45,tr,Fenerbahçe,1,1–0,fi,HJK Helsinki,0,6769,Ülker Stadyumu Fenerbahçe Şükrü Saracoğl...,Benoît Bastien,Leg 1 of 2,qualification,False,False,,,
Europa League,2021/22,2021,Play-off round,,Thu,2021-08-19,22:00,gr,Olympiacos,3,3–0,sk,Slovan Bratislava,0,9823,Stadio Georgios Karaiskáki,Marco Guida,Leg 1 of 2,qualification,False,False,,,
Europa League,2021/22,2021,Play-off round,,Thu,2021-08-26,19:00,am,Alashkert,0,0–0,sct,Rangers,0,6800,Vazgen Sargsyan anvan Hanrapetakan Marza...,Tobias Stieler,Leg 2 of 2; Rangers won,qualification,False,False,,,
Europa League,2021/22,2021,Play-off round,,Thu,2021-08-26,19:00,fi,HJK Helsinki,2,2–5,tr,Fenerbahçe,5,3785,Telia 5G -areena,Ivan Kružliak,Leg 2 of 2; Fenerbahçe won,qualification,False,False,,,
Europa League,2021/22,2021,Play-off round,,Thu,2021-08-26,19:30,ua,Zorya Luhansk,2,2–3,at,Rapid Wien,3,2563,Slavutych-Arena,István Kovács,Leg 2 of 2; Rapid Wien won,qualification,False,False,,,
Europa League,2021/22,2021,Play-off round,,Thu,2021-08-26,20:15,nl,AZ Alkmaar,2,2–1,sct,Celtic,1,10041,AFAS Stadion,Tiago Martins,Leg 2 of 2; Celtic won,qualification,False,False,,,
Europa League,2021/22,2021,Play-off round,,Thu,2021-08-26,20:45,sk,Slovan Bratislava,2,2–2,gr,Olympiacos,2,7201,Štadión Tehelné pole,Deniz Aytekin,Leg 2 of 2; Olympiacos won,qualification,False,False,,,
Europa League,2021/22,2021,Play-off round,,Thu,2021-08-26,21:00,pl,Legia Warsaw,2,2–1,cz,Slavia Prague,1,20641,Stadion Miejski Legii Warszawa im. Marsz...,Artur Dias,Leg 2 of 2; Legia Warsaw won,qualification,False,False,,,
Europa League,2021/22,2021,Play-off round,,Thu,2021-08-26,21:00,at,Sturm Graz,2,2–0,si,NŠ Mura,0,8237,Merkur Arena,José Sánchez,Leg 2 of 2; Sturm Graz won,qualification,False,False,,,
Europa League,2021/22,2021,Play-off round,,Thu,2021-08-26,21:00,be,Antwerp,2,(3) 2–0 (2),cy,AC Omonia,0,10470,Bosuilstadion,Andris Treimanis,Leg 2 of 2; Antwerp won; Antwerp won a penalty shoot-out following extra time,qualification,True,True,3 - 2,3,2
Europa League,2021/22,2021,Play-off round,,Thu,2021-08-26,21:00,tr,Galatasaray,2,2–1,dk,Randers,1,3947,Ali Sami Yen Stadyumu,Alekseiy Kovalev,Leg 2 of 2; Galatasaray won,qualification,False,False,,,
Europa League,2021/22,2021,Play-off round,,Thu,2021-08-26,21:30,ro,CFR Cluj,1,1–2,rs,Red Star,2,4200,Stadionul Dr. Constantin Rădulescu,Michael Oliver,Leg 2 of 2; Red Star won,qualification,False,False,,,
Europa League,2022/23,2022,Group stage,1,Thu,2022-09-08,18:45,se,Malmö,0,0–2,pt,Braga,2,13721,Eleda Stadion,Duje Strukan,,main stage,,,,,
Europa League,2022/23,2022,Group stage,1,Thu,2022-09-08,18:45,de,Union Berlin,0,0–1,be,Union SG,1,21512,Stadion An der Alten Försterei,Serhiy Boyko,,main stage,,,,,
Europa League,2022/23,2022,Group stage,1,Thu,2022-09-08,18:45,ch,Zürich,1,1–2,eng,Arsenal,2,17070,Kybunpark,Mohammed Al Hakim,,main stage,,,,,
Europa League,2022/23,2022,Group stage,1,Thu,2022-09-08,18:45,nl,PSV,1,1–1,no,Bodø/Glimt,1,28627,Philips Stadion,Georgi Kabakov,,main stage,,,,,
Europa League,2022/23,2022,Group stage,1,Thu,2022-09-08,19:45,bg,Ludogorets,2,2–1,it,Roma,1,10011,Huvepharma Arena,Craig Pawson,,main stage,,,,,
Europa League,2022/23,2022,Group stage,1,Thu,2022-09-08,19:45,tr,Fenerbahçe,2,2–1,ua,Dynamo Kyiv,1,41895,Ülker Stadyumu Fenerbahçe Şükrü Saracoğl...,Tamás Bognár,,main stage,,,,,
Europa League,2022/23,2022,Group stage,1,Thu,2022-09-08,19:45,fi,HJK Helsinki,0,0–2,es,Real Betis,2,10164,Bolt Arena,Roi Reinshreiber,,main stage,,,,,
Europa League,2022/23,2022,Group stage,1,Thu,2022-09-08,19:45,cy,AEK Larnaca,1,1–2,fr,Rennes,2,4103,AEK Arena - George Karapatakis,Giorgi Kruashvili,,main stage,,,,,
Europa League,2022/23,2022,Group stage,1,Thu,2022-09-08,20:00,eng,Manchester Utd,0,0–1,es,Real Sociedad,1,74310,Old Trafford,Marco Di Bello,,main stage,,,,,
Europa League,2022/23,2022,Group stage,1,Thu,2022-09-08,21:00,at,Sturm Graz,1,1–0,dk,Midtjylland,0,10521,Merkur Arena,Chang Ssu-yu,,main stage,,,,,
Europa League,2022/23,2022,Group stage,1,Thu,2022-09-08,21:00,de,Freiburg,2,2–1,az,Qarabağ,1,31500,Schwarzwald-Stadion,Erik Lambrechts,,main stage,,,,,
Europa League,2022/23,2022,Group stage,1,Thu,2022-09-08,21:00,hu,Ferencváros,3,3–2,tr,Trabzonspor,2,17987,Groupama Arena,Fabio Maresca,,main stage,,,,,
Europa League,2022/23,2022,Group stage,1,Thu,2022-09-08,21:00,rs,Red Star,0,0–1,fr,Monaco,1,40226,Stadion Rajko Mitić,Harm Osmers,,main stage,,,,,
Europa League,2022/23,2022,Group stage,1,Thu,2022-09-08,21:00,it,Lazio,4,4–2,nl,Feyenoord,2,22763,Stadio Olimpico,Ricardo de Burgos,,main stage,,,,,
Europa League,2022/23,2022,Group stage,1,Thu,2022-09-08,21:00,fr,Nantes,2,2–1,gr,Olympiacos,1,31276,Stade de la Beaujoire - Louis Fonteneau,Harald Lechner,,main stage,,,,,
Europa League,2022/23,2022,Group stage,1,Thu,2022-09-08,22:00,cy,AC Omonia,0,0–3,md,Sheriff Tiraspol,3,11271,Neo GSP,Rade Obrenović,,main stage,,,,,
Europa League,2022/23,2022,Group stage,2,Thu,2022-09-15,18:45,es,Real Sociedad,2,2–1,cy,AC Omonia,1,28587,Reale Arena,Kristo Tohver,,main stage,,,,,
Europa League,2022/23,2022,Group stage,2,Thu,2022-09-15,18:45,dk,Midtjylland,5,5–1,it,Lazio,1,9052,MCH Arena,Nikola Dabanović,,main stage,,,,,
Europa League,2022/23,2022,Group stage,2,Thu,2022-09-15,18:45,nl,Feyenoord,6,6–0,at,Sturm Graz,0,30025,Stadion Feijenoord,Jérôme Brisard,,main stage,,,,,
Europa League,2022/23,2022,Group stage,2,Thu,2022-09-15,18:45,fr,Monaco,0,0–1,hu,Ferencváros,1,3931,Stade Louis II,Espen Andreas Eskås,,main stage,,,,,
Europa League,2022/23,2022,Group stage,2,Thu,2022-09-15,19:45,tr,Trabzonspor,2,2–1,rs,Red Star,1,24884,Şenol Güneş Stadyumu,Sascha Stegemann,,main stage,,,,,
Europa League,2022/23,2022,Group stage,2,Thu,2022-09-15,19:45,gr,Olympiacos,0,0–3,de,Freiburg,3,23104,Stadio Georgios Karaiskáki,Matej Jug,,main stage,,,,,
Europa League,2022/23,2022,Group stage,2,Thu,2022-09-15,19:45,md,Sheriff Tiraspol,0,0–2,eng,Manchester Utd,2,8734,Stadionul Zimbru,Paweł Raczkowski,,main stage,,,,,
Europa League,2022/23,2022,Group stage,2,Thu,2022-09-15,20:00,pt,Braga,1,1–0,de,Union Berlin,0,17782,Estádio Municipal de Braga,Filip Glova,,main stage,,,,,
Europa League,2022/23,2022,Group stage,2,Thu,2022-09-15,20:45,az,Qarabağ,3,3–0,fr,Nantes,0,26495,Tofiq Bəhramov adına Respublika stadionu,Enea Jorgji,,main stage,,,,,
Europa League,2022/23,2022,Group stage,2,Thu,2022-09-15,21:00,be,Union SG,3,3–2,se,Malmö,2,4373,King Power at Den Dreef Stadion,Bartosz Frankowski,,main stage,,,,,
Europa League,2022/23,2022,Group stage,2,Thu,2022-09-15,21:00,fr,Rennes,2,2–2,tr,Fenerbahçe,2,20993,Roazhon Park,Aliaksei Kulbakou,,main stage,,,,,
Europa League,2022/23,2022,Group stage,2,Thu,2022-09-15,21:00,ua,Dynamo Kyiv,0,0–1,cy,AEK Larnaca,1,3362,Stadion Cracovii,Jakob Kehlet,,main stage,,,,,
Europa League,2022/23,2022,Group stage,2,Thu,2022-09-15,21:00,it,Roma,3,3–0,fi,HJK Helsinki,0,60193,Stadio Olimpico,Radu Petrescu,,main stage,,,,,
Europa League,2022/23,2022,Group stage,2,Thu,2022-09-15,21:00,no,Bodø/Glimt,2,2–1,ch,Zürich,1,8000,Aspmyra Stadion,Stéphanie Frappart,,main stage,,,,,
Europa League,2022/23,2022,Group stage,2,Thu,2022-09-15,21:00,es,Real Betis,3,3–2,bg,Ludogorets,2,43113,Estadio Benito Villamarín,Andris Treimanis,,main stage,,,,,
Europa League,2022/23,2022,Group stage,3,Thu,2022-10-06,18:45,ch,Zürich,1,1–5,nl,PSV,5,10626,Stadion Letzigrund,William Collum,,main stage,,,,,
Europa League,2022/23,2022,Group stage,3,Thu,2022-10-06,18:45,se,Malmö,0,0–1,de,Union Berlin,1,16057,Eleda Stadion,Halil Umut Meler,,main stage,,,,,
Europa League,2022/23,2022,Group stage,3,Thu,2022-10-06,18:45,fr,Monaco,3,3–1,tr,Trabzonspor,1,5050,Stade Louis II,Giorgi Kruashvili,,main stage,,,,,
Europa League,2022/23,2022,Group stage,3,Thu,2022-10-06,18:45,rs,Red Star,4,4–1,hu,Ferencváros,1,26244,Stadion Rajko Mitić,Lawrence Visser,,main stage,,,,,
Europa League,2022/23,2022,Group stage,3,Thu,2022-10-06,18:45,at,Sturm Graz,0,0–0,it,Lazio,0,14171,Merkur Arena,Benoît Bastien,,main stage,,,,,
Europa League,2022/23,2022,Group stage,3,Thu,2022-10-06,19:45,fi,HJK Helsinki,1,1–1,bg,Ludogorets,1,9751,Bolt Arena,Yevhen Aranovskyi,,main stage,,,,,
Europa League,2022/23,2022,Group stage,3,Thu,2022-10-06,19:45,cy,AC Omonia,2,2–3,eng,Manchester Utd,3,20011,Neo GSP,João Pinheiro,,main stage,,,,,
Europa League,2022/23,2022,Group stage,3,Thu,2022-10-06,19:45,md,Sheriff Tiraspol,0,0–2,es,Real Sociedad,2,5427,Stadionul Zimbru,Harald Lechner,,main stage,,,,,
Europa League,2022/23,2022,Group stage,3,Thu,2022-10-06,20:00,eng,Arsenal,3,3–0,no,Bodø/Glimt,0,59724,Arsenal Stadium,Harm Osmers,,main stage,,,,,
Europa League,2022/23,2022,Group stage,3,Thu,2022-10-06,20:00,pt,Braga,1,1–2,be,Union SG,2,14044,Estádio Municipal de Braga,Stéphanie Frappart,,main stage,,,,,
Europa League,2022/23,2022,Group stage,3,Thu,2022-10-06,21:00,it,Roma,1,1–2,es,Real Betis,2,62294,Stadio Olimpico,Matej Jug,,main stage,,,,,
Europa League,2022/23,2022,Group stage,3,Thu,2022-10-06,21:00,de,Freiburg,2,2–0,fr,Nantes,0,33200,Schwarzwald-Stadion,Glenn Nyberg,,main stage,,,,,
Europa League,2022/23,2022,Group stage,3,Thu,2022-10-06,21:00,dk,Midtjylland,2,2–2,nl,Feyenoord,2,9044,MCH Arena,Mohammed Al Hakim,,main stage,,,,,
Europa League,2022/23,2022,Group stage,3,Thu,2022-10-06,21:00,fr,Rennes,2,2–1,ua,Dynamo Kyiv,1,24761,Roazhon Park,José Sánchez,,main stage,,,,,
Europa League,2022/23,2022,Group stage,3,Thu,2022-10-06,22:00,gr,Olympiacos,0,0–3,az,Qarabağ,3,21677,Stadio Georgios Karaiskáki,Irfan Peljto,,main stage,,,,,
Europa League,2022/23,2022,Group stage,3,Thu,2022-10-06,22:00,tr,Fenerbahçe,2,2–0,cy,AEK Larnaca,0,38860,Ülker Stadyumu Fenerbahçe Şükrü Saracoğl...,Chris Kavanagh,,main stage,,,,,
Europa League,2022/23,2022,Group stage,4,Thu,2022-10-13,18:45,be,Union SG,3,3–3,pt,Braga,3,7851,King Power at Den Dreef Stadion,Chang Ssu-yu,,main stage,,,,,
Europa League,2022/23,2022,Group stage,4,Thu,2022-10-13,18:45,no,Bodø/Glimt,0,0–1,eng,Arsenal,1,7922,Aspmyra Stadion,Irfan Peljto,,main stage,,,,,
Europa League,2022/23,2022,Group stage,4,Thu,2022-10-13,18:45,fr,Nantes,0,0–4,de,Freiburg,4,31845,Stade de la Beaujoire - Louis Fonteneau,Horațiu Fesnic,,main stage,,,,,
Europa League,2022/23,2022,Group stage,4,Thu,2022-10-13,18:45,es,Real Betis,1,1–1,it,Roma,1,52472,Estadio Benito Villamarín,Anastasios Sidiropoulos,,main stage,,,,,
Europa League,2022/23,2022,Group stage,4,Thu,2022-10-13,18:45,nl,Feyenoord,2,2–2,dk,Midtjylland,2,43086,Stadion Feijenoord,Rade Obrenović,,main stage,,,,,
Europa League,2022/23,2022,Group stage,4,Thu,2022-10-13,18:45,ua,Dynamo Kyiv,0,0–1,fr,Rennes,1,5398,Stadion Cracovii,Serdar Gözübüyük,,main stage,,,,,
Europa League,2022/23,2022,Group stage,4,Thu,2022-10-13,19:45,cy,AEK Larnaca,1,1–2,tr,Fenerbahçe,2,6947,AEK Arena - George Karapatakis,Paweł Raczkowski,,main stage,,,,,
Europa League,2022/23,2022,Group stage,4,Thu,2022-10-13,20:00,eng,Manchester Utd,1,1–0,cy,AC Omonia,0,74310,Old Trafford,Jérôme Brisard,,main stage,,,,,
Europa League,2022/23,2022,Group stage,4,Thu,2022-10-13,20:45,az,Qarabağ,0,0–0,gr,Olympiacos,0,31200,Tofiq Bəhramov adına Respublika stadionu,Craig Pawson,,main stage,,,,,
Europa League,2022/23,2022,Group stage,4,Thu,2022-10-13,21:00,es,Real Sociedad,3,3–0,md,Sheriff Tiraspol,0,25806,Reale Arena,Enea Jorgji,,main stage,,,,,
Europa League,2022/23,2022,Group stage,4,Thu,2022-10-13,21:00,nl,PSV,5,5–0,ch,Zürich,0,30000,Philips Stadion,Ali Palabıyık,,main stage,,,,,
Europa League,2022/23,2022,Group stage,4,Thu,2022-10-13,21:00,de,Union Berlin,1,1–0,se,Malmö,0,21800,Stadion An der Alten Försterei,Aleksandar Stavrev,,main stage,,,,,
Europa League,2022/23,2022,Group stage,4,Thu,2022-10-13,21:00,hu,Ferencváros,2,2–1,rs,Red Star,1,20675,Groupama Arena,Daniel Stefański,,main stage,,,,,
Europa League,2022/23,2022,Group stage,4,Thu,2022-10-13,21:00,it,Lazio,2,2–2,at,Sturm Graz,2,21059,Stadio Olimpico,Sascha Stegemann,,main stage,,,,,
Europa League,2022/23,2022,Group stage,4,Thu,2022-10-13,22:00,bg,Ludogorets,2,2–0,fi,HJK Helsinki,0,4623,Huvepharma Arena,Kristo Tohver,,main stage,,,,,
Europa League,2022/23,2022,Group stage,4,Thu,2022-10-13,22:00,tr,Trabzonspor,4,4–0,fr,Monaco,0,24343,Şenol Güneş Stadyumu,Jakob Kehlet,,main stage,,,,,
Europa League,2022/23,2022,Group stage,2,Thu,2022-10-20,18:00,eng,Arsenal,1,1–0,nl,PSV,0,52200,Arsenal Stadium,Alejandro Hernández,,main stage,,,,,
Europa League,2022/23,2022,Group stage,5,Thu,2022-10-27,18:45,it,Lazio,2,2–1,dk,Midtjylland,1,17756,Stadio Olimpico,Daniel Stefański,,main stage,,,,,
Europa League,2022/23,2022,Group stage,5,Thu,2022-10-27,18:45,de,Union Berlin,1,1–0,pt,Braga,0,21082,Stadion An der Alten Försterei,Craig Pawson,,main stage,,,,,
Europa League,2022/23,2022,Group stage,5,Thu,2022-10-27,18:45,nl,PSV,2,2–0,eng,Arsenal,0,35000,Philips Stadion,Marco Di Bello,,main stage,,,,,
Europa League,2022/23,2022,Group stage,5,Thu,2022-10-27,18:45,se,Malmö,0,0–2,be,Union SG,2,10912,Eleda Stadion,Roi Reinshreiber,,main stage,,,,,
Europa League,2022/23,2022,Group stage,5,Thu,2022-10-27,18:45,ch,Zürich,2,2–1,no,Bodø/Glimt,1,10168,Stadion Letzigrund,Yevhen Aranovskyi,,main stage,,,,,
Europa League,2022/23,2022,Group stage,5,Thu,2022-10-27,19:45,cy,AEK Larnaca,3,3–3,ua,Dynamo Kyiv,3,4321,AEK Arena - George Karapatakis,John Beaton,,main stage,,,,,
Europa League,2022/23,2022,Group stage,5,Thu,2022-10-27,19:45,bg,Ludogorets,0,0–1,es,Real Betis,1,9487,Huvepharma Arena,Harald Lechner,,main stage,,,,,
Europa League,2022/23,2022,Group stage,5,Thu,2022-10-27,19:45,tr,Fenerbahçe,3,3–3,fr,Rennes,3,34840,Ülker Stadyumu Fenerbahçe Şükrü Saracoğl...,Novak Simović,,main stage,,,,,
Europa League,2022/23,2022,Group stage,5,Thu,2022-10-27,20:00,eng,Manchester Utd,3,3–0,md,Sheriff Tiraspol,0,73764,Old Trafford,Anastasios Sidiropoulos,,main stage,,,,,
Europa League,2022/23,2022,Group stage,5,Thu,2022-10-27,21:00,rs,Red Star,2,2–1,tr,Trabzonspor,1,30431,Stadion Rajko Mitić,João Pinheiro,,main stage,,,,,
Europa League,2022/23,2022,Group stage,5,Thu,2022-10-27,21:00,de,Freiburg,1,1–1,gr,Olympiacos,1,33000,Schwarzwald-Stadion,Kristo Tohver,,main stage,,,,,
Europa League,2022/23,2022,Group stage,5,Thu,2022-10-27,21:00,at,Sturm Graz,1,1–0,nl,Feyenoord,0,13987,Merkur Arena,Espen Andreas Eskås,,main stage,,,,,
Europa League,2022/23,2022,Group stage,5,Thu,2022-10-27,21:00,hu,Ferencváros,1,1–1,fr,Monaco,1,20517,Groupama Arena,Enea Jorgji,,main stage,,,,,
Europa League,2022/23,2022,Group stage,5,Thu,2022-10-27,21:00,fr,Nantes,2,2–1,az,Qarabağ,1,30927,Stade de la Beaujoire - Louis Fonteneau,Jakob Kehlet,,main stage,,,,,
Europa League,2022/23,2022,Group stage,5,Thu,2022-10-27,22:00,cy,AC Omonia,0,0–2,es,Real Sociedad,2,11780,Neo GSP,Tamás Bognár,,main stage,,,,,
Europa League,2022/23,2022,Group stage,5,Thu,2022-10-27,22:00,fi,HJK Helsinki,1,1–2,it,Roma,2,9751,Bolt Arena,Tiago Martins,,main stage,,,,,
Europa League,2022/23,2022,Group stage,6,Thu,2022-11-03,18:45,dk,Midtjylland,2,2–0,at,Sturm Graz,0,9134,MCH Arena,Matej Jug,,main stage,,,,,
Europa League,2022/23,2022,Group stage,6,Thu,2022-11-03,18:45,es,Real Sociedad,0,0–1,eng,Manchester Utd,1,36744,Reale Arena,Georgi Kabakov,,main stage,,,,,
Europa League,2022/23,2022,Group stage,6,Thu,2022-11-03,18:45,nl,Feyenoord,1,1–0,it,Lazio,0,43268,Stadion Feijenoord,Irfan Peljto,,main stage,,,,,
Europa League,2022/23,2022,Group stage,6,Thu,2022-11-03,18:45,fr,Monaco,4,4–1,rs,Red Star,1,6341,Stade Louis II,Serdar Gözübüyük,,main stage,,,,,
Europa League,2022/23,2022,Group stage,6,Thu,2022-11-03,19:45,md,Sheriff Tiraspol,1,1–0,cy,AC Omonia,0,2295,Stadionul Zimbru,Fran Jović,,main stage,,,,,
Europa League,2022/23,2022,Group stage,6,Thu,2022-11-03,19:45,gr,Olympiacos,0,0–2,fr,Nantes,2,16254,Stadio Georgios Karaiskáki,Serhiy Boyko,,main stage,,,,,
Europa League,2022/23,2022,Group stage,6,Thu,2022-11-03,20:00,eng,Arsenal,1,1–0,ch,Zürich,0,48500,Arsenal Stadium,Erik Lambrechts,,main stage,,,,,
Europa League,2022/23,2022,Group stage,6,Thu,2022-11-03,20:00,pt,Braga,2,2–1,se,Malmö,1,11805,Estádio Municipal de Braga,Ruddy Buquet,,main stage,,,,,
Europa League,2022/23,2022,Group stage,6,Thu,2022-11-03,20:45,tr,Trabzonspor,1,1–0,hu,Ferencváros,0,22840,Şenol Güneş Stadyumu,Harm Osmers,,main stage,,,,,
Europa League,2022/23,2022,Group stage,6,Thu,2022-11-03,21:00,ua,Dynamo Kyiv,0,0–2,tr,Fenerbahçe,2,6304,Stadion Cracovii,Duje Strukan,,main stage,,,,,
Europa League,2022/23,2022,Group stage,6,Thu,2022-11-03,21:00,fr,Rennes,1,1–1,cy,AEK Larnaca,1,27210,Roazhon Park,Mohammed Al Hakim,,main stage,,,,,
Europa League,2022/23,2022,Group stage,6,Thu,2022-11-03,21:00,no,Bodø/Glimt,1,1–2,nl,PSV,2,7985,Aspmyra Stadion,Donatas Rumšas,,main stage,,,,,
Europa League,2022/23,2022,Group stage,6,Thu,2022-11-03,21:00,it,Roma,3,3–1,bg,Ludogorets,1,60807,Stadio Olimpico,Nikola Dabanović,,main stage,,,,,
Europa League,2022/23,2022,Group stage,6,Thu,2022-11-03,21:00,be,Union SG,0,0–1,de,Union Berlin,1,5597,King Power at Den Dreef Stadion,Andris Treimanis,,main stage,,,,,
Europa League,2022/23,2022,Group stage,6,Thu,2022-11-03,21:00,es,Real Betis,3,3–0,fi,HJK Helsinki,0,35384,Estadio Benito Villamarín,William Collum,,main stage,,,,,
Europa League,2022/23,2022,Group stage,6,Thu,2022-11-03,21:45,az,Qarabağ,1,1–1,de,Freiburg,1,30430,Tofiq Bəhramov adına Respublika stadionu,Alekseiy Kovalev,,main stage,,,,,
Europa League,2022/23,2022,Knockout round play-offs,,Thu,2023-02-16,18:45,nl,Ajax,0,0–0,de,Union Berlin,0,54322,Johan Cruyff ArenA,Halil Umut Meler,Leg 1 of 2,main stage,False,False,,,
Europa League,2022/23,2022,Knockout round play-offs,,Thu,2023-02-16,18:45,es,Barcelona,2,2–2,eng,Manchester Utd,2,90225,Camp Nou,Maurizio Mariani,Leg 1 of 2,main stage,False,False,,,
Europa League,2022/23,2022,Knockout round play-offs,,Thu,2023-02-16,18:45,at,RB Salzburg,1,1–0,it,Roma,0,29520,Red Bull Arena,Dennis Higler,Leg 1 of 2,main stage,False,False,,,
Europa League,2022/23,2022,Knockout round play-offs,,Thu,2023-02-16,19:45,ua,Shakhtar D.,2,2–1,fr,Rennes,1,13415,Stadion Miejski Legii Warszawa im. Marsz...,Irfan Peljto,Leg 1 of 2,main stage,False,False,,,
Europa League,2022/23,2022,Knockout round play-offs,,Thu,2023-02-16,20:00,pt,Sporting CP,1,1–1,dk,Midtjylland,1,23279,Estádio José Alvalade,François Letexier,Leg 1 of 2,main stage,False,False,,,
Europa League,2022/23,2022,Knockout round play-offs,,Thu,2023-02-16,21:00,it,Juventus,1,1–1,fr,Nantes,1,41019,Allianz Stadium,João Pinheiro,Leg 1 of 2,main stage,False,False,,,
Europa League,2022/23,2022,Knockout round play-offs,,Thu,2023-02-16,21:00,de,Leverkusen,2,2–3,fr,Monaco,3,27864,BayArena,Orel Grinfeeld,Leg 1 of 2,main stage,False,False,,,
Europa League,2022/23,2022,Knockout round play-offs,,Thu,2023-02-16,21:00,es,Sevilla,3,3–0,nl,PSV,0,29593,Estadio Ramón Sánchez Pizjuán,Radu Petrescu,Leg 1 of 2,main stage,False,False,,,
Europa League,2022/23,2022,Knockout round play-offs,,Thu,2023-02-23,18:45,dk,Midtjylland,0,0–4,pt,Sporting CP,4,9576,MCH Arena,Ivan Kružliak,Leg 2 of 2; Sporting CP won,main stage,False,False,,,
Europa League,2022/23,2022,Knockout round play-offs,,Thu,2023-02-23,18:45,fr,Monaco,2,(3) 2–3 (5),de,Leverkusen,3,8504,Stade Louis II,Alejandro Hernández,Leg 2 of 2; Leverkusen won; Leverkusen won a penalty shoot-out following extra time,main stage,True,True,3 - 5,3,5
Europa League,2022/23,2022,Knockout round play-offs,,Thu,2023-02-23,18:45,nl,PSV,2,2–0,es,Sevilla,0,34000,Philips Stadion,Daniele Orsato,Leg 2 of 2; Sevilla won,main stage,False,False,,,
Europa League,2022/23,2022,Knockout round play-offs,,Thu,2023-02-23,18:45,fr,Nantes,0,0–3,it,Juventus,3,44000,Stade de la Beaujoire - Louis Fonteneau,Jose Maria,Leg 2 of 2; Juventus won,main stage,False,False,,,
Europa League,2022/23,2022,Knockout round play-offs,,Thu,2023-02-23,20:00,eng,Manchester Utd,2,2–1,es,Barcelona,1,73021,Old Trafford,Clément Turpin,Leg 2 of 2; Manchester Utd won,main stage,False,False,,,
Europa League,2022/23,2022,Knockout round play-offs,,Thu,2023-02-23,21:00,it,Roma,2,2–0,at,RB Salzburg,0,62593,Stadio Olimpico,Slavko Vinčič,Leg 2 of 2; Roma won,main stage,False,False,,,
Europa League,2022/23,2022,Knockout round play-offs,,Thu,2023-02-23,21:00,fr,Rennes,2,(4) 2–1 (5),ua,Shakhtar D.,1,27781,Roazhon Park,Tobias Stieler,Leg 2 of 2; Shakhtar D. won; Shakhtar D. won a penalty shoot-out following extra time,main stage,True,True,4 - 5,4,5
Europa League,2022/23,2022,Knockout round play-offs,,Thu,2023-02-23,21:00,de,Union Berlin,3,3–1,nl,Ajax,1,21800,Stadion An der Alten Försterei,Ricardo de Burgos,Leg 2 of 2; Union Berlin won,main stage,False,False,,,
Europa League,2022/23,2022,Round of 16,,Thu,2023-03-09,17:45,pt,Sporting CP,2,2–2,eng,Arsenal,2,36006,Estádio José Alvalade,Tobias Stieler,Leg 1 of 2,main stage,False,False,,,
Europa League,2022/23,2022,Round of 16,,Thu,2023-03-09,18:45,it,Roma,2,2–0,es,Real Sociedad,0,61608,Stadio Olimpico,Sandro Schärer,Leg 1 of 2,main stage,False,False,,,
Europa League,2022/23,2022,Round of 16,,Thu,2023-03-09,18:45,de,Leverkusen,2,2–0,hu,Ferencváros,0,25001,BayArena,Davide Massa,Leg 1 of 2,main stage,False,False,,,
Europa League,2022/23,2022,Round of 16,,Thu,2023-03-09,18:45,de,Union Berlin,3,3–3,be,Union SG,3,21605,Stadion An der Alten Försterei,Orel Grinfeeld,Leg 1 of 2,main stage,False,False,,,
Europa League,2022/23,2022,Round of 16,,Thu,2023-03-09,20:00,eng,Manchester Utd,4,4–1,es,Real Betis,1,72998,Old Trafford,Daniel Siebert,Leg 1 of 2,main stage,False,False,,,
Europa League,2022/23,2022,Round of 16,,Thu,2023-03-09,21:00,es,Sevilla,2,2–0,tr,Fenerbahçe,0,24480,Estadio Ramón Sánchez Pizjuán,François Letexier,Leg 1 of 2,main stage,False,False,,,
Europa League,2022/23,2022,Round of 16,,Thu,2023-03-09,21:00,it,Juventus,1,1–0,de,Freiburg,0,37474,Allianz Stadium,Anastasios Sidiropoulos,Leg 1 of 2,main stage,False,False,,,
Europa League,2022/23,2022,Round of 16,,Thu,2023-03-09,22:00,ua,Shakhtar D.,1,1–1,nl,Feyenoord,1,17423,Stadion Miejski Legii Warszawa im. Marsz...,Ivan Kružliak,Leg 1 of 2,main stage,False,False,,,
Europa League,2022/23,2022,Round of 16,,Thu,2023-03-16,18:45,nl,Feyenoord,7,7–1,ua,Shakhtar D.,1,37500,Stadion Feijenoord,Jesús Gil,Leg 2 of 2; Feyenoord won,main stage,False,False,,,
Europa League,2022/23,2022,Round of 16,,Thu,2023-03-16,18:45,es,Real Betis,0,0–1,eng,Manchester Utd,1,54643,Estadio Benito Villamarín,Srđan Jovanović,Leg 2 of 2; Manchester Utd won,main stage,False,False,,,
Europa League,2022/23,2022,Round of 16,,Thu,2023-03-16,18:45,de,Freiburg,0,0–2,it,Juventus,2,33420,Europa-Park Stadion,Serdar Gözübüyük,Leg 2 of 2; Juventus won,main stage,False,False,,,
Europa League,2022/23,2022,Round of 16,,Thu,2023-03-16,20:00,eng,Arsenal,1,(3) 1–1 (5),pt,Sporting CP,1,59929,Emirates Stadium,Antonio Matéu,Leg 2 of 2; Sporting CP won; Sporting CP won a penalty shoot-out following extra time,main stage,True,True,3 - 5,3,5
Europa League,2022/23,2022,Round of 16,,Thu,2023-03-16,20:45,tr,Fenerbahçe,1,1–0,es,Sevilla,0,44775,Ülker Stadyumu Fenerbahçe Şükrü Saracoğl...,Michael Oliver,Leg 2 of 2; Sevilla won,main stage,False,False,,,
Europa League,2022/23,2022,Round of 16,,Thu,2023-03-16,21:00,es,Real Sociedad,0,0–0,it,Roma,0,35054,Reale Arena,István Kovács,Leg 2 of 2; Roma won,main stage,False,False,,,
Europa League,2022/23,2022,Round of 16,,Thu,2023-03-16,21:00,hu,Ferencváros,0,0–2,de,Leverkusen,2,50675,Puskás Aréna,Artur Dias,Leg 2 of 2; Leverkusen won,main stage,False,False,,,
Europa League,2022/23,2022,Round of 16,,Thu,2023-03-16,21:00,be,Union SG,3,3–0,de,Union Berlin,0,15681,Lotto Park,José Sánchez,Leg 2 of 2; Union SG won,main stage,False,False,,,
Europa League,2022/23,2022,Quarter-finals,,Thu,2023-04-13,18:45,nl,Feyenoord,1,1–0,it,Roma,0,42960,Stadion Feijenoord,Jose Maria,Leg 1 of 2,main stage,False,False,,,
Europa League,2022/23,2022,Quarter-finals,,Thu,2023-04-13,20:00,eng,Manchester Utd,2,2–2,es,Sevilla,2,72825,Old Trafford,Felix Zwayer,Leg 1 of 2,main stage,False,False,,,
Europa League,2022/23,2022,Quarter-finals,,Thu,2023-04-13,21:00,it,Juventus,1,1–0,pt,Sporting CP,0,38490,Allianz Stadium,Halil Umut Meler,Leg 1 of 2,main stage,False,False,,,
Europa League,2022/23,2022,Quarter-finals,,Thu,2023-04-13,21:00,de,Leverkusen,1,1–1,be,Union SG,1,30210,BayArena,Ivan Kružliak,Leg 1 of 2,main stage,False,False,,,
Europa League,2022/23,2022,Quarter-finals,,Thu,2023-04-20,20:00,pt,Sporting CP,1,1–1,it,Juventus,1,45903,Estádio José Alvalade,François Letexier,Leg 2 of 2; Juventus won,main stage,False,False,,,
Europa League,2022/23,2022,Quarter-finals,,Thu,2023-04-20,21:00,it,Roma,4,4–1,nl,Feyenoord,1,66742,Stadio Olimpico,Anthony Taylor,Leg 2 of 2; Roma won; Required Extra Time,main stage,True,False,,,
Europa League,2022/23,2022,Quarter-finals,,Thu,2023-04-20,21:00,be,Union SG,1,1–4,de,Leverkusen,4,17069,Lotto Park,Antonio Matéu,Leg 2 of 2; Leverkusen won,main stage,False,False,,,
Europa League,2022/23,2022,Quarter-finals,,Thu,2023-04-20,21:00,es,Sevilla,3,3–0,eng,Manchester Utd,0,41974,Estadio Ramón Sánchez Pizjuán,Artur Dias,Leg 2 of 2; Sevilla won,main stage,False,False,,,
Europa League,2022/23,2022,Semi-finals,,Thu,2023-05-11,21:00,it,Roma,1,1–0,de,Leverkusen,0,62123,Stadio Olimpico,Michael Oliver,Leg 1 of 2,main stage,False,False,,,
Europa League,2022/23,2022,Semi-finals,,Thu,2023-05-11,21:00,it,Juventus,1,1–1,es,Sevilla,1,34816,Allianz Stadium,Daniel Siebert,Leg 1 of 2,main stage,False,False,,,
Europa League,2022/23,2022,Semi-finals,,Thu,2023-05-18,21:00,de,Leverkusen,0,0–0,it,Roma,0,30210,BayArena,Slavko Vinčič,Leg 2 of 2; Roma won,main stage,False,False,,,
Europa League,2022/23,2022,Semi-finals,,Thu,2023-05-18,21:00,es,Sevilla,2,2–1,it,Juventus,1,42186,Estadio Ramón Sánchez Pizjuán,Danny Makkelie,Leg 2 of 2; Sevilla won; Required Extra Time,main stage,True,False,,,
Europa League,2022/23,2022,Final,,Wed,2023-05-31,21:00,es,Sevilla,1,(4) 1–1 (1),it,Roma,1,,Puskás Aréna (Neutral Site),Anthony Taylor,Sevilla won a penalty shoot-out following extra time,main stage,True,True,4 - 1,4,1
Europa League,2022/23,2022,Third qualifying round,,Thu,2022-08-04,19:00,se,Malmö,3,3–0,lu,F91 Dudelange,0,11172,Eleda Stadion,Enea Jorgji,Leg 1 of 2,qualification,False,False,,,
Europa League,2022/23,2022,Third qualifying round,,Thu,2022-08-04,19:00,cy,AEK Larnaca,2,2–1,rs,Partizan,1,4250,AEK Arena - George Karapatakis,Andris Treimanis,Leg 1 of 2,qualification,False,False,,,
Europa League,2022/23,2022,Third qualifying round,,Thu,2022-08-04,19:45,nir,Linfield FC,0,0–2,ch,Zürich,2,3044,Windsor Park,Marco Di Bello,Leg 1 of 2,qualification,False,False,,,
Europa League,2022/23,2022,Third qualifying round,,Thu,2022-08-04,20:00,ie,Shamrock,3,3–1,mk,FK Shkupi,1,6455,Tallaght Stadium,Bartosz Frankowski,Leg 1 of 2,qualification,False,False,,,
Europa League,2022/23,2022,Third qualifying round,,Thu,2022-08-04,20:00,tr,Fenerbahçe,3,3–0,cz,Slovácko,0,35536,Ülker Stadyumu Fenerbahçe Şükrü Saracoğl...,João Pinheiro,Leg 1 of 2,qualification,False,False,,,
Europa League,2022/23,2022,Third qualifying round,,Thu,2022-08-04,20:15,si,NK Maribor,0,0–2,fi,HJK Helsinki,2,6000,Ljudski vrt,Georgi Kabakov,Leg 1 of 2,qualification,False,False,,,
Europa League,2022/23,2022,Third qualifying round,,Thu,2022-08-04,22:00,gr,Olympiacos,1,1–1,sk,Slovan Bratislava,1,15585,Stadio Georgios Karaiskáki,Lawrence Visser,Leg 1 of 2,qualification,False,False,,,
Europa League,2022/23,2022,Third qualifying round,,Tue,2022-08-09,21:00,mk,FK Shkupi,1,1–2,ie,Shamrock,2,4870,Nationala Arena Toše Proeski,Aliaksei Kulbakou,Leg 2 of 2; Shamrock won,qualification,False,False,,,
Europa League,2022/23,2022,Third qualifying round,,Thu,2022-08-11,19:00,fi,HJK Helsinki,1,1–0,si,NK Maribor,0,6487,Bolt Arena,Tobias Stieler,Leg 2 of 2; HJK Helsinki won,qualification,False,False,,,
Europa League,2022/23,2022,Third qualifying round,,Thu,2022-08-11,19:00,ch,Zürich,3,3–0,nir,Linfield FC,0,7904,Stadion Letzigrund,Harm Osmers,Leg 2 of 2; Zürich won,qualification,False,False,,,
Europa League,2022/23,2022,Third qualifying round,,Thu,2022-08-11,19:00,cz,Slovácko,1,1–1,tr,Fenerbahçe,1,6520,Městský fotbalový stadion Miroslava Vale...,Nikola Dabanović,Leg 2 of 2; Fenerbahçe won,qualification,False,False,,,
Europa League,2022/23,2022,Third qualifying round,,Thu,2022-08-11,20:00,lu,F91 Dudelange,2,2–2,se,Malmö,2,898,Stade de Luxembourg,Ricardo de Burgos,Leg 2 of 2; Malmö won,qualification,False,False,,,
Europa League,2022/23,2022,Third qualifying round,,Thu,2022-08-11,20:30,sk,Slovan Bratislava,2,(3) 2–2 (4),gr,Olympiacos,2,18133,Štadión Tehelné pole,Glenn Nyberg,Leg 2 of 2; Olympiacos won; Olympiacos won a penalty shoot-out following extra time,qualification,True,True,3 - 4,3,4
Europa League,2022/23,2022,Third qualifying round,,Thu,2022-08-11,21:00,rs,Partizan,2,2–2,cy,AEK Larnaca,2,10802,Stadion Partizana,José Sánchez,Leg 2 of 2; AEK Larnaca won,qualification,False,False,,,
Europa League,2022/23,2022,Play-off round,,Thu,2022-08-18,18:30,hu,Ferencváros,4,4–0,ie,Shamrock,0,15239,Groupama Arena,Glenn Nyberg,Leg 1 of 2,qualification,False,False,,,
Europa League,2022/23,2022,Play-off round,,Thu,2022-08-18,19:00,fi,HJK Helsinki,1,1–0,dk,Silkeborg,0,8237,Bolt Arena,João Pinheiro,Leg 1 of 2,qualification,False,False,,,
Europa League,2022/23,2022,Play-off round,,Thu,2022-08-18,19:00,se,Malmö,3,3–1,tr,Sivasspor,1,12167,Eleda Stadion,William Collum,Leg 1 of 2,qualification,False,False,,,
Europa League,2022/23,2022,Play-off round,,Thu,2022-08-18,19:00,ch,Zürich,2,2–1,sct,Hearts,1,7958,Kybunpark,Bartosz Frankowski,Leg 1 of 2,qualification,False,False,,,
Europa League,2022/23,2022,Play-off round,,Thu,2022-08-18,20:00,ua,Dnipro-1,1,1–2,cy,AEK Larnaca,2,3450,Futbalový štadión Košická Nová ves,Tobias Stieler,Leg 1 of 2,qualification,False,False,,,
Europa League,2022/23,2022,Play-off round,,Thu,2022-08-18,20:00,cy,Apollon Limassol,1,1–1,gr,Olympiacos,1,10479,Neo GSP,José Sánchez,Leg 1 of 2,qualification,False,False,,,
Europa League,2022/23,2022,Play-off round,,Thu,2022-08-18,20:30,be,Gent,0,0–2,cy,AC Omonia,2,10496,GHELAMCO-arena,Irfan Peljto,Leg 1 of 2,qualification,False,False,,,
Europa League,2022/23,2022,Play-off round,,Thu,2022-08-18,20:45,bg,Ludogorets,1,1–0,lt,Žalgiris,0,4951,Huvepharma Arena,Ivan Kružliak,Leg 1 of 2,qualification,False,False,,,
Europa League,2022/23,2022,Play-off round,,Thu,2022-08-18,21:00,at,Austria Wien,0,0–2,tr,Fenerbahçe,2,14000,Generali Arena,Daniel Siebert,Leg 1 of 2,qualification,False,False,,,
Europa League,2022/23,2022,Play-off round,,Thu,2022-08-18,21:00,am,Pyunik,0,0–0,md,Sheriff Tiraspol,0,9000,Vazgen Sargsyan anvan Hanrapetakan Marza...,Alejandro Hernández,Leg 1 of 2,qualification,False,False,,,
Europa League,2022/23,2022,Play-off round,,Thu,2022-08-25,18:30,dk,Silkeborg,1,1–1,fi,HJK Helsinki,1,6334,MASCOT PARK,Maurizio Mariani,Leg 2 of 2; HJK Helsinki won,qualification,False,False,,,
Europa League,2022/23,2022,Play-off round,,Thu,2022-08-25,19:00,cy,AEK Larnaca,3,3–0,ua,Dnipro-1,0,4893,AEK Arena - George Karapatakis,Davide Massa,Leg 2 of 2; AEK Larnaca won,qualification,False,False,,,
Europa League,2022/23,2022,Play-off round,,Thu,2022-08-25,19:00,lt,Žalgiris,3,3–3,bg,Ludogorets,3,4601,Vilniaus LFF stadionas,Harm Osmers,Leg 2 of 2; Ludogorets won; Required Extra Time,qualification,True,False,,,
Europa League,2022/23,2022,Play-off round,,Thu,2022-08-25,20:00,cy,AC Omonia,2,2–0,be,Gent,0,17002,Stadio GSP (1902),Georgi Kabakov,Leg 2 of 2; AC Omonia won,qualification,False,False,,,
Europa League,2022/23,2022,Play-off round,,Thu,2022-08-25,20:00,ie,Shamrock,1,1–0,hu,Ferencváros,0,7163,Tallaght Stadium,François Letexier,Leg 2 of 2; Ferencváros won,qualification,False,False,,,
Europa League,2022/23,2022,Play-off round,,Thu,2022-08-25,20:00,md,Sheriff Tiraspol,0,(3) 0–0 (2),am,Pyunik,0,6154,Stadionul Zimbru,Andreas Ekberg,Leg 2 of 2; Sheriff Tiraspol won; Sheriff Tiraspol won a penalty shoot-out following extra time,qualification,True,True,3 - 2,3,2
Europa League,2022/23,2022,Play-off round,,Thu,2022-08-25,20:00,tr,Sivasspor,0,0–2,se,Malmö,2,16873,Sivas Arena,Srđan Jovanović,Leg 2 of 2; Malmö won,qualification,False,False,,,
Europa League,2022/23,2022,Play-off round,,Thu,2022-08-25,20:00,sct,Hearts,0,0–1,ch,Zürich,1,17225,Tynecastle Stadium,Lawrence Visser,Leg 2 of 2; Zürich won,qualification,False,False,,,
Europa League,2022/23,2022,Play-off round,,Thu,2022-08-25,20:00,tr,Fenerbahçe,4,4–1,at,Austria Wien,1,35350,Ülker Stadyumu Fenerbahçe Şükrü Saracoğl...,Jesús Gil,Leg 2 of 2; Fenerbahçe won,qualification,False,False,,,
Europa League,2022/23,2022,Play-off round,,Thu,2022-08-25,22:00,gr,Olympiacos,1,(3) 1–1 (1),cy,Apollon Limassol,1,20054,Stadio Georgios Karaiskáki,Sandro Schärer,Leg 2 of 2; Olympiacos won; Olympiacos won a penalty shoot-out following extra time,qualification,True,True,3 - 1,3,1
Europa League,2023/24,2023,Group stage,1,Thu,2023-09-21,18:45,ch,Servette FC,0,0–2,cz,Slavia Prague,2,19783,Stade de Genève,Giorgi Kruashvili,,main stage,,,,,
Europa League,2023/24,2023,Group stage,1,Thu,2023-09-21,18:45,at,LASK,1,1–3,eng,Liverpool,3,18091,Raiffeisen Arena,Marco Di Bello,,main stage,,,,,
Europa League,2023/24,2023,Group stage,1,Thu,2023-09-21,18:45,de,Leverkusen,4,4–0,se,BK Häcken,0,25402,BayArena,Manfredas Lukjančukas,,main stage,,,,,
Europa League,2023/24,2023,Group stage,1,Thu,2023-09-21,18:45,fr,Rennes,3,3–0,il,Maccabi Haifa,0,26838,Roazhon Park,Harm Osmers,,main stage,,,,,
Europa League,2023/24,2023,Group stage,1,Thu,2023-09-21,18:45,be,Union SG,1,1–1,fr,Toulouse,1,12162,Lotto Park,Rohit Saggi,,main stage,,,,,
Europa League,2023/24,2023,Group stage,1,Thu,2023-09-21,19:45,gr,Panathinaikos,2,2–0,es,Villarreal,0,57003,Olympiako Stadio Spyros Louis,Craig Pawson,,main stage,,,,,
Europa League,2023/24,2023,Group stage,1,Thu,2023-09-21,19:45,md,Sheriff Tiraspol,1,1–2,it,Roma,2,10711,Bolshaya Sportivnaya Arena,Andris Treimanis,,main stage,,,,,
Europa League,2023/24,2023,Group stage,1,Thu,2023-09-21,20:00,sct,Rangers,1,1–0,es,Real Betis,0,45634,Ibrox Stadium,Lawrence Visser,,main stage,,,,,
Europa League,2023/24,2023,Group stage,1,Thu,2023-09-21,20:00,eng,Brighton,2,2–3,gr,AEK Athens,3,30178,The American Express Community Stadium,Kristo Tohver,,main stage,,,,,
Europa League,2023/24,2023,Group stage,1,Thu,2023-09-21,20:00,eng,West Ham,3,3–1,rs,TSC,1,41374,London Stadium,Filip Glova,,main stage,,,,,
Europa League,2023/24,2023,Group stage,1,Thu,2023-09-21,20:45,az,Qarabağ,1,1–0,no,Molde,0,26500,Tofiq Bəhramov adına Respublika stadionu,John Beaton,,main stage,,,,,
Europa League,2023/24,2023,Group stage,1,Thu,2023-09-21,21:00,it,Atalanta,2,2–0,pl,Raków,0,13698,Gewiss Stadium,Roi Reinshreiber,,main stage,,,,,
Europa League,2023/24,2023,Group stage,1,Thu,2023-09-21,21:00,at,Sturm Graz,1,1–2,pt,Sporting CP,2,13517,Merkur Arena,Nikola Dabanović,,main stage,,,,,
Europa League,2023/24,2023,Group stage,1,Thu,2023-09-21,21:00,nl,Ajax,3,3–3,fr,Marseille,3,53000,Johan Cruyff ArenA,Maurizio Mariani,,main stage,,,,,
Europa League,2023/24,2023,Group stage,1,Thu,2023-09-21,21:00,cz,Sparta Prague,3,3–2,cy,Aris Limassol,2,17371,epet Arena,Jérôme Brisard,,main stage,,,,,
Europa League,2023/24,2023,Group stage,1,Thu,2023-09-21,22:00,gr,Olympiacos,2,2–3,de,Freiburg,3,30056,Stadio Georgios Karaiskáki,Allard Lindhout,,main stage,,,,,
Europa League,2023/24,2023,Group stage,2,Thu,2023-10-05,17:45,pt,Sporting CP,1,1–2,it,Atalanta,2,42301,Estádio José Alvalade,Alejandro Hernández,,main stage,,,,,
Europa League,2023/24,2023,Group stage,2,Thu,2023-10-05,18:45,fr,Marseille,2,2–2,eng,Brighton,2,63465,Orange Vélodrome,Mykola Balakin,,main stage,,,,,
Europa League,2023/24,2023,Group stage,2,Thu,2023-10-05,18:45,de,Freiburg,1,1–2,eng,West Ham,2,34100,Europa-Park Stadion,Mohammed Al Hakim,,main stage,,,,,
Europa League,2023/24,2023,Group stage,2,Thu,2023-10-05,18:45,pl,Raków,0,0–1,at,Sturm Graz,1,8993,ArcelorMittal Park,Əliyar Ağayev,,main stage,,,,,
Europa League,2023/24,2023,Group stage,2,Thu,2023-10-05,18:45,rs,TSC,2,2–2,gr,Olympiacos,2,3778,TSC Arena,Benoît Bastien,,main stage,,,,,
Europa League,2023/24,2023,Group stage,2,Thu,2023-10-05,18:45,es,Real Betis,2,2–1,cz,Sparta Prague,1,45037,Estadio Benito Villamarín,Duje Strukan,,main stage,,,,,
Europa League,2023/24,2023,Group stage,2,Thu,2023-10-05,19:45,cy,Aris Limassol,2,2–1,sct,Rangers,1,3911,Alphamega Stadium,Horațiu Fesnic,,main stage,,,,,
Europa League,2023/24,2023,Group stage,2,Thu,2023-10-05,19:45,gr,AEK Athens,1,1–1,nl,Ajax,1,29524,Agia Sophia Stadium,Matej Jug,,main stage,,,,,
Europa League,2023/24,2023,Group stage,2,Thu,2023-10-05,20:00,eng,Liverpool,2,2–0,be,Union SG,0,49513,Anfield,Morten Krogh,,main stage,,,,,
Europa League,2023/24,2023,Group stage,2,Thu,2023-10-05,21:00,cz,Slavia Prague,6,6–0,md,Sheriff Tiraspol,0,17844,Fortuna Arena,Willy Delajod,,main stage,,,,,
Europa League,2023/24,2023,Group stage,2,Thu,2023-10-05,21:00,fr,Toulouse,1,1–0,at,LASK,0,29233,Stadium Municipal,Nick Walsh,,main stage,,,,,
Europa League,2023/24,2023,Group stage,2,Thu,2023-10-05,21:00,es,Villarreal,1,1–0,fr,Rennes,0,17458,Estadio de la Cerámica,Harald Lechner,,main stage,,,,,
Europa League,2023/24,2023,Group stage,2,Thu,2023-10-05,21:00,se,BK Häcken,0,0–1,az,Qarabağ,1,8124,Bravida Arena,Sebastian Gishamer,,main stage,,,,,
Europa League,2023/24,2023,Group stage,2,Thu,2023-10-05,21:00,it,Roma,4,4–0,ch,Servette FC,0,55764,Stadio Olimpico,Igor Pajač,,main stage,,,,,
Europa League,2023/24,2023,Group stage,2,Thu,2023-10-05,21:00,no,Molde,1,1–2,de,Leverkusen,2,8190,Aker Stadion,Anastasios Papapetrou,,main stage,,,,,
Europa League,2023/24,2023,Group stage,2,Thu,2023-10-05,22:00,il,Maccabi Haifa,0,0–0,gr,Panathinaikos,0,29465,Sammy Ofer Stadium,António Nobre,,main stage,,,,,
Europa League,2023/24,2023,Group stage,3,Thu,2023-10-26,18:45,rs,TSC,1,1–3,de,Freiburg,3,3400,TSC Arena,Əliyar Ağayev,,main stage,,,,,
Europa League,2023/24,2023,Group stage,3,Thu,2023-10-26,18:45,fr,Marseille,3,3–1,gr,AEK Athens,1,65092,Orange Vélodrome,Daniel Stefański,,main stage,,,,,
Europa League,2023/24,2023,Group stage,3,Thu,2023-10-26,18:45,no,Molde,5,5–1,se,BK Häcken,1,5870,Aker Stadion,Urs Schnyder,,main stage,,,,,
Europa League,2023/24,2023,Group stage,3,Thu,2023-10-26,18:45,cz,Sparta Prague,0,0–0,sct,Rangers,0,18250,epet Arena,Sascha Stegemann,,main stage,,,,,
Europa League,2023/24,2023,Group stage,3,Thu,2023-10-26,18:45,at,Sturm Graz,2,2–2,it,Atalanta,2,14167,Merkur Arena,Duje Strukan,,main stage,,,,,
Europa League,2023/24,2023,Group stage,3,Thu,2023-10-26,18:45,pl,Raków,1,1–1,pt,Sporting CP,1,10518,ArcelorMittal Park,Anastasios Papapetrou,,main stage,,,,,
Europa League,2023/24,2023,Group stage,3,Thu,2023-10-26,19:45,cy,Aris Limassol,0,0–1,es,Real Betis,1,3945,Alphamega Stadium,Filip Glova,,main stage,,,,,
Europa League,2023/24,2023,Group stage,3,Thu,2023-10-26,19:45,gr,Olympiacos,2,2–1,eng,West Ham,1,30623,Stadio Georgios Karaiskáki,Andris Treimanis,,main stage,,,,,
Europa League,2023/24,2023,Group stage,3,Thu,2023-10-26,20:00,eng,Liverpool,5,5–1,fr,Toulouse,1,49338,Anfield,Rade Obrenović,,main stage,,,,,
Europa League,2023/24,2023,Group stage,3,Thu,2023-10-26,20:00,eng,Brighton,2,2–0,nl,Ajax,0,30540,The American Express Community Stadium,Bartosz Frankowski,,main stage,,,,,
Europa League,2023/24,2023,Group stage,3,Thu,2023-10-26,21:00,de,Leverkusen,5,5–1,az,Qarabağ,1,29039,BayArena,Horațiu Fesnic,,main stage,,,,,
Europa League,2023/24,2023,Group stage,3,Thu,2023-10-26,21:00,it,Roma,2,2–0,cz,Slavia Prague,0,64934,Stadio Olimpico,Espen Andreas Eskås,,main stage,,,,,
Europa League,2023/24,2023,Group stage,3,Thu,2023-10-26,21:00,be,Union SG,2,2–1,at,LASK,1,11426,Lotto Park,Atilla Karaoğlan,,main stage,,,,,
Europa League,2023/24,2023,Group stage,3,Thu,2023-10-26,22:00,gr,Panathinaikos,1,1–2,fr,Rennes,2,13459,Olympiako Stadio Spyros Louis,João Pinheiro,,main stage,,,,,
Europa League,2023/24,2023,Group stage,3,Thu,2023-10-26,22:00,md,Sheriff Tiraspol,1,1–1,ch,Servette FC,1,2834,Bolshaya Sportivnaya Arena,John Brooks,,main stage,,,,,
Europa League,2023/24,2023,Group stage,4,Thu,2023-11-09,18:45,cz,Slavia Prague,2,2–0,it,Roma,0,19265,Fortuna Arena,François Letexier,,main stage,,,,,
Europa League,2023/24,2023,Group stage,4,Thu,2023-11-09,18:45,nl,Ajax,0,0–2,eng,Brighton,2,52095,Johan Cruyff ArenA,Nikola Dabanović,,main stage,,,,,
Europa League,2023/24,2023,Group stage,4,Thu,2023-11-09,18:45,fr,Rennes,3,3–1,gr,Panathinaikos,1,28004,Roazhon Park,William Collum,,main stage,,,,,
Europa League,2023/24,2023,Group stage,4,Thu,2023-11-09,18:45,at,LASK,3,3–0,be,Union SG,0,15900,Raiffeisen Arena,Simone Sozza,,main stage,,,,,
Europa League,2023/24,2023,Group stage,4,Thu,2023-11-09,18:45,fr,Toulouse,3,3–2,eng,Liverpool,2,32026,Stadium Municipal,Georgi Kabakov,,main stage,,,,,
Europa League,2023/24,2023,Group stage,4,Thu,2023-11-09,18:45,ch,Servette FC,2,2–1,md,Sheriff Tiraspol,1,15822,Stade de Genève,Manfredas Lukjančukas,,main stage,,,,,
Europa League,2023/24,2023,Group stage,4,Thu,2023-11-09,19:45,il,Maccabi Haifa,1,1–2,es,Villarreal,2,,Sammy Ofer Stadium,Mykola Balakin,,main stage,,,,,
Europa League,2023/24,2023,Group stage,4,Thu,2023-11-09,20:00,sct,Rangers,2,2–1,cz,Sparta Prague,1,48838,Ibrox Stadium,Davide Massa,,main stage,,,,,
Europa League,2023/24,2023,Group stage,4,Thu,2023-11-09,20:00,pt,Sporting CP,2,2–1,pl,Raków,1,32940,Estádio José Alvalade,Enea Jorgji,,main stage,,,,,
Europa League,2023/24,2023,Group stage,4,Thu,2023-11-09,20:00,eng,West Ham,1,1–0,gr,Olympiacos,0,55811,London Stadium,Matej Jug,,main stage,,,,,
Europa League,2023/24,2023,Group stage,4,Thu,2023-11-09,21:00,de,Freiburg,5,5–0,rs,TSC,0,31700,Europa-Park Stadion,Rohit Saggi,,main stage,,,,,
Europa League,2023/24,2023,Group stage,4,Thu,2023-11-09,21:00,it,Atalanta,1,1–0,at,Sturm Graz,0,14739,Gewiss Stadium,Jérôme Brisard,,main stage,,,,,
Europa League,2023/24,2023,Group stage,4,Thu,2023-11-09,21:00,es,Real Betis,4,4–1,cy,Aris Limassol,1,41768,Estadio Benito Villamarín,Mohammed Al Hakim,,main stage,,,,,
Europa League,2023/24,2023,Group stage,4,Thu,2023-11-09,21:00,se,BK Häcken,1,1–3,no,Molde,3,5106,Nya Gamla Ullevi,Don Robertson,,main stage,,,,,
Europa League,2023/24,2023,Group stage,4,Thu,2023-11-09,21:45,az,Qarabağ,0,0–1,de,Leverkusen,1,30055,Tofiq Bəhramov adına Respublika stadionu,Craig Pawson,,main stage,,,,,
Europa League,2023/24,2023,Group stage,4,Thu,2023-11-09,22:00,gr,AEK Athens,0,0–2,fr,Marseille,2,30530,Agia Sophia Stadium,Glenn Nyberg,,main stage,,,,,
Europa League,2023/24,2023,Group stage,5,Thu,2023-11-30,18:45,cz,Sparta Prague,1,1–0,es,Real Betis,0,18095,epet Arena,Nikola Dabanović,,main stage,,,,,
Europa League,2023/24,2023,Group stage,5,Thu,2023-11-30,18:45,de,Freiburg,5,5–0,gr,Olympiacos,0,34000,Europa-Park Stadion,Irfan Peljto,,main stage,,,,,
Europa League,2023/24,2023,Group stage,5,Thu,2023-11-30,18:45,it,Atalanta,1,1–1,pt,Sporting CP,1,14865,Gewiss Stadium,Michael Oliver,,main stage,,,,,
Europa League,2023/24,2023,Group stage,5,Thu,2023-11-30,18:45,at,Sturm Graz,0,0–1,pl,Raków,1,12517,Bundesstadion Liebenau,Filip Glova,,main stage,,,,,
Europa League,2023/24,2023,Group stage,5,Thu,2023-11-30,18:45,rs,TSC,0,0–1,eng,West Ham,1,4256,TSC Arena,Allard Lindhout,,main stage,,,,,
Europa League,2023/24,2023,Group stage,5,Thu,2023-11-30,19:45,gr,AEK Athens,0,0–1,eng,Brighton,1,30520,Agia Sophia Stadium,Sandro Schärer,,main stage,,,,,
Europa League,2023/24,2023,Group stage,5,Thu,2023-11-30,19:45,il,Maccabi Haifa,0,0–3,fr,Rennes,3,,Puskás Aréna,Horațiu Fesnic,,main stage,,,,,
Europa League,2023/24,2023,Group stage,5,Thu,2023-11-30,20:00,sct,Rangers,1,1–1,cy,Aris Limassol,1,48890,Ibrox Stadium,Rohit Saggi,,main stage,,,,,
Europa League,2023/24,2023,Group stage,5,Thu,2023-11-30,20:00,eng,Liverpool,4,4–0,at,LASK,0,49666,Anfield,Urs Schnyder,,main stage,,,,,
Europa League,2023/24,2023,Group stage,5,Thu,2023-11-30,21:00,se,BK Häcken,0,0–2,de,Leverkusen,2,11234,Nya Ullevi,Julian Weinberger,,main stage,,,,,
Europa League,2023/24,2023,Group stage,5,Thu,2023-11-30,21:00,fr,Toulouse,0,0–0,be,Union SG,0,31205,Stadium Municipal,Matej Jug,,main stage,,,,,
Europa League,2023/24,2023,Group stage,5,Thu,2023-11-30,21:00,ch,Servette FC,1,1–1,it,Roma,1,28534,Stade de Genève,Daniel Stefański,,main stage,,,,,
Europa League,2023/24,2023,Group stage,5,Thu,2023-11-30,21:00,no,Molde,2,2–2,az,Qarabağ,2,5291,Aker Stadion,Erik Lambrechts,,main stage,,,,,
Europa League,2023/24,2023,Group stage,5,Thu,2023-11-30,21:00,es,Villarreal,3,3–2,gr,Panathinaikos,2,16993,Estadio de la Cerámica,Ivan Kružliak,,main stage,,,,,
Europa League,2023/24,2023,Group stage,5,Thu,2023-11-30,21:00,fr,Marseille,4,4–3,nl,Ajax,3,60638,Orange Vélodrome,Simone Sozza,,main stage,,,,,
Europa League,2023/24,2023,Group stage,5,Thu,2023-11-30,22:00,md,Sheriff Tiraspol,2,2–3,cz,Slavia Prague,3,1520,Bolshaya Sportivnaya Arena,Christian-Petru Ciochirca,,main stage,,,,,
Europa League,2023/24,2023,Group stage,3,Wed,2023-12-06,21:00,es,Villarreal,0,0–0,il,Maccabi Haifa,0,9365,Estadio de la Cerámica,Nick Walsh,,main stage,,,,,
Europa League,2023/24,2023,Group stage,6,Thu,2023-12-14,18:45,cz,Slavia Prague,4,4–0,ch,Servette FC,0,18380,Fortuna Arena,Nick Walsh,,main stage,,,,,
Europa League,2023/24,2023,Group stage,6,Thu,2023-12-14,18:45,de,Leverkusen,5,5–1,no,Molde,1,28504,BayArena,Robert Jones,,main stage,,,,,
Europa League,2023/24,2023,Group stage,6,Thu,2023-12-14,18:45,fr,Rennes,2,2–3,es,Villarreal,3,27761,Roazhon Park,Atilla Karaoğlan,,main stage,,,,,
Europa League,2023/24,2023,Group stage,6,Thu,2023-12-14,18:45,be,Union SG,2,2–1,eng,Liverpool,1,16959,Lotto Park,Orel Grinfeeld,,main stage,,,,,
Europa League,2023/24,2023,Group stage,6,Thu,2023-12-14,18:45,it,Roma,3,3–0,md,Sheriff Tiraspol,0,47803,Stadio Olimpico,Jérôme Brisard,,main stage,,,,,
Europa League,2023/24,2023,Group stage,6,Thu,2023-12-14,18:45,at,LASK,1,1–2,fr,Toulouse,2,16100,Raiffeisen Arena,Fabio Maresca,,main stage,,,,,
Europa League,2023/24,2023,Group stage,6,Thu,2023-12-14,19:45,gr,Panathinaikos,1,1–2,il,Maccabi Haifa,2,13121,Stadio Apóstolos Nikolaidis,Georgi Kabakov,,main stage,,,,,
Europa League,2023/24,2023,Group stage,6,Thu,2023-12-14,20:00,eng,West Ham,2,2–0,de,Freiburg,0,48876,London Stadium,João Pinheiro,,main stage,,,,,
Europa League,2023/24,2023,Group stage,6,Thu,2023-12-14,20:00,pt,Sporting CP,3,3–0,at,Sturm Graz,0,24733,Estádio José Alvalade,William Collum,,main stage,,,,,
Europa League,2023/24,2023,Group stage,6,Thu,2023-12-14,20:00,eng,Brighton,1,1–0,fr,Marseille,0,30214,The American Express Community Stadium,José Sánchez,,main stage,,,,,
Europa League,2023/24,2023,Group stage,6,Thu,2023-12-14,21:00,pl,Raków,0,0–4,it,Atalanta,4,10386,ArcelorMittal Park,Enea Jorgji,,main stage,,,,,
Europa League,2023/24,2023,Group stage,6,Thu,2023-12-14,21:00,nl,Ajax,3,3–1,gr,AEK Athens,1,53926,Johan Cruyff ArenA,Craig Pawson,,main stage,,,,,
Europa League,2023/24,2023,Group stage,6,Thu,2023-12-14,21:00,es,Real Betis,2,2–3,sct,Rangers,3,48380,Estadio Benito Villamarín,Srđan Jovanović,,main stage,,,,,
Europa League,2023/24,2023,Group stage,6,Thu,2023-12-14,21:45,az,Qarabağ,2,2–1,se,BK Häcken,1,28515,Tofiq Bəhramov adına Respublika stadionu,Juxhin Xhaja,,main stage,,,,,
Europa League,2023/24,2023,Group stage,6,Thu,2023-12-14,22:00,gr,Olympiacos,5,5–2,rs,TSC,2,,Stadio Georgios Karaiskáki,Morten Krogh,,main stage,,,,,
Europa League,2023/24,2023,Group stage,6,Thu,2023-12-14,22:00,cy,Aris Limassol,1,1–3,cz,Sparta Prague,3,2859,Alphamega Stadium,Harm Osmers,,main stage,,,,,
Europa League,2023/24,2023,Knockout round play-offs,,Thu,2024-02-15,18:45,ch,Young Boys,1,1–3,pt,Sporting CP,3,31500,Stadion Wankdorf,Benoît Bastien,Leg 1 of 2,main stage,False,False,,,
Europa League,2023/24,2023,Knockout round play-offs,,Thu,2024-02-15,18:45,nl,Feyenoord,1,1–1,it,Roma,1,43235,Stadion Feijenoord,Radu Petrescu,Leg 1 of 2,main stage,False,False,,,
Europa League,2023/24,2023,Knockout round play-offs,,Thu,2024-02-15,19:45,ua,Shakhtar D.,2,2–2,fr,Marseille,2,28790,Volksparkstadion,Erik Lambrechts,Leg 1 of 2,main stage,False,False,,,
Europa League,2023/24,2023,Knockout round play-offs,,Thu,2024-02-15,20:00,pt,Benfica,2,2–1,fr,Toulouse,1,56553,Estádio do Sport Lisboa e Benfica,Donatas Rumšas,Leg 1 of 2,main stage,False,False,,,
Europa League,2023/24,2023,Knockout round play-offs,,Thu,2024-02-15,20:00,pt,Braga,2,2–4,az,Qarabağ,4,12122,Estádio Municipal de Braga,Morten Krogh,Leg 1 of 2,main stage,False,False,,,
Europa League,2023/24,2023,Knockout round play-offs,,Thu,2024-02-15,20:45,tr,Galatasaray,3,3–2,cz,Sparta Prague,2,46583,RAMS Park,Alejandro Hernández,Leg 1 of 2,main stage,False,False,,,
Europa League,2023/24,2023,Knockout round play-offs,,Thu,2024-02-15,21:00,it,Milan,3,3–0,fr,Rennes,0,69021,Stadio Giuseppe Meazza,Nikola Dabanović,Leg 1 of 2,main stage,False,False,,,
Europa League,2023/24,2023,Knockout round play-offs,,Thu,2024-02-15,21:00,fr,Lens,0,0–0,de,Freiburg,0,38194,Stade Bollaert-Delelis,Bartosz Frankowski,Leg 1 of 2,main stage,False,False,,,
Europa League,2023/24,2023,Knockout round play-offs,,Thu,2024-02-22,18:45,de,Freiburg,3,3–2,fr,Lens,2,22969,Europa-Park Stadion,Rade Obrenović,Leg 2 of 2; Freiburg won; Required Extra Time,main stage,True,False,,,
Europa League,2023/24,2023,Knockout round play-offs,,Thu,2024-02-22,18:45,fr,Toulouse,0,0–0,pt,Benfica,0,31556,Stadium Municipal,Maurizio Mariani,Leg 2 of 2; Benfica won,main stage,False,False,,,
Europa League,2023/24,2023,Knockout round play-offs,,Thu,2024-02-22,18:45,fr,Rennes,3,3–2,it,Milan,2,29241,Roazhon Park,João Pinheiro,Leg 2 of 2; Milan won,main stage,False,False,,,
Europa League,2023/24,2023,Knockout round play-offs,,Thu,2024-02-22,20:00,pt,Sporting CP,1,1–1,ch,Young Boys,1,29393,Estádio José Alvalade,Ivan Kružliak,Leg 2 of 2; Sporting CP won,main stage,False,False,,,
Europa League,2023/24,2023,Knockout round play-offs,,Thu,2024-02-22,21:00,fr,Marseille,3,3–1,ua,Shakhtar D.,1,66534,Orange Vélodrome,Tobias Stieler,Leg 2 of 2; Marseille won,main stage,False,False,,,
Europa League,2023/24,2023,Knockout round play-offs,,Thu,2024-02-22,21:00,cz,Sparta Prague,4,4–1,tr,Galatasaray,1,18349,epet Arena,Anthony Taylor,Leg 2 of 2; Sparta Prague won,main stage,False,False,,,
Europa League,2023/24,2023,Knockout round play-offs,,Thu,2024-02-22,21:00,it,Roma,1,(4) 1–1 (2),nl,Feyenoord,1,69689,Stadio Olimpico,Jesús Gil,Leg 2 of 2; Roma won; Roma won a penalty shoot-out following extra time,main stage,True,True,4 - 2,4,2
Europa League,2023/24,2023,Knockout round play-offs,,Thu,2024-02-22,21:45,az,Qarabağ,2,2–3,pt,Braga,3,31200,Tofiq Bəhramov adına Respublika stadionu,Georgi Kabakov,Leg 2 of 2; Qarabağ won; Required Extra Time,main stage,True,False,,,
Europa League,2023/24,2023,Round of 16,,Wed,2024-03-06,17:45,pt,Sporting CP,1,1–1,it,Atalanta,1,28528,Estádio José Alvalade (1956),Daniel Siebert,Leg 1 of 2,main stage,False,False,,,
Europa League,2023/24,2023,Round of 16,,Thu,2024-03-07,18:45,it,Roma,4,4–0,eng,Brighton,0,64877,Stadio Olimpico,François Letexier,Leg 1 of 2,main stage,False,False,,,
Europa League,2023/24,2023,Round of 16,,Thu,2024-03-07,18:45,cz,Sparta Prague,1,1–5,eng,Liverpool,5,18349,epet Arena,José Sánchez,Leg 1 of 2,main stage,False,False,,,
Europa League,2023/24,2023,Round of 16,,Thu,2024-03-07,20:00,pt,Benfica,2,2–2,sct,Rangers,2,48759,Estádio do Sport Lisboa e Benfica,Tobias Stieler,Leg 1 of 2,main stage,False,False,,,
Europa League,2023/24,2023,Round of 16,,Thu,2024-03-07,21:00,de,Freiburg,1,1–0,eng,West Ham,0,34700,Europa-Park Stadion,Alejandro Hernández,Leg 1 of 2,main stage,False,False,,,
Europa League,2023/24,2023,Round of 16,,Thu,2024-03-07,21:00,it,Milan,4,4–2,cz,Slavia Prague,2,59325,Stadio Giuseppe Meazza,Halil Umut Meler,Leg 1 of 2,main stage,False,False,,,
Europa League,2023/24,2023,Round of 16,,Thu,2024-03-07,21:00,fr,Marseille,4,4–0,es,Villarreal,0,53396,Orange Vélodrome,Serdar Gözübüyük,Leg 1 of 2,main stage,False,False,,,
Europa League,2023/24,2023,Round of 16,,Thu,2024-03-07,21:45,az,Qarabağ,2,2–2,de,Leverkusen,2,30423,Tofiq Bəhramov adına Respublika stadionu,Benoît Bastien,Leg 1 of 2,main stage,False,False,,,
Europa League,2023/24,2023,Round of 16,,Thu,2024-03-14,17:45,sct,Rangers,0,0–1,pt,Benfica,1,49943,Ibrox Stadium,Ivan Kružliak,Leg 2 of 2; Benfica won,main stage,False,False,,,
Europa League,2023/24,2023,Round of 16,,Thu,2024-03-14,17:45,eng,West Ham,5,5–0,de,Freiburg,0,51014,London Stadium,Marco Guida,Leg 2 of 2; West Ham won,main stage,False,False,,,
Europa League,2023/24,2023,Round of 16,,Thu,2024-03-14,18:45,es,Villarreal,3,3–1,fr,Marseille,1,15378,Estadio de la Cerámica,István Kovács,Leg 2 of 2; Marseille won,main stage,False,False,,,
Europa League,2023/24,2023,Round of 16,,Thu,2024-03-14,18:45,cz,Slavia Prague,1,1–3,it,Milan,3,19334,Fortuna Arena,Glenn Nyberg,Leg 2 of 2; Milan won,main stage,False,False,,,
Europa League,2023/24,2023,Round of 16,,Thu,2024-03-14,20:00,eng,Brighton,1,1–0,it,Roma,0,30380,The American Express Community Stadium,Felix Zwayer,Leg 2 of 2; Roma won,main stage,False,False,,,
Europa League,2023/24,2023,Round of 16,,Thu,2024-03-14,20:00,eng,Liverpool,6,6–1,cz,Sparta Prague,1,59581,Anfield Sports & Community Centre,Artur Soares Dias,Leg 2 of 2; Liverpool won,main stage,False,False,,,
Europa League,2023/24,2023,Round of 16,,Thu,2024-03-14,21:00,de,Leverkusen,3,3–2,az,Qarabağ,2,30210,BayArena,Anthony Taylor,Leg 2 of 2; Leverkusen won,main stage,False,False,,,
Europa League,2023/24,2023,Round of 16,,Thu,2024-03-14,21:00,it,Atalanta,2,2–1,pt,Sporting CP,1,14649,Gewiss Stadium,Sandro Schärer,Leg 2 of 2; Atalanta won,main stage,False,False,,,
Europa League,2023/24,2023,Quarter-finals,,Thu,2024-04-11,20:00,eng,Liverpool,0,0–3,it,Atalanta,3,59004,Anfield,Halil Umut Meler,Leg 1 of 2,main stage,False,False,,,
Europa League,2023/24,2023,Quarter-finals,,Thu,2024-04-11,20:00,pt,Benfica,2,2–1,fr,Marseille,1,53845,Estádio do Sport Lisboa e Benfica,Michael Oliver,Leg 1 of 2,main stage,False,False,,,
Europa League,2023/24,2023,Quarter-finals,,Thu,2024-04-11,21:00,de,Leverkusen,2,2–0,eng,West Ham,0,30210,BayArena,Artur Soares Dias,Leg 1 of 2,main stage,False,False,,,
Europa League,2023/24,2023,Quarter-finals,,Thu,2024-04-11,21:00,it,Milan,0,0–1,it,Roma,1,75023,Stadio Giuseppe Meazza,Clément Turpin,Leg 1 of 2,main stage,False,False,,,
Europa League,2023/24,2023,Quarter-finals,,Thu,2024-04-18,20:00,eng,West Ham,1,1–1,de,Leverkusen,1,62473,London Stadium,José Sánchez,Leg 2 of 2; Leverkusen won,main stage,False,False,,,
Europa League,2023/24,2023,Quarter-finals,,Thu,2024-04-18,21:00,it,Atalanta,0,0–1,eng,Liverpool,1,14994,Gewiss Stadium,François Letexier,Leg 2 of 2; Atalanta won,main stage,False,False,,,
Europa League,2023/24,2023,Quarter-finals,,Thu,2024-04-18,21:00,it,Roma,2,2–1,it,Milan,1,66025,Stadio Olimpico,Szymon Marciniak,Leg 2 of 2; Roma won,main stage,False,False,,,
Europa League,2023/24,2023,Quarter-finals,,Thu,2024-04-18,21:00,fr,Marseille,1,(4) 1–0 (2),pt,Benfica,0,59645,Orange Vélodrome,Felix Zwayer,Leg 2 of 2; Marseille won; Marseille won a penalty shoot-out following extra time,main stage,True,True,4 - 2,4,2
Europa League,2023/24,2023,Semi-finals,,Thu,2024-05-02,21:00,it,Roma,0,0–2,de,Leverkusen,2,64073,Stadio Olimpico,François Letexier,Leg 1 of 2,main stage,False,False,,,
Europa League,2023/24,2023,Semi-finals,,Thu,2024-05-02,21:00,fr,Marseille,1,1–1,it,Atalanta,1,64475,Orange Vélodrome,Daniel Siebert,Leg 1 of 2,main stage,False,False,,,
Europa League,2023/24,2023,Semi-finals,,Thu,2024-05-09,21:00,de,Leverkusen,2,2–2,it,Roma,2,30210,BayArena,Danny Makkelie,Leg 2 of 2; Leverkusen won,main stage,False,False,,,
Europa League,2023/24,2023,Semi-finals,,Thu,2024-05-09,21:00,it,Atalanta,3,3–0,fr,Marseille,0,14994,Gewiss Stadium,Jesús Gil,Leg 2 of 2; Atalanta won,main stage,False,False,,,
Europa League,2023/24,2023,Final,,Wed,2024-05-22,20:00,it,Atalanta,3,3–0,de,Leverkusen,0,47135,Aviva Stadium (Neutral Site),István Kovács,,main stage,,,,,
Europa League,2023/24,2023,Third qualifying round,,Tue,2023-08-08,20:00,kz,FC Astana,2,2–1,bg,Ludogorets,1,23967,Astana Arena,Horațiu Fesnic,Leg 1 of 2,qualification,False,False,,,
Europa League,2023/24,2023,Third qualifying round,,Thu,2023-08-10,19:00,lt,Žalgiris,1,1–3,se,BK Häcken,3,4789,Vilniaus LFF stadionas,Mykola Balakin,Leg 1 of 2,qualification,False,False,,,
Europa League,2023/24,2023,Third qualifying round,,Thu,2023-08-10,19:00,cz,Slavia Prague,3,3–0,ua,Dnipro-1,0,19102,Fortuna Arena,Lawrence Visser,Leg 1 of 2,qualification,False,False,,,
Europa League,2023/24,2023,Third qualifying round,,Thu,2023-08-10,20:00,md,Sheriff Tiraspol,5,5–1,by,BATE Borisov,1,5400,Borisov Arena,Mohammed Al Hakim,Leg 1 of 2,qualification,False,False,,,
Europa League,2023/24,2023,Third qualifying round,,Thu,2023-08-10,20:00,az,Qarabağ,2,2–1,fi,HJK Helsinki,1,24984,Tofiq Bəhramov adına Respublika stadionu,Roi Reinshreiber,Leg 1 of 2,qualification,False,False,,,
Europa League,2023/24,2023,Third qualifying round,,Thu,2023-08-10,21:00,ba,Zrinjski Mostar,6,6–2,is,Breiðablik,2,6200,Stadion Bijeli Brijeg,Nick Walsh,Leg 1 of 2,qualification,False,False,,,
Europa League,2023/24,2023,Third qualifying round,,Thu,2023-08-10,22:00,gr,Olympiacos,1,1–0,be,Genk,0,24123,Stadio Georgios Karaiskáki,Glenn Nyberg,Leg 1 of 2,qualification,False,False,,,
Europa League,2023/24,2023,Third qualifying round,,Thu,2023-08-17,17:30,is,Breiðablik,1,1–0,ba,Zrinjski Mostar,0,673,Kópavogsvöllur,Anastasios Papapetrou,Leg 2 of 2; Zrinjski Mostar won,qualification,False,False,,,
Europa League,2023/24,2023,Third qualifying round,,Thu,2023-08-17,19:00,se,BK Häcken,5,5–0,lt,Žalgiris,0,3926,Bravida Arena,António Nobre,Leg 2 of 2; BK Häcken won,qualification,False,False,,,
Europa League,2023/24,2023,Third qualifying round,,Thu,2023-08-17,19:00,fi,HJK Helsinki,1,1–2,az,Qarabağ,2,7612,Bolt Arena,Willy Delajod,Leg 2 of 2; Qarabağ won,qualification,False,False,,,
Europa League,2023/24,2023,Third qualifying round,,Thu,2023-08-17,20:00,be,Genk,1,1–1,gr,Olympiacos,1,11998,Cegeka Arena,Tobias Stieler,Leg 2 of 2; Olympiacos won,qualification,False,False,,,
Europa League,2023/24,2023,Third qualifying round,,Thu,2023-08-17,21:00,ua,Dnipro-1,1,1–1,cz,Slavia Prague,1,5855,Dnipro Arena,Jesús Gil,Leg 2 of 2; Slavia Prague won,qualification,False,False,,,
Europa League,2023/24,2023,Third qualifying round,,Thu,2023-08-17,21:00,bg,Ludogorets,5,5–1,kz,FC Astana,1,5469,Huvepharma Arena,Anthony Taylor,Leg 2 of 2; Ludogorets won,qualification,False,False,,,
Europa League,2023/24,2023,Third qualifying round,,Thu,2023-08-17,21:00,by,BATE Borisov,2,2–2,md,Sheriff Tiraspol,2,,Bolshaya Sportivnaya Arena,Tamás Bognár,Leg 2 of 2; Sheriff Tiraspol won,qualification,False,False,,,
Europa League,2023/24,2023,Play-off round,,Thu,2023-08-24,19:00,se,BK Häcken,2,2–2,sct,Aberdeen,2,4424,Bravida Arena,Filip Glova,Leg 1 of 2,qualification,False,False,,,
Europa League,2023/24,2023,Play-off round,,Thu,2023-08-24,19:00,cz,Slavia Prague,2,2–0,ua,Zorya Luhansk,0,18522,Fortuna Arena,Kristo Tohver,Leg 1 of 2,qualification,False,False,,,
Europa League,2023/24,2023,Play-off round,,Thu,2023-08-24,19:45,fo,KÍ Klaksvík,1,1–1,md,Sheriff Tiraspol,1,3413,Tórsvøllur,Rade Obrenović,Leg 1 of 2,qualification,False,False,,,
Europa League,2023/24,2023,Play-off round,,Thu,2023-08-24,20:00,hr,Dinamo Zagreb,3,3–1,cz,Sparta Prague,1,12170,Stadion Maksimir,Marco Guida,Leg 1 of 2,qualification,False,False,,,
Europa League,2023/24,2023,Play-off round,,Thu,2023-08-24,20:00,si,Olimpija,0,0–2,az,Qarabağ,2,6123,Stadion Stožice,Georgi Kabakov,Leg 1 of 2,qualification,False,False,,,
Europa League,2023/24,2023,Play-off round,,Thu,2023-08-24,20:30,be,Union SG,2,2–0,ch,Lugano,0,7238,Lotto Park,Enea Jorgji,Leg 1 of 2,qualification,False,False,,,
Europa League,2023/24,2023,Play-off round,,Thu,2023-08-24,20:30,sk,Slovan Bratislava,2,2–1,cy,Aris Limassol,1,17564,Štadión Tehelné pole,William Collum,Leg 1 of 2,qualification,False,False,,,
Europa League,2023/24,2023,Play-off round,,Thu,2023-08-24,21:00,bg,Ludogorets,1,1–4,nl,Ajax,4,9880,Huvepharma Arena,Marco Di Bello,Leg 1 of 2,qualification,False,False,,,
Europa League,2023/24,2023,Play-off round,,Thu,2023-08-24,21:00,at,LASK,2,2–1,ba,Zrinjski Mostar,1,8300,voestalpine Stadion,Orel Grinfeeld,Leg 1 of 2,qualification,False,False,,,
Europa League,2023/24,2023,Play-off round,,Thu,2023-08-24,22:00,gr,Olympiacos,3,3–1,rs,Čukarički,1,24332,Stadio Georgios Karaiskáki,Donatas Rumšas,Leg 1 of 2,qualification,False,False,,,
Europa League,2023/24,2023,Play-off round,,Thu,2023-08-31,19:00,cz,Sparta Prague,4,4–1,hr,Dinamo Zagreb,1,17953,epet Arena,Tobias Stieler,Leg 2 of 2; Sparta Prague won,qualification,False,False,,,
Europa League,2023/24,2023,Play-off round,,Thu,2023-08-31,19:00,ua,Zorya Luhansk,2,2–1,cz,Slavia Prague,1,964,Arena Lublin,Jérôme Brisard,Leg 2 of 2; Slavia Prague won,qualification,False,False,,,
Europa League,2023/24,2023,Play-off round,,Thu,2023-08-31,19:45,sct,Aberdeen,1,1–3,se,BK Häcken,3,19237,Pittodrie Stadium,Daniel Siebert,Leg 2 of 2; BK Häcken won,qualification,False,False,,,
Europa League,2023/24,2023,Play-off round,,Thu,2023-08-31,20:00,md,Sheriff Tiraspol,2,2–1,fo,KÍ Klaksvík,1,5493,Bolshaya Sportivnaya Arena,Halil Umut Meler,Leg 2 of 2; Sheriff Tiraspol won,qualification,False,False,,,
Europa League,2023/24,2023,Play-off round,,Thu,2023-08-31,20:00,cy,Aris Limassol,6,6–2,sk,Slovan Bratislava,2,2872,Alphamega Stadium,Erik Lambrechts,Leg 2 of 2; Aris Limassol won,qualification,False,False,,,
Europa League,2023/24,2023,Play-off round,,Thu,2023-08-31,20:00,az,Qarabağ,1,1–1,si,Olimpija,1,27354,Tofiq Bəhramov adına Respublika stadionu,Alejandro Hernández,Leg 2 of 2; Qarabağ won,qualification,False,False,,,
Europa League,2023/24,2023,Play-off round,,Thu,2023-08-31,20:00,rs,Čukarički,0,0–3,gr,Olympiacos,3,6812,Stadion na Banovom brdu,Danny Makkelie,Leg 2 of 2; Olympiacos won,qualification,False,False,,,
Europa League,2023/24,2023,Play-off round,,Thu,2023-08-31,20:00,nl,Ajax,0,0–1,bg,Ludogorets,1,50900,Johan Cruyff ArenA,Ivan Kružliak,Leg 2 of 2; Ajax won,qualification,False,False,,,
Europa League,2023/24,2023,Play-off round,,Thu,2023-08-31,20:30,ch,Lugano,0,0–1,be,Union SG,1,1171,Stade de Genève,Harm Osmers,Leg 2 of 2; Union SG won,qualification,False,False,,,
Europa League,2023/24,2023,Play-off round,,Thu,2023-08-31,21:00,ba,Zrinjski Mostar,1,1–1,at,LASK,1,6520,Stadion Bijeli Brijeg,Tiago Martins,Leg 2 of 2; LASK won,qualification,False,False,,,
Europa League,2024/25,2024,League phase,1,Wed,2024-09-25,18:45,no,Bodø/Glimt,3,3–2,pt,Porto,2,7587,Aspmyra Stadion,Orel Grinfeeld,,main stage,,,,,
Europa League,2024/25,2024,League phase,1,Wed,2024-09-25,18:45,nl,AZ Alkmaar,3,3–2,se,Elfsborg,2,16371,AFAS Stadion,Juxhin Xhaja,,main stage,,,,,
Europa League,2024/25,2024,League phase,1,Wed,2024-09-25,20:00,eng,Manchester Utd,1,1–1,nl,Twente,1,73069,Old Trafford,Simone Sozza,,main stage,,,,,
Europa League,2024/25,2024,League phase,1,Wed,2024-09-25,21:00,be,Anderlecht,2,2–1,hu,Ferencváros,1,15417,Lotto Park,Julian Weinberger,,main stage,,,,,
Europa League,2024/25,2024,League phase,1,Wed,2024-09-25,21:00,dk,Midtjylland,1,1–1,de,Hoffenheim,1,8561,MCH Arena,Nenad Minaković,,main stage,,,,,
Europa League,2024/25,2024,League phase,1,Wed,2024-09-25,21:00,fr,Nice,1,1–1,es,Real Sociedad,1,20545,Allianz Riviera,Morten Krogh,,main stage,,,,,
Europa League,2024/25,2024,League phase,1,Wed,2024-09-25,21:00,ua,Dynamo Kyiv,0,0–3,it,Lazio,3,7751,Volksparkstadion,Tasos Sidiropoulos,,main stage,,,,,
Europa League,2024/25,2024,League phase,1,Wed,2024-09-25,22:00,tr,Galatasaray,3,3–1,gr,PAOK,1,50700,RAMS Park,Alejandro Hernández,,main stage,,,,,
Europa League,2024/25,2024,League phase,1,Wed,2024-09-25,22:00,bg,Ludogorets,0,0–2,cz,Slavia Prague,2,4761,Huvepharma Arena,Jérôme Brisard,,main stage,,,,,
Europa League,2024/25,2024,League phase,1,Thu,2024-09-26,18:45,se,Malmö,0,0–2,sct,Rangers,2,20021,Eleda Stadion,Luís Godinho,,main stage,,,,,
Europa League,2024/25,2024,League phase,1,Thu,2024-09-26,19:45,tr,Fenerbahçe,2,2–1,be,Union SG,1,31760,Ülker Stadyumu Fenerbahçe Şükrü Saracoğl...,Benoît Bastien,,main stage,,,,,
Europa League,2024/25,2024,League phase,1,Thu,2024-09-26,20:00,eng,Tottenham,3,3–0,az,Qarabağ,0,51757,Tottenham Hotspur Stadium,Willy Delajod,,main stage,,,,,
Europa League,2024/25,2024,League phase,1,Thu,2024-09-26,20:00,pt,Braga,2,2–1,il,Maccabi Tel Aviv,1,10519,Estádio Municipal de Braga,Matej Jug,,main stage,,,,,
Europa League,2024/25,2024,League phase,1,Thu,2024-09-26,21:00,it,Roma,1,1–1,es,Athletic Club,1,63072,Stadio Olimpico,Georgi Kabakov,,main stage,,,,,
Europa League,2024/25,2024,League phase,1,Thu,2024-09-26,21:00,de,Frankfurt,3,3–3,cz,Viktoria Plzeň,3,56500,Deutsche Bank Park,Mykola Balakin,,main stage,,,,,
Europa League,2024/25,2024,League phase,1,Thu,2024-09-26,21:00,fr,Lyon,2,2–0,gr,Olympiacos,0,24412,Groupama Stadium,Lawrence Visser,,main stage,,,,,
Europa League,2024/25,2024,League phase,1,Thu,2024-09-26,21:00,nl,Ajax,4,4–0,tr,Beşiktaş,0,54010,Johan Cruijff Arena,John Brooks,,main stage,,,,,
Europa League,2024/25,2024,League phase,1,Thu,2024-09-26,22:00,ro,FCSB,4,4–1,lv,RFS,1,34257,Arena Naţională,Ricardo de Burgos,,main stage,,,,,
Europa League,2024/25,2024,League phase,2,Thu,2024-10-03,18:45,es,Real Sociedad,1,1–2,be,Anderlecht,2,30985,Reale Arena,Marian Barbu,,main stage,,,,,
Europa League,2024/25,2024,League phase,2,Thu,2024-10-03,18:45,hu,Ferencváros,1,1–2,eng,Tottenham,2,20795,Groupama Arena,Igor Pajač,,main stage,,,,,
Europa League,2024/25,2024,League phase,2,Thu,2024-10-03,18:45,cz,Slavia Prague,1,1–1,nl,Ajax,1,19296,Fortuna Arena,Andris Treimanis,,main stage,,,,,
Europa League,2024/25,2024,League phase,2,Thu,2024-10-03,18:45,it,Lazio,4,4–1,fr,Nice,1,27314,Stadio Olimpico,Horațiu Fesnic,,main stage,,,,,
Europa League,2024/25,2024,League phase,2,Thu,2024-10-03,18:45,de,Hoffenheim,2,2–0,ua,Dynamo Kyiv,0,20351,PreZero Arena,Aleksandar Stavrev,,main stage,,,,,
Europa League,2024/25,2024,League phase,2,Thu,2024-10-03,19:45,gr,Olympiacos,3,3–0,pt,Braga,0,30301,Stadio Georgios Karaiskáki,Damian Sylwestrzak,,main stage,,,,,
Europa League,2024/25,2024,League phase,2,Thu,2024-10-03,19:45,il,Maccabi Tel Aviv,0,0–2,dk,Midtjylland,2,200,Stadion Partizana,Giorgi Kruashvili,,main stage,,,,,
Europa League,2024/25,2024,League phase,2,Thu,2024-10-03,19:45,lv,RFS,2,2–2,tr,Galatasaray,2,8502,Stadions Arkādija Grass,Filip Glova,,main stage,,,,,
Europa League,2024/25,2024,League phase,2,Thu,2024-10-03,20:00,pt,Porto,3,3–3,eng,Manchester Utd,3,49211,Estádio do Dragão,Tobias Stieler,,main stage,,,,,
Europa League,2024/25,2024,League phase,2,Thu,2024-10-03,20:00,sct,Rangers,1,1–4,fr,Lyon,4,41981,Ibrox Stadium,Sven Jablonski,,main stage,,,,,
Europa League,2024/25,2024,League phase,2,Thu,2024-10-03,20:45,az,Qarabağ,1,1–2,se,Malmö,2,28234,Tofiq Bəhramov adına Respublika stadionu,Anastasios Papapetrou,,main stage,,,,,
Europa League,2024/25,2024,League phase,2,Thu,2024-10-03,21:00,be,Union SG,0,0–0,no,Bodø/Glimt,0,5576,Lotto Park,Ondřej Berka,,main stage,,,,,
Europa League,2024/25,2024,League phase,2,Thu,2024-10-03,21:00,nl,Twente,1,1–1,tr,Fenerbahçe,1,29000,De Grolsch Veste,Chris Kavanagh,,main stage,,,,,
Europa League,2024/25,2024,League phase,2,Thu,2024-10-03,21:00,cz,Viktoria Plzeň,0,0–0,bg,Ludogorets,0,10317,Doosan Arena,Tamás Bognár,,main stage,,,,,
Europa League,2024/25,2024,League phase,2,Thu,2024-10-03,21:00,se,Elfsborg,1,1–0,it,Roma,0,11978,Borås Arena,Kristo Tohver,,main stage,,,,,
Europa League,2024/25,2024,League phase,2,Thu,2024-10-03,21:00,es,Athletic Club,2,2–0,nl,AZ Alkmaar,0,40328,San Mamés,Balázs Berke,,main stage,,,,,
Europa League,2024/25,2024,League phase,2,Thu,2024-10-03,22:00,gr,PAOK,0,0–1,ro,FCSB,1,14340,Stadio Toumbas,Sascha Stegemann,,main stage,,,,,
Europa League,2024/25,2024,League phase,2,Thu,2024-10-03,22:00,tr,Beşiktaş,1,1–3,de,Frankfurt,3,35305,Tüpraş Stadyumu,John Beaton,,main stage,,,,,
Europa League,2024/25,2024,League phase,3,Wed,2024-10-23,15:30,pt,Braga,1,1–2,no,Bodø/Glimt,2,8253,Estádio Municipal de Braga,Nenad Minaković,,main stage,,,,,
Europa League,2024/25,2024,League phase,3,Wed,2024-10-23,17:30,tr,Galatasaray,4,4–3,se,Elfsborg,3,36938,RAMS Park,Matej Jug,,main stage,,,,,
Europa League,2024/25,2024,League phase,3,Thu,2024-10-24,18:45,hu,Ferencváros,1,1–0,fr,Nice,0,18371,Groupama Arena,Tasos Sidiropoulos,,main stage,,,,,
Europa League,2024/25,2024,League phase,3,Thu,2024-10-24,18:45,dk,Midtjylland,1,1–0,be,Union SG,0,8491,MCH Arena,Sebastian Gishamer,,main stage,,,,,
Europa League,2024/25,2024,League phase,3,Thu,2024-10-24,18:45,de,Frankfurt,1,1–0,lv,RFS,0,56600,Deutsche Bank Park,Allard Lindhout,,main stage,,,,,
Europa League,2024/25,2024,League phase,3,Thu,2024-10-24,18:45,it,Roma,1,1–0,ua,Dynamo Kyiv,0,61624,Stadio Olimpico,Serdar Gözübüyük,,main stage,,,,,
Europa League,2024/25,2024,League phase,3,Thu,2024-10-24,19:45,gr,PAOK,2,2–2,cz,Viktoria Plzeň,2,16144,Stadio Toumbas,Urs Schnyder,,main stage,,,,,
Europa League,2024/25,2024,League phase,3,Thu,2024-10-24,19:45,il,Maccabi Tel Aviv,1,1–2,es,Real Sociedad,2,429,Stadion Partizana,Rohit Saggi,,main stage,,,,,
Europa League,2024/25,2024,League phase,3,Thu,2024-10-24,20:00,pt,Porto,2,2–0,de,Hoffenheim,0,39203,Estádio do Dragão,Damian Sylwestrzak,,main stage,,,,,
Europa League,2024/25,2024,League phase,3,Thu,2024-10-24,20:00,eng,Tottenham,1,1–0,nl,AZ Alkmaar,0,53438,Tottenham Hotspur Stadium,Manfredas Lukjančukas,,main stage,,,,,
Europa League,2024/25,2024,League phase,3,Thu,2024-10-24,20:00,sct,Rangers,4,4–0,ro,FCSB,0,41191,Ibrox Stadium,Marco Di Bello,,main stage,,,,,
Europa League,2024/25,2024,League phase,3,Thu,2024-10-24,20:45,az,Qarabağ,0,0–3,nl,Ajax,3,27520,Tofiq Bəhramov adına Respublika stadionu,Nick Walsh,,main stage,,,,,
Europa League,2024/25,2024,League phase,3,Thu,2024-10-24,21:00,se,Malmö,0,0–1,gr,Olympiacos,1,19478,Eleda Stadion,Simone Sozza,,main stage,,,,,
Europa League,2024/25,2024,League phase,3,Thu,2024-10-24,21:00,be,Anderlecht,2,2–0,bg,Ludogorets,0,18000,Lotto Park,Filip Glova,,main stage,,,,,
Europa League,2024/25,2024,League phase,3,Thu,2024-10-24,21:00,fr,Lyon,0,0–1,tr,Beşiktaş,1,27350,Groupama Stadium,Harm Osmers,,main stage,,,,,
Europa League,2024/25,2024,League phase,3,Thu,2024-10-24,21:00,nl,Twente,0,0–2,it,Lazio,2,29500,De Grolsch Veste,Nikola Dabanović,,main stage,,,,,
Europa League,2024/25,2024,League phase,3,Thu,2024-10-24,21:00,es,Athletic Club,1,1–0,cz,Slavia Prague,0,47776,San Mamés,Morten Krogh,,main stage,,,,,
Europa League,2024/25,2024,League phase,3,Thu,2024-10-24,22:00,tr,Fenerbahçe,1,1–1,eng,Manchester Utd,1,41443,Ülker Stadyumu Fenerbahçe Şükrü Saracoğl...,Clément Turpin,,main stage,,,,,
Europa League,2024/25,2024,League phase,4,Wed,2024-11-06,18:30,tr,Beşiktaş,2,2–1,se,Malmö,1,24652,Tüpraş Stadyumu,Sven Jablonski,,main stage,,,,,
Europa League,2024/25,2024,League phase,4,Thu,2024-11-07,18:45,fr,Nice,2,2–2,nl,Twente,2,11144,Allianz Riviera,Balázs Berke,,main stage,,,,,
Europa League,2024/25,2024,League phase,4,Thu,2024-11-07,18:45,no,Bodø/Glimt,1,1–2,az,Qarabağ,2,6011,Aspmyra Stadion,Luís Godinho,,main stage,,,,,
Europa League,2024/25,2024,League phase,4,Thu,2024-11-07,18:45,de,Frankfurt,1,1–0,cz,Slavia Prague,0,57350,Deutsche Bank Park,Chris Kavanagh,,main stage,,,,,
Europa League,2024/25,2024,League phase,4,Thu,2024-11-07,18:45,be,Union SG,1,1–1,it,Roma,1,13875,Stade Roi Baudouin,Jérôme Brisard,,main stage,,,,,
Europa League,2024/25,2024,League phase,4,Thu,2024-11-07,18:45,se,Elfsborg,1,1–1,pt,Braga,1,9402,Borås Arena,Juxhin Xhaja,,main stage,,,,,
Europa League,2024/25,2024,League phase,4,Thu,2024-11-07,19:45,gr,Olympiacos,1,1–1,sct,Rangers,1,31795,Stadio Georgios Karaiskáki,Sascha Stegemann,,main stage,,,,,
Europa League,2024/25,2024,League phase,4,Thu,2024-11-07,19:45,bg,Ludogorets,1,1–2,es,Athletic Club,2,9725,Huvepharma Arena,Anastasios Papapetrou,,main stage,,,,,
Europa League,2024/25,2024,League phase,4,Thu,2024-11-07,19:45,ro,FCSB,2,2–0,dk,Midtjylland,0,37152,Arena Naţională,Duje Strukan,,main stage,,,,,
Europa League,2024/25,2024,League phase,4,Thu,2024-11-07,20:00,eng,Manchester Utd,2,2–0,gr,PAOK,0,73174,Old Trafford,Radu Petrescu,,main stage,,,,,
Europa League,2024/25,2024,League phase,4,Thu,2024-11-07,20:45,tr,Galatasaray,3,3–2,eng,Tottenham,2,51739,RAMS Park,Lawrence Visser,,main stage,,,,,
Europa League,2024/25,2024,League phase,4,Thu,2024-11-07,21:00,de,Hoffenheim,2,2–2,fr,Lyon,2,18227,PreZero Arena,Marian Barbu,,main stage,,,,,
Europa League,2024/25,2024,League phase,4,Thu,2024-11-07,21:00,it,Lazio,2,2–1,pt,Porto,1,29576,Stadio Olimpico,Georgi Kabakov,,main stage,,,,,
Europa League,2024/25,2024,League phase,4,Thu,2024-11-07,21:00,nl,AZ Alkmaar,3,3–1,tr,Fenerbahçe,1,15383,AFAS Stadion,John Beaton,,main stage,,,,,
Europa League,2024/25,2024,League phase,4,Thu,2024-11-07,21:00,cz,Viktoria Plzeň,2,2–1,es,Real Sociedad,1,11130,Doosan Arena,Andris Treimanis,,main stage,,,,,
Europa League,2024/25,2024,League phase,4,Thu,2024-11-07,21:00,nl,Ajax,5,5–0,il,Maccabi Tel Aviv,0,53719,Johan Cruijff Arena,Ondřej Berka,,main stage,,,,,
Europa League,2024/25,2024,League phase,4,Thu,2024-11-07,22:00,ua,Dynamo Kyiv,0,0–4,hu,Ferencváros,4,5338,Volksparkstadion,Mohammed Al Hakim,,main stage,,,,,
Europa League,2024/25,2024,League phase,4,Thu,2024-11-07,22:00,lv,RFS,1,1–1,be,Anderlecht,1,4820,Stadions Arkādija Grass,Aleksandar Stavrev,,main stage,,,,,
Europa League,2024/25,2024,League phase,5,Thu,2024-11-28,18:45,es,Athletic Club,3,3–0,se,Elfsborg,0,46325,San Mamés,Giorgi Kruashvili,,main stage,,,,,
Europa League,2024/25,2024,League phase,5,Thu,2024-11-28,18:45,it,Lazio,0,0–0,bg,Ludogorets,0,27259,Stadio Olimpico,Duje Strukan,,main stage,,,,,
Europa League,2024/25,2024,League phase,5,Thu,2024-11-28,18:45,be,Anderlecht,2,2–2,pt,Porto,2,17717,Lotto Park,Morten Krogh,,main stage,,,,,
Europa League,2024/25,2024,League phase,5,Thu,2024-11-28,18:45,ua,Dynamo Kyiv,1,1–2,cz,Viktoria Plzeň,2,4456,Volksparkstadion,Luís Godinho,,main stage,,,,,
Europa League,2024/25,2024,League phase,5,Thu,2024-11-28,18:45,nl,AZ Alkmaar,1,1–1,tr,Galatasaray,1,16229,AFAS Stadion,Horațiu Fesnic,,main stage,,,,,
Europa League,2024/25,2024,League phase,5,Thu,2024-11-28,19:45,lv,RFS,0,0–2,gr,PAOK,2,5346,Stadions Arkādija Grass,Julian Weinberger,,main stage,,,,,
Europa League,2024/25,2024,League phase,5,Thu,2024-11-28,20:00,pt,Braga,3,3–0,de,Hoffenheim,0,10010,Estádio Municipal de Braga,Igor Pajač,,main stage,,,,,
Europa League,2024/25,2024,League phase,5,Thu,2024-11-28,20:00,eng,Tottenham,2,2–2,it,Roma,2,53378,Tottenham Hotspur Stadium,Glenn Nyberg,,main stage,,,,,
Europa League,2024/25,2024,League phase,5,Thu,2024-11-28,20:00,eng,Manchester Utd,3,3–2,no,Bodø/Glimt,2,72985,Old Trafford,Lawrence Visser,,main stage,,,,,
Europa League,2024/25,2024,League phase,5,Thu,2024-11-28,20:45,tr,Beşiktaş,1,1–3,il,Maccabi Tel Aviv,3,20124,Nagyerdei Stadion,Simone Sozza,,main stage,,,,,
Europa League,2024/25,2024,League phase,5,Thu,2024-11-28,21:00,fr,Nice,1,1–4,sct,Rangers,4,18008,Allianz Riviera,Ricardo de Burgos,,main stage,,,,,
Europa League,2024/25,2024,League phase,5,Thu,2024-11-28,21:00,cz,Slavia Prague,1,1–2,tr,Fenerbahçe,2,19308,Fortuna Arena,Sascha Stegemann,,main stage,,,,,
Europa League,2024/25,2024,League phase,5,Thu,2024-11-28,21:00,dk,Midtjylland,1,1–2,de,Frankfurt,2,9521,MCH Arena,Craig Pawson,,main stage,,,,,
Europa League,2024/25,2024,League phase,5,Thu,2024-11-28,21:00,nl,Twente,0,0–1,be,Union SG,1,26500,De Grolsch Veste,John Beaton,,main stage,,,,,
Europa League,2024/25,2024,League phase,5,Thu,2024-11-28,21:00,es,Real Sociedad,2,2–0,nl,Ajax,0,32786,Reale Arena,Matej Jug,,main stage,,,,,
Europa League,2024/25,2024,League phase,5,Thu,2024-11-28,21:00,hu,Ferencváros,4,4–1,se,Malmö,1,18891,Groupama Arena,Əliyar Ağayev,,main stage,,,,,
Europa League,2024/25,2024,League phase,5,Thu,2024-11-28,21:45,az,Qarabağ,1,1–4,fr,Lyon,4,22563,Tofiq Bəhramov adına Respublika stadionu,Nenad Minaković,,main stage,,,,,
Europa League,2024/25,2024,League phase,5,Thu,2024-11-28,22:00,ro,FCSB,0,0–0,gr,Olympiacos,0,43572,Arena Naţională,Sebastian Gishamer,,main stage,,,,,
Europa League,2024/25,2024,League phase,6,Wed,2024-12-11,18:30,tr,Fenerbahçe,0,0–2,es,Athletic Club,2,35263,Ülker Stadyumu Fenerbahçe Şükrü Saracoğl...,Irfan Peljto,,main stage,,,,,
Europa League,2024/25,2024,League phase,6,Thu,2024-12-12,18:45,cz,Viktoria Plzeň,1,1–2,eng,Manchester Utd,2,11320,Doosan Arena,Marian Barbu,,main stage,,,,,
Europa League,2024/25,2024,League phase,6,Thu,2024-12-12,18:45,it,Roma,3,3–0,pt,Braga,0,59085,Stadio Olimpico,Daniel Siebert,,main stage,,,,,
Europa League,2024/25,2024,League phase,6,Thu,2024-12-12,18:45,se,Malmö,2,2–2,tr,Galatasaray,2,19489,Eleda Stadion,John Brooks,,main stage,,,,,
Europa League,2024/25,2024,League phase,6,Thu,2024-12-12,18:45,be,Union SG,2,2–1,fr,Nice,1,7501,Stade Roi Baudouin,Chris Kavanagh,,main stage,,,,,
Europa League,2024/25,2024,League phase,6,Thu,2024-12-12,18:45,de,Hoffenheim,0,0–0,ro,FCSB,0,23223,PreZero Arena,Juxhin Xhaja,,main stage,,,,,
Europa League,2024/25,2024,League phase,6,Thu,2024-12-12,19:45,gr,PAOK,5,5–0,hu,Ferencváros,0,18121,Stadio Toumbas,Guillermo Cuadra,,main stage,,,,,
Europa League,2024/25,2024,League phase,6,Thu,2024-12-12,19:45,bg,Ludogorets,2,2–2,nl,AZ Alkmaar,2,4245,Huvepharma Arena,Kristo Tohver,,main stage,,,,,
Europa League,2024/25,2024,League phase,6,Thu,2024-12-12,19:45,gr,Olympiacos,0,0–0,nl,Twente,0,31600,Stadio Georgios Karaiskáki,Jérôme Brisard,,main stage,,,,,
Europa League,2024/25,2024,League phase,6,Thu,2024-12-12,20:00,pt,Porto,2,2–0,dk,Midtjylland,0,36619,Estádio do Dragão,Aleksandar Stavrev,,main stage,,,,,
Europa League,2024/25,2024,League phase,6,Thu,2024-12-12,20:00,sct,Rangers,1,1–1,eng,Tottenham,1,48064,Ibrox Stadium,Sandro Schärer,,main stage,,,,,
Europa League,2024/25,2024,League phase,6,Thu,2024-12-12,21:00,cz,Slavia Prague,1,1–2,be,Anderlecht,2,19167,Fortuna Arena,Anastasios Papapetrou,,main stage,,,,,
Europa League,2024/25,2024,League phase,6,Thu,2024-12-12,21:00,no,Bodø/Glimt,2,2–1,tr,Beşiktaş,1,5813,Aspmyra Stadion,Filip Glova,,main stage,,,,,
Europa League,2024/25,2024,League phase,6,Thu,2024-12-12,21:00,nl,Ajax,1,1–3,it,Lazio,3,50127,Johan Cruijff Arena,Ivan Kružliak,,main stage,,,,,
Europa League,2024/25,2024,League phase,6,Thu,2024-12-12,21:00,es,Real Sociedad,3,3–0,ua,Dynamo Kyiv,0,26457,Reale Arena,Harm Osmers,,main stage,,,,,
Europa League,2024/25,2024,League phase,6,Thu,2024-12-12,21:00,fr,Lyon,3,3–2,de,Frankfurt,2,41091,Groupama Stadium,Andris Treimanis,,main stage,,,,,
Europa League,2024/25,2024,League phase,6,Thu,2024-12-12,21:00,se,Elfsborg,1,1–0,az,Qarabağ,0,6278,Borås Arena,António Nobre,,main stage,,,,,
Europa League,2024/25,2024,League phase,6,Thu,2024-12-12,22:00,il,Maccabi Tel Aviv,2,2–1,lv,RFS,1,253,Stadion Partizana,Tamás Bognár,,main stage,,,,,
Europa League,2024/25,2024,League phase,7,Tue,2025-01-21,18:30,tr,Galatasaray,3,3–3,ua,Dynamo Kyiv,3,45273,RAMS Park,Kristo Tohver,,main stage,,,,,
Europa League,2024/25,2024,League phase,7,Wed,2025-01-22,18:30,tr,Beşiktaş,4,4–1,es,Athletic Club,1,35980,Tüpraş Stadyumu,Julian Weinberger,,main stage,,,,,
Europa League,2024/25,2024,League phase,7,Thu,2025-01-23,17:45,pt,Porto,0,0–1,gr,Olympiacos,1,35357,Estádio do Dragão,Clément Turpin,,main stage,,,,,
Europa League,2024/25,2024,League phase,7,Thu,2025-01-23,18:45,no,Bodø/Glimt,3,3–1,il,Maccabi Tel Aviv,1,3989,Aspmyra Stadion,Ricardo de Burgos,,main stage,,,,,
Europa League,2024/25,2024,League phase,7,Thu,2025-01-23,18:45,se,Malmö,2,2–3,nl,Twente,3,16432,Eleda Stadion,Sascha Stegemann,,main stage,,,,,
Europa League,2024/25,2024,League phase,7,Thu,2025-01-23,18:45,cz,Viktoria Plzeň,2,2–0,be,Anderlecht,0,10972,Doosan Arena,António Nobre,,main stage,,,,,
Europa League,2024/25,2024,League phase,7,Thu,2025-01-23,18:45,nl,AZ Alkmaar,1,1–0,it,Roma,0,18635,AFAS Stadion,Irfan Peljto,,main stage,,,,,
Europa League,2024/25,2024,League phase,7,Thu,2025-01-23,18:45,de,Hoffenheim,2,2–3,eng,Tottenham,3,30150,PreZero Arena,Morten Krogh,,main stage,,,,,
Europa League,2024/25,2024,League phase,7,Thu,2025-01-23,20:00,eng,Manchester Utd,2,2–1,sct,Rangers,1,73288,Old Trafford,Erik Lambrechts,,main stage,,,,,
Europa League,2024/25,2024,League phase,7,Thu,2025-01-23,20:45,tr,Fenerbahçe,0,0–0,fr,Lyon,0,36722,Ülker Stadyumu Fenerbahçe Şükrü Saracoğl...,Simone Sozza,,main stage,,,,,
Europa League,2024/25,2024,League phase,7,Thu,2025-01-23,21:00,be,Union SG,2,2–1,pt,Braga,1,7729,Stade Roi Baudouin,Nick Walsh,,main stage,,,,,
Europa League,2024/25,2024,League phase,7,Thu,2025-01-23,21:00,se,Elfsborg,1,1–0,fr,Nice,0,7566,Borås Arena,Igor Pajač,,main stage,,,,,
Europa League,2024/25,2024,League phase,7,Thu,2025-01-23,21:00,it,Lazio,3,3–1,es,Real Sociedad,1,32635,Stadio Olimpico,Lawrence Visser,,main stage,,,,,
Europa League,2024/25,2024,League phase,7,Thu,2025-01-23,21:00,de,Frankfurt,2,2–0,hu,Ferencváros,0,55500,Deutsche Bank Park,Enea Jorgji,,main stage,,,,,
Europa League,2024/25,2024,League phase,7,Thu,2025-01-23,21:45,az,Qarabağ,2,2–3,ro,FCSB,3,16583,Tofiq Bəhramov adına Respublika stadionu,Filip Glova,,main stage,,,,,
Europa League,2024/25,2024,League phase,7,Thu,2025-01-23,22:00,bg,Ludogorets,0,0–2,dk,Midtjylland,2,3847,Huvepharma Arena,Mohammed Al Hakim,,main stage,,,,,
Europa League,2024/25,2024,League phase,7,Thu,2025-01-23,22:00,gr,PAOK,2,2–0,cz,Slavia Prague,0,17507,Stadio Toumbas,Matej Jug,,main stage,,,,,
Europa League,2024/25,2024,League phase,7,Thu,2025-01-23,22:00,lv,RFS,1,1–0,nl,Ajax,0,10233,Daugavas Stadionā,Marian Barbu,,main stage,,,,,
Europa League,2024/25,2024,League phase,8,Thu,2025-01-30,20:00,pt,Braga,1,1–0,it,Lazio,0,10438,Estádio Municipal de Braga,John Brooks,,main stage,,,,,
Europa League,2024/25,2024,League phase,8,Thu,2025-01-30,20:00,eng,Tottenham,3,3–0,se,Elfsborg,0,57337,Tottenham Hotspur Stadium,Sebastian Gishamer,,main stage,,,,,
Europa League,2024/25,2024,League phase,8,Thu,2025-01-30,20:00,sct,Rangers,2,2–1,be,Union SG,1,46993,Ibrox Stadium,Damian Sylwestrzak,,main stage,,,,,
Europa League,2024/25,2024,League phase,8,Thu,2025-01-30,21:00,dk,Midtjylland,2,2–2,tr,Fenerbahçe,2,9693,MCH Arena,Luís Godinho,,main stage,,,,,
Europa League,2024/25,2024,League phase,8,Thu,2025-01-30,21:00,cz,Slavia Prague,2,2–2,se,Malmö,2,17026,Fortuna Arena,Allard Lindhout,,main stage,,,,,
Europa League,2024/25,2024,League phase,8,Thu,2025-01-30,21:00,it,Roma,2,2–0,de,Frankfurt,0,64458,Stadio Olimpico,Rade Obrenović,,main stage,,,,,
Europa League,2024/25,2024,League phase,8,Thu,2025-01-30,21:00,es,Athletic Club,3,3–1,cz,Viktoria Plzeň,1,45471,San Mamés,Matej Jug,,main stage,,,,,
Europa League,2024/25,2024,League phase,8,Thu,2025-01-30,21:00,nl,Ajax,2,2–1,tr,Galatasaray,1,54100,Johan Cruijff Arena,Jesús Gil,,main stage,,,,,
Europa League,2024/25,2024,League phase,8,Thu,2025-01-30,21:00,hu,Ferencváros,4,4–3,nl,AZ Alkmaar,3,18657,Groupama Arena,Nenad Minaković,,main stage,,,,,
Europa League,2024/25,2024,League phase,8,Thu,2025-01-30,21:00,be,Anderlecht,3,3–4,de,Hoffenheim,4,17839,Lotto Park,Giorgi Kruashvili,,main stage,,,,,
Europa League,2024/25,2024,League phase,8,Thu,2025-01-30,21:00,nl,Twente,1,1–0,tr,Beşiktaş,0,28500,De Grolsch Veste,Szymon Marciniak,,main stage,,,,,
Europa League,2024/25,2024,League phase,8,Thu,2025-01-30,21:00,fr,Nice,1,1–1,no,Bodø/Glimt,1,4294,Allianz Riviera,Juxhin Xhaja,,main stage,,,,,
Europa League,2024/25,2024,League phase,8,Thu,2025-01-30,21:00,es,Real Sociedad,2,2–0,gr,PAOK,0,23872,Reale Arena,John Beaton,,main stage,,,,,
Europa League,2024/25,2024,League phase,8,Thu,2025-01-30,21:00,fr,Lyon,1,1–1,bg,Ludogorets,1,35448,Groupama Stadium,Tasos Sidiropoulos,,main stage,,,,,
Europa League,2024/25,2024,League phase,8,Thu,2025-01-30,22:00,ro,FCSB,0,0–2,eng,Manchester Utd,2,50128,Arena Naţională,Harm Osmers,,main stage,,,,,
Europa League,2024/25,2024,League phase,8,Thu,2025-01-30,22:00,gr,Olympiacos,3,3–0,az,Qarabağ,0,31500,Stadio Georgios Karaiskáki,Radu Petrescu,,main stage,,,,,
Europa League,2024/25,2024,League phase,8,Thu,2025-01-30,22:00,il,Maccabi Tel Aviv,0,0–1,pt,Porto,1,673,Stadion Partizana,Nikola Dabanović,,main stage,,,,,
Europa League,2024/25,2024,League phase,8,Thu,2025-01-30,22:00,ua,Dynamo Kyiv,1,1–0,lv,RFS,0,3698,Volksparkstadion,Orel Grinfeeld,,main stage,,,,,
Europa League,2024/25,2024,Knockout phase play-offs,,Thu,2025-02-13,18:45,dk,Midtjylland,1,1–2,es,Real Sociedad,2,9401,MCH Arena,Orel Grinfeeld,Leg 1 of 2,main stage,False,False,,,
Europa League,2024/25,2024,Knockout phase play-offs,,Thu,2025-02-13,18:45,be,Union SG,0,0–2,nl,Ajax,2,10853,Stade Roi Baudouin,Donatas Rumšas,Leg 1 of 2,main stage,False,False,,,
Europa League,2024/25,2024,Knockout phase play-offs,,Thu,2025-02-13,18:45,hu,Ferencváros,1,1–0,cz,Viktoria Plzeň,0,18519,Groupama Arena,Giorgi Kruashvili,Leg 1 of 2,main stage,False,False,,,
Europa League,2024/25,2024,Knockout phase play-offs,,Thu,2025-02-13,20:00,pt,Porto,1,1–1,it,Roma,1,37129,Estádio do Dragão,Tobias Stieler,Leg 1 of 2,main stage,False,False,,,
Europa League,2024/25,2024,Knockout phase play-offs,,Thu,2025-02-13,20:45,tr,Fenerbahçe,3,3–0,be,Anderlecht,0,34517,Ülker Stadyumu Fenerbahçe Şükrü Saracoğl...,Nikola Dabanović,Leg 1 of 2,main stage,False,False,,,
Europa League,2024/25,2024,Knockout phase play-offs,,Thu,2025-02-13,21:00,nl,AZ Alkmaar,4,4–1,tr,Galatasaray,1,14092,AFAS Stadion,João Pinheiro,Leg 1 of 2,main stage,False,False,,,
Europa League,2024/25,2024,Knockout phase play-offs,,Thu,2025-02-13,21:00,nl,Twente,2,2–1,no,Bodø/Glimt,1,29500,De Grolsch Veste,Sebastian Gishamer,Leg 1 of 2,main stage,False,False,,,
Europa League,2024/25,2024,Knockout phase play-offs,,Thu,2025-02-13,22:00,gr,PAOK,1,1–2,ro,FCSB,2,18343,Stadio Toumbas,Lawrence Visser,Leg 1 of 2,main stage,False,False,,,
Europa League,2024/25,2024,Knockout phase play-offs,,Thu,2025-02-20,18:45,it,Roma,3,3–2,pt,Porto,2,55286,Stadio Olimpico,François Letexier,Leg 2 of 2; Roma won,main stage,False,False,,,
Europa League,2024/25,2024,Knockout phase play-offs,,Thu,2025-02-20,18:45,no,Bodø/Glimt,5,5–2,nl,Twente,2,6417,Aspmyra Stadion,Alejandro Hernández,Leg 2 of 2; Bodø/Glimt won; Required Extra Time,main stage,True,False,,,
Europa League,2024/25,2024,Knockout phase play-offs,,Thu,2025-02-20,19:45,ro,FCSB,2,2–0,gr,PAOK,0,50248,Arena Naţională,Matej Jug,Leg 2 of 2; FCSB won,main stage,False,False,,,
Europa League,2024/25,2024,Knockout phase play-offs,,Thu,2025-02-20,20:45,tr,Galatasaray,2,2–2,nl,AZ Alkmaar,2,37343,RAMS Park,Anthony Taylor,Leg 2 of 2; AZ Alkmaar won,main stage,False,False,,,
Europa League,2024/25,2024,Knockout phase play-offs,,Thu,2025-02-20,21:00,es,Real Sociedad,5,5–2,dk,Midtjylland,2,27728,Reale Arena,Serdar Gözübüyük,Leg 2 of 2; Real Sociedad won,main stage,False,False,,,
Europa League,2024/25,2024,Knockout phase play-offs,,Thu,2025-02-20,21:00,be,Anderlecht,2,2–2,tr,Fenerbahçe,2,13724,Lotto Park,Sandro Schärer,Leg 2 of 2; Fenerbahçe won,main stage,False,False,,,
Europa League,2024/25,2024,Knockout phase play-offs,,Thu,2025-02-20,21:00,cz,Viktoria Plzeň,3,3–0,hu,Ferencváros,0,10415,Doosan Arena,Jérôme Brisard,Leg 2 of 2; Viktoria Plzeň won,main stage,False,False,,,
Europa League,2024/25,2024,Knockout phase play-offs,,Thu,2025-02-20,21:00,nl,Ajax,1,1–2,be,Union SG,2,51835,Johan Cruijff Arena,Chris Kavanagh,Leg 2 of 2; Ajax won; Required Extra Time,main stage,True,False,,,
Europa League,2024/25,2024,Round of 16,,Thu,2025-03-06,18:45,nl,AZ Alkmaar,1,1–0,eng,Tottenham,0,18281,AFAS Stadion,Rade Obrenović,Leg 1 of 2,main stage,False,False,,,
Europa League,2024/25,2024,Round of 16,,Thu,2025-03-06,18:45,es,Real Sociedad,1,1–1,eng,Manchester Utd,1,34391,Reale Arena,Ivan Kružliak,Leg 1 of 2,main stage,False,False,,,
Europa League,2024/25,2024,Round of 16,,Thu,2025-03-06,19:45,ro,FCSB,1,1–3,fr,Lyon,3,53028,Arena Naţională,Tobias Stieler,Leg 1 of 2,main stage,False,False,,,
Europa League,2024/25,2024,Round of 16,,Thu,2025-03-06,20:45,tr,Fenerbahçe,1,1–3,sct,Rangers,3,42090,Ülker Stadyumu Fenerbahçe Şükrü Saracoğl...,Alejandro Hernández,Leg 1 of 2,main stage,False,False,,,
Europa League,2024/25,2024,Round of 16,,Thu,2025-03-06,21:00,nl,Ajax,1,1–2,de,Frankfurt,2,52641,Johan Cruijff Arena,Simone Sozza,Leg 1 of 2,main stage,False,False,,,
Europa League,2024/25,2024,Round of 16,,Thu,2025-03-06,21:00,it,Roma,2,2–1,es,Athletic Club,1,62540,Stadio Olimpico,Sandro Schärer,Leg 1 of 2,main stage,False,False,,,
Europa League,2024/25,2024,Round of 16,,Thu,2025-03-06,21:00,cz,Viktoria Plzeň,1,1–2,it,Lazio,2,11236,Doosan Arena,Donatas Rumšas,Leg 1 of 2,main stage,False,False,,,
Europa League,2024/25,2024,Round of 16,,Thu,2025-03-06,21:00,no,Bodø/Glimt,3,3–0,gr,Olympiacos,0,8050,Aspmyra Stadion,Mykola Balakin,Leg 1 of 2,main stage,False,False,,,
Europa League,2024/25,2024,Round of 16,,Thu,2025-03-13,18:45,it,Lazio,1,1–1,cz,Viktoria Plzeň,1,39547,Stadio Olimpico,Danny Makkelie,Leg 2 of 2; Lazio won,main stage,False,False,,,
Europa League,2024/25,2024,Round of 16,,Thu,2025-03-13,18:45,es,Athletic Club,3,3–1,it,Roma,1,50666,San Mamés,Clément Turpin,Leg 2 of 2; Athletic Club won,main stage,False,False,,,
Europa League,2024/25,2024,Round of 16,,Thu,2025-03-13,18:45,de,Frankfurt,4,4–1,nl,Ajax,1,57500,Deutsche Bank Park,Irfan Peljto,Leg 2 of 2; Frankfurt won,main stage,False,False,,,
Europa League,2024/25,2024,Round of 16,,Thu,2025-03-13,19:45,gr,Olympiacos,2,2–1,no,Bodø/Glimt,1,31850,Stadio Georgios Karaiskáki,Felix Zwayer,Leg 2 of 2; Bodø/Glimt won,main stage,False,False,,,
Europa League,2024/25,2024,Round of 16,,Thu,2025-03-13,20:00,eng,Tottenham,3,3–1,nl,AZ Alkmaar,1,58302,Tottenham Hotspur Stadium,João Pinheiro,Leg 2 of 2; Tottenham won,main stage,False,False,,,
Europa League,2024/25,2024,Round of 16,,Thu,2025-03-13,20:00,sct,Rangers,0,(3) 0–2 (2),tr,Fenerbahçe,2,50061,Ibrox Stadium,Espen Eskås,Leg 2 of 2; Rangers won; Rangers won a penalty shoot-out following extra time,main stage,True,True,3 - 2,3,2
Europa League,2024/25,2024,Round of 16,,Thu,2025-03-13,20:00,eng,Manchester Utd,4,4–1,es,Real Sociedad,1,73189,Old Trafford,Benoît Bastien,Leg 2 of 2; Manchester Utd won,main stage,False,False,,,
Europa League,2024/25,2024,Round of 16,,Thu,2025-03-13,21:00,fr,Lyon,4,4–0,ro,FCSB,0,37322,Groupama Stadium,Anthony Taylor,Leg 2 of 2; Lyon won,main stage,False,False,,,
Europa League,2024/25,2024,Quarter-finals,,Thu,2025-04-10,18:45,no,Bodø/Glimt,2,2–0,it,Lazio,0,8124,Aspmyra Stadion,Michael Oliver,Leg 1 of 2,main stage,False,False,,,
Europa League,2024/25,2024,Quarter-finals,,Thu,2025-04-10,20:00,sct,Rangers,0,0–0,es,Athletic Club,0,49922,Ibrox Stadium,István Kovács,Leg 1 of 2,main stage,False,False,,,
Europa League,2024/25,2024,Quarter-finals,,Thu,2025-04-10,20:00,eng,Tottenham,1,1–1,de,Frankfurt,1,57849,Tottenham Hotspur Stadium,Szymon Marciniak,Leg 1 of 2,main stage,False,False,,,
Europa League,2024/25,2024,Quarter-finals,,Thu,2025-04-10,21:00,fr,Lyon,2,2–2,eng,Manchester Utd,2,58018,Groupama Stadium,Glenn Nyberg,Leg 1 of 2,main stage,False,False,,,
Europa League,2024/25,2024,Quarter-finals,,Thu,2025-04-17,20:00,eng,Manchester Utd,5,5–4,fr,Lyon,4,73228,Old Trafford,Sandro Schärer,Leg 2 of 2; Manchester Utd won; Required Extra Time,main stage,True,False,,,
Europa League,2024/25,2024,Quarter-finals,,Thu,2025-04-17,21:00,es,Athletic Club,2,2–0,sct,Rangers,0,52114,San Mamés,Irfan Peljto,Leg 2 of 2; Athletic Club won,main stage,False,False,,,
Europa League,2024/25,2024,Quarter-finals,,Thu,2025-04-17,21:00,it,Lazio,3,(2) 3–1 (3),no,Bodø/Glimt,1,54873,Stadio Olimpico,Daniel Siebert,Leg 2 of 2; Bodø/Glimt won; Bodø/Glimt won a penalty shoot-out following extra time,main stage,True,True,2 - 3,2,3
Europa League,2024/25,2024,Quarter-finals,,Thu,2025-04-17,21:00,de,Frankfurt,0,0–1,eng,Tottenham,1,57500,Deutsche Bank Park,Davide Massa,Leg 2 of 2; Tottenham won,main stage,False,False,,,
Europa League,2024/25,2024,Semi-finals,,Thu,2025-05-01,20:00,eng,Tottenham,3,3–1,no,Bodø/Glimt,1,61327,Tottenham Hotspur Stadium,Jose Maria Sánchez,Leg 1 of 2,main stage,False,False,,,
Europa League,2024/25,2024,Semi-finals,,Thu,2025-05-01,21:00,es,Athletic Club,0,0–3,eng,Manchester Utd,3,51980,San Mamés,Espen Eskås,Leg 1 of 2,main stage,False,False,,,
Europa League,2024/25,2024,Semi-finals,,Thu,2025-05-08,20:00,eng,Manchester Utd,4,4–1,es,Athletic Club,1,73298,Old Trafford,Daniel Siebert,Leg 2 of 2; Manchester Utd won,main stage,False,False,,,
Europa League,2024/25,2024,Semi-finals,,Thu,2025-05-08,21:00,no,Bodø/Glimt,0,0–2,eng,Tottenham,2,8030,Aspmyra Stadion,Maurizio Mariani,Leg 2 of 2; Tottenham won,main stage,False,False,,,
Europa League,2024/25,2024,Final,,Wed,2025-05-21,21:00,eng,Tottenham,1,1–0,eng,Manchester Utd,0,49924,San Mamés (Neutral Site),Felix Zwayer,,main stage,,,,,
Europa League,2024/25,2024,First qualifying round,,Thu,2024-07-11,19:00,sk,Ružomberok,5,5–2,kz,FC Tobol,2,3025,Futbalový Štadión MFK Ružomberok,Kyriakos Athanasiou,Leg 1 of 2,qualification,False,False,,,
Europa League,2024/25,2024,First qualifying round,,Thu,2024-07-11,19:00,hu,Paks,0,0–4,ro,Corvinul,4,4182,Paksi FC Stadion,Mohammad Aslam,Leg 1 of 2,qualification,False,False,,,
Europa League,2024/25,2024,First qualifying round,,Thu,2024-07-11,19:00,se,Elfsborg,3,3–0,cy,Pafos FC,0,5011,Borås Arena,Dmytro Panchyshyn,Leg 1 of 2,qualification,False,False,,,
Europa League,2024/25,2024,First qualifying round,,Thu,2024-07-11,20:00,md,Sheriff Tiraspol,0,0–1,az,Zira,1,3594,Bolshaya Sportivnaya Arena,Alessandro Dudic,Leg 1 of 2,qualification,False,False,,,
Europa League,2024/25,2024,First qualifying round,,Thu,2024-07-11,20:30,pl,Wisła Kraków,2,2–0,xk,KF Llapi,0,24403,Stadion Miejski im. Henryka Reymana,Marc Nagtegaal,Leg 1 of 2,qualification,False,False,,,
Europa League,2024/25,2024,First qualifying round,,Thu,2024-07-11,21:00,bg,Botev Plovdiv,2,2–1,si,NK Maribor,1,16318,Stadion Hristo Botev,David Dickinson,Leg 1 of 2,qualification,False,False,,,
Europa League,2024/25,2024,First qualifying round,,Thu,2024-07-18,16:30,xk,KF Llapi,1,1–2,pl,Wisła Kraków,2,,Stadiumi i Qytetit,Trustin Farrugia Cann,Leg 2 of 2; Wisła Kraków won,qualification,False,False,,,
Europa League,2024/25,2024,First qualifying round,,Thu,2024-07-18,19:00,cy,Pafos FC,2,2–5,se,Elfsborg,5,3952,Alphamega Stadium,Gal Leibovitz,Leg 2 of 2; Elfsborg won,qualification,False,False,,,
Europa League,2024/25,2024,First qualifying round,,Thu,2024-07-18,20:00,az,Zira,1,(4) 1–2 (5),md,Sheriff Tiraspol,2,4700,Liv Bona Dea Arena,Bulat Sariyev,Leg 2 of 2; Sheriff Tiraspol won; Sheriff Tiraspol won a penalty shoot-out following extra time,qualification,True,True,4 - 5,4,5
Europa League,2024/25,2024,First qualifying round,,Thu,2024-07-18,20:15,si,NK Maribor,2,2–2,bg,Botev Plovdiv,2,8124,Ljudski Vrt,Vitalii Romanov,Leg 2 of 2; Botev Plovdiv won,qualification,False,False,,,
Europa League,2024/25,2024,First qualifying round,,Thu,2024-07-18,21:00,kz,FC Tobol,1,1–0,sk,Ružomberok,0,6830,Qazhymuqan Muńaıtpasov Ortalyq Stadıon,Mikkel Redder,Leg 2 of 2; Ružomberok won,qualification,False,False,,,
Europa League,2024/25,2024,First qualifying round,,Thu,2024-07-18,21:00,ro,Corvinul,0,0–2,hu,Paks,2,8582,Stadionul Municipal,Peter Kráľovič,Leg 2 of 2; Corvinul won,qualification,False,False,,,
Europa League,2024/25,2024,Second qualifying round,,Thu,2024-07-25,18:00,pl,Wisła Kraków,1,1–2,at,Rapid Wien,2,30542,Stadion Miejski im. Henryka Reymana,Mohammed Al-Emara,Leg 1 of 2,qualification,False,False,,,
Europa League,2024/25,2024,Second qualifying round,,Thu,2024-07-25,18:30,sk,Ružomberok,0,0–2,tr,Trabzonspor,2,4544,Futbalový Štadión MFK Ružomberok,Bastian Dankert,Leg 1 of 2,qualification,False,False,,,
Europa League,2024/25,2024,Second qualifying round,,Thu,2024-07-25,19:00,no,Molde,3,3–1,dk,Silkeborg,1,3900,Aker Stadion,Adam Ladebäck,Leg 1 of 2,qualification,False,False,,,
Europa League,2024/25,2024,Second qualifying round,,Thu,2024-07-25,19:30,sct,Kilmarnock,1,1–1,be,Cercle Brugge,1,10410,BBSP Stadium Rugby Park,Martin Dohál,Leg 1 of 2,qualification,False,False,,,
Europa League,2024/25,2024,Second qualifying round,,Thu,2024-07-25,20:00,md,Sheriff Tiraspol,0,0–1,se,Elfsborg,1,3751,Bolshaya Sportivnaya Arena,Marek Radina,Leg 1 of 2,qualification,False,False,,,
Europa League,2024/25,2024,Second qualifying round,,Thu,2024-07-25,20:30,nl,Ajax,1,1–0,rs,Vojvodina,0,53590,Johan Cruijff Arena,César Soto,Leg 1 of 2,qualification,False,False,,,
Europa League,2024/25,2024,Second qualifying round,,Thu,2024-07-25,20:30,pt,Braga,2,2–0,il,M. Petah Tikva,0,14891,Estádio Municipal de Braga,Luca Pairetto,Leg 1 of 2,qualification,False,False,,,
Europa League,2024/25,2024,Second qualifying round,,Thu,2024-07-25,21:00,gr,Panathinaikos,2,2–1,bg,Botev Plovdiv,1,11236,Olympiako Stadio Spyros Louis,David Fuxman,Leg 1 of 2,qualification,False,False,,,
Europa League,2024/25,2024,Second qualifying round,,Thu,2024-07-25,21:00,ro,Corvinul,0,0–0,hr,Rijeka,0,7432,Stadionul Municipal,Philip Farrugia,Leg 1 of 2,qualification,False,False,,,
Europa League,2024/25,2024,Second qualifying round,,Thu,2024-08-01,19:00,se,Elfsborg,2,2–0,md,Sheriff Tiraspol,0,5414,Borås Arena,Luís Godinho,Leg 2 of 2; Elfsborg won,qualification,False,False,,,
Europa League,2024/25,2024,Second qualifying round,,Thu,2024-08-01,19:15,dk,Silkeborg,3,3–2,no,Molde,2,4731,JYSK Park,Luka Bilbija,Leg 2 of 2; Molde won,qualification,False,False,,,
Europa League,2024/25,2024,Second qualifying round,,Thu,2024-08-01,20:00,rs,Vojvodina,1,1–3,nl,Ajax,3,4412,TSC Arena,Arda Kardeşler,Leg 2 of 2; Ajax won,qualification,False,False,,,
Europa League,2024/25,2024,Second qualifying round,,Thu,2024-08-01,20:00,hr,Rijeka,1,1–0,ro,Corvinul,0,4683,Stadion HNK Rijeka,Sivert Øksnes Amland,Leg 2 of 2; Rijeka won,qualification,False,False,,,
Europa League,2024/25,2024,Second qualifying round,,Thu,2024-08-01,20:00,be,Cercle Brugge,1,1–0,sct,Kilmarnock,0,10230,Jan Breydelstadion,Ante Čulina,Leg 2 of 2; Cercle Brugge won,qualification,False,False,,,
Europa League,2024/25,2024,Second qualifying round,,Thu,2024-08-01,20:30,at,Rapid Wien,6,6–1,pl,Wisła Kraków,1,19600,Gerhard-Hanappi-Stadion,Michael Oliver,Leg 2 of 2; Rapid Wien won,qualification,False,False,,,
Europa League,2024/25,2024,Second qualifying round,,Thu,2024-08-01,20:30,il,M. Petah Tikva,0,0–5,pt,Braga,5,211,Stadion Georgi Asparuhov,Evangelos Manouchos,Leg 2 of 2; Braga won,qualification,False,False,,,
Europa League,2024/25,2024,Second qualifying round,,Thu,2024-08-01,20:30,tr,Trabzonspor,1,1–0,sk,Ružomberok,0,26220,Papara Park Stadyumu,Nenad Minaković,Leg 2 of 2; Trabzonspor won,qualification,False,False,,,
Europa League,2024/25,2024,Second qualifying round,,Thu,2024-08-01,21:00,bg,Botev Plovdiv,0,0–4,gr,Panathinaikos,4,17076,Stadion Hristo Botev,Daniel Schlager,Leg 2 of 2; Panathinaikos won,qualification,False,False,,,
Europa League,2024/25,2024,Third qualifying round,,Tue,2024-08-06,19:30,lt,FK Panevėžys,1,1–2,il,Maccabi Tel Aviv,2,6272,FK „Žalgiris“ Namų Stadionas,Əliyar Ağayev,Leg 1 of 2,qualification,False,False,,,
Europa League,2024/25,2024,Third qualifying round,,Tue,2024-08-06,20:00,md,Petrocub,1,1–0,wls,The New Saints,0,1312,Stadionul Zimbru,Mohammed Al Hakim,Leg 1 of 2,qualification,False,False,,,
Europa League,2024/25,2024,Third qualifying round,,Thu,2024-08-08,18:00,fo,KÍ Klaksvík,2,2–1,ba,B. Banja Luka,1,1301,Tórsvøllur,Marek Radina,Leg 1 of 2,qualification,False,False,,,
Europa League,2024/25,2024,Third qualifying round,,Thu,2024-08-08,19:00,no,Molde,3,3–0,be,Cercle Brugge,0,4200,Aker Stadion,Luís Godinho,Leg 1 of 2,qualification,False,False,,,
Europa League,2024/25,2024,Third qualifying round,,Thu,2024-08-08,20:00,hr,Rijeka,1,1–1,se,Elfsborg,1,4867,Stadion HNK Rijeka,Tasos Sidiropoulos,Leg 1 of 2,qualification,False,False,,,
Europa League,2024/25,2024,Third qualifying round,,Thu,2024-08-08,20:00,tr,Trabzonspor,0,0–1,at,Rapid Wien,1,33476,Papara Park Stadyumu,Kristo Tohver,Leg 1 of 2,qualification,False,False,,,
Europa League,2024/25,2024,Third qualifying round,,Thu,2024-08-08,20:00,rs,Partizan,0,0–1,ch,Lugano,1,3163,Stadion Partizana,Sander van der Eijk,Leg 1 of 2,qualification,False,False,,,
Europa League,2024/25,2024,Third qualifying round,,Thu,2024-08-08,20:00,ad,Santa Coloma,0,0–2,lv,RFS,2,369,Estadi Nacional,Igal Frid,Leg 1 of 2,qualification,False,False,,,
Europa League,2024/25,2024,Third qualifying round,,Thu,2024-08-08,20:15,si,NK Celje,1,1–0,ie,Shamrock,0,2478,Stadion Z'dežele,Damian Sylwestrzak,Leg 1 of 2,qualification,False,False,,,
Europa League,2024/25,2024,Third qualifying round,,Thu,2024-08-08,20:30,pt,Braga,0,0–0,ch,Servette FC,0,16603,Estádio Municipal de Braga,Giorgi Kruashvili,Leg 1 of 2,qualification,False,False,,,
Europa League,2024/25,2024,Third qualifying round,,Thu,2024-08-08,20:45,by,Dinamo Minsk,2,2–0,gi,Lincoln FC,0,20,Városi Stadion,Nenad Minaković,Leg 1 of 2,qualification,False,False,,,
Europa League,2024/25,2024,Third qualifying round,,Thu,2024-08-08,21:00,ua,Kryvbas,1,1–2,cz,Viktoria Plzeň,2,1800,Košická Futbalová Aréna,Sebastian Gishamer,Leg 1 of 2,qualification,False,False,,,
Europa League,2024/25,2024,Third qualifying round,,Thu,2024-08-08,21:00,gr,Panathinaikos,0,0–1,nl,Ajax,1,24452,Olympiako Stadio Spyros Louis,Filip Glova,Leg 1 of 2,qualification,False,False,,,
Europa League,2024/25,2024,Third qualifying round,,Tue,2024-08-13,18:30,wls,The New Saints,0,0–0,md,Petrocub,0,851,Park Hall Stadium,Robert Jones,Leg 2 of 2; Petrocub won,qualification,False,False,,,
Europa League,2024/25,2024,Third qualifying round,,Wed,2024-08-14,19:00,lv,RFS,7,7–0,ad,Santa Coloma,0,1614,LNK Sporta Parks,Juxhin Xhaja,Leg 2 of 2; RFS won,qualification,False,False,,,
Europa League,2024/25,2024,Third qualifying round,,Thu,2024-08-15,18:00,at,Rapid Wien,2,2–0,tr,Trabzonspor,0,22500,Allianz Stadion,Manfredas Lukjančukas,Leg 2 of 2; Rapid Wien won,qualification,False,False,,,
Europa League,2024/25,2024,Third qualifying round,,Thu,2024-08-15,18:00,gi,Lincoln FC,2,2–1,by,Dinamo Minsk,1,587,Europa Point Stadium,Anastasios Papapetrou,Leg 2 of 2; Dinamo Minsk won,qualification,False,False,,,
Europa League,2024/25,2024,Third qualifying round,,Thu,2024-08-15,19:00,cz,Viktoria Plzeň,1,1–0,ua,Kryvbas,0,10657,Doosan Arena,Horațiu Fesnic,Leg 2 of 2; Viktoria Plzeň won,qualification,False,False,,,
Europa League,2024/25,2024,Third qualifying round,,Thu,2024-08-15,19:00,se,Elfsborg,2,2–0,hr,Rijeka,0,6035,Borås Arena,Andris Treimanis,Leg 2 of 2; Elfsborg won,qualification,False,False,,,
Europa League,2024/25,2024,Third qualifying round,,Thu,2024-08-15,20:00,be,Cercle Brugge,1,1–0,no,Molde,0,4504,Jan Breydelstadion,Balázs Berke,Leg 2 of 2; Molde won,qualification,False,False,,,
Europa League,2024/25,2024,Third qualifying round,,Thu,2024-08-15,20:00,ie,Shamrock,3,3–1,si,NK Celje,1,6153,Tallaght Stadium,Ovidiu Hațegan,Leg 2 of 2; Shamrock won; Required Extra Time,qualification,True,False,,,
Europa League,2024/25,2024,Third qualifying round,,Thu,2024-08-15,20:15,nl,Ajax,0,(13) 0–1 (12),gr,Panathinaikos,1,54089,Johan Cruijff Arena,Chris Kavanagh,Leg 2 of 2; Ajax won; Ajax won a penalty shoot-out following extra time,qualification,True,True,13 - 12,13,12
Europa League,2024/25,2024,Third qualifying round,,Thu,2024-08-15,20:30,ch,Servette FC,1,1–2,pt,Braga,2,15179,Stade de Genève,Igor Pajač,Leg 2 of 2; Braga won,qualification,False,False,,,
Europa League,2024/25,2024,Third qualifying round,,Thu,2024-08-15,20:30,il,Maccabi Tel Aviv,3,3–0,lt,FK Panevėžys,0,34,Haladás Stadion,Nick Walsh,Leg 2 of 2; Maccabi Tel Aviv won,qualification,False,False,,,
Europa League,2024/25,2024,Third qualifying round,,Thu,2024-08-15,20:30,ch,Lugano,2,2–2,rs,Partizan,2,2268,Stockhorn Arena,Ricardo de Burgos,Leg 2 of 2; Lugano won; Required Extra Time,qualification,True,False,,,
Europa League,2024/25,2024,Third qualifying round,,Thu,2024-08-15,21:00,ba,B. Banja Luka,3,3–1,fo,KÍ Klaksvík,1,5800,Gradski Stadion,Georgi Kabakov,Leg 2 of 2; B. Banja Luka won; Required Extra Time,qualification,True,False,,,
Europa League,2024/25,2024,Play-off round,,Thu,2024-08-22,19:00,cz,Viktoria Plzeň,1,1–0,sct,Hearts,0,10506,Doosan Arena,Sven Jablonski,Leg 1 of 2,qualification,False,False,,,
Europa League,2024/25,2024,Play-off round,,Thu,2024-08-22,19:00,at,LASK,1,1–1,ro,FCSB,1,10650,Raiffeisen Arena,Allard Lindhout,Leg 1 of 2,qualification,False,False,,,
Europa League,2024/25,2024,Play-off round,,Thu,2024-08-22,19:00,no,Molde,0,0–1,se,Elfsborg,1,4115,Aker Stadion,István Kovács,Leg 1 of 2,qualification,False,False,,,
Europa League,2024/25,2024,Play-off round,,Thu,2024-08-22,20:00,lv,RFS,2,2–1,cy,APOEL FC,1,1678,LNK Sporta Parks,Əliyar Ağayev,Leg 1 of 2,qualification,False,False,,,
Europa League,2024/25,2024,Play-off round,,Thu,2024-08-22,20:00,il,Maccabi Tel Aviv,3,3–0,rs,TSC,0,270,Haladás Stadion,Sebastian Gishamer,Leg 1 of 2,qualification,False,False,,,
Europa League,2024/25,2024,Play-off round,,Thu,2024-08-22,20:30,pt,Braga,2,2–1,at,Rapid Wien,1,15868,Estádio Municipal de Braga,Mykola Balakin,Leg 1 of 2,qualification,False,False,,,
Europa League,2024/25,2024,Play-off round,,Thu,2024-08-22,20:30,ch,Lugano,3,3–3,tr,Beşiktaş,3,5270,Stockhorn Arena,Morten Krogh,Leg 1 of 2,qualification,False,False,,,
Europa League,2024/25,2024,Play-off round,,Thu,2024-08-22,20:30,gr,PAOK,4,4–0,ie,Shamrock,0,13871,Stadio Toumbas,Enea Jorgji,Leg 1 of 2,qualification,False,False,,,
Europa League,2024/25,2024,Play-off round,,Thu,2024-08-22,20:45,by,Dinamo Minsk,0,0–1,be,Anderlecht,1,4183,Városi Stadion,Rohit Saggi,Leg 1 of 2,qualification,False,False,,,
Europa League,2024/25,2024,Play-off round,,Thu,2024-08-22,20:45,pl,Jagiellonia,1,1–4,nl,Ajax,4,19553,Chorten Arena,Rade Obrenović,Leg 1 of 2,qualification,False,False,,,
Europa League,2024/25,2024,Play-off round,,Thu,2024-08-22,21:00,hu,Ferencváros,0,0–0,ba,B. Banja Luka,0,13167,Groupama Arena,Nick Walsh,Leg 1 of 2,qualification,False,False,,,
Europa League,2024/25,2024,Play-off round,,Thu,2024-08-22,21:00,bg,Ludogorets,4,4–0,md,Petrocub,0,3965,Huvepharma Arena,Anastasios Papapetrou,Leg 1 of 2,qualification,False,False,,,
Europa League,2024/25,2024,Play-off round,,Thu,2024-08-29,19:00,se,Elfsborg,0,(4) 0–1 (2),no,Molde,1,7619,Borås Arena,Harm Osmers,Leg 2 of 2; Elfsborg won; Elfsborg won a penalty shoot-out following extra time,qualification,True,True,4 - 2,4,2
Europa League,2024/25,2024,Play-off round,,Thu,2024-08-29,19:45,sct,Hearts,0,0–1,cz,Viktoria Plzeň,1,18164,Tynecastle Park,Georgi Kabakov,Leg 2 of 2; Viktoria Plzeň won,qualification,False,False,,,
Europa League,2024/25,2024,Play-off round,,Thu,2024-08-29,20:00,ie,Shamrock,0,0–2,gr,PAOK,2,5079,Tallaght Stadium,Donatas Rumšas,Leg 2 of 2; PAOK won,qualification,False,False,,,
Europa League,2024/25,2024,Play-off round,,Thu,2024-08-29,20:00,md,Petrocub,1,1–2,bg,Ludogorets,2,4576,Stadionul Zimbru,Sascha Stegemann,Leg 2 of 2; Ludogorets won,qualification,False,False,,,
Europa League,2024/25,2024,Play-off round,,Thu,2024-08-29,20:00,cy,APOEL FC,2,(2) 2–1 (4),lv,RFS,1,12988,Stadio GSP (1902),Matej Jug,Leg 2 of 2; RFS won; RFS won a penalty shoot-out following extra time,qualification,True,True,2 - 4,2,4
Europa League,2024/25,2024,Play-off round,,Thu,2024-08-29,20:00,nl,Ajax,3,3–0,pl,Jagiellonia,0,54010,Johan Cruijff Arena,Maurizio Mariani,Leg 2 of 2; Ajax won,qualification,False,False,,,
Europa League,2024/25,2024,Play-off round,,Thu,2024-08-29,20:00,be,Anderlecht,1,1–0,by,Dinamo Minsk,0,17102,Lotto Park,Nikola Dabanović,Leg 2 of 2; Anderlecht won,qualification,False,False,,,
Europa League,2024/25,2024,Play-off round,,Thu,2024-08-29,21:00,ba,B. Banja Luka,1,(2) 1–1 (3),hu,Ferencváros,1,7833,Gradski Stadion,Erik Lambrechts,Leg 2 of 2; Ferencváros won; Ferencváros won a penalty shoot-out following extra time,qualification,True,True,2 - 3,2,3
Europa League,2024/25,2024,Play-off round,,Thu,2024-08-29,21:00,at,Rapid Wien,2,2–2,pt,Braga,2,21400,Allianz Stadion,Anthony Taylor,Leg 2 of 2; Braga won,qualification,False,False,,,
Europa League,2024/25,2024,Play-off round,,Thu,2024-08-29,21:00,tr,Beşiktaş,5,5–1,ch,Lugano,1,35370,Tüpraş Stadyumu,Radu Petrescu,Leg 2 of 2; Beşiktaş won,qualification,False,False,,,
Europa League,2024/25,2024,Play-off round,,Thu,2024-08-29,21:00,rs,TSC,1,1–5,il,Maccabi Tel Aviv,5,2016,TSC Arena,João Pinheiro,Leg 2 of 2; Maccabi Tel Aviv won,qualification,False,False,,,
Europa League,2024/25,2024,Play-off round,,Thu,2024-08-29,21:30,ro,FCSB,1,1–0,at,LASK,0,21523,Stadionul Steaua,Felix Zwayer,Leg 2 of 2; FCSB won,qualification,False,False,,,
Europa League,2025/26,2025,League phase,1,Wed,2025-09-24,18:45,dk,Midtjylland,2,2–0,at,Sturm Graz,0,8331,MCH Arena,Orel Grinfeeld,,main stage,,,,,
Europa League,2025/26,2025,League phase,1,Wed,2025-09-24,19:45,gr,PAOK,0,0–0,il,Maccabi Tel Aviv,0,19667,Stadio Toumbas,Sven Jablonski,,main stage,,,,,
Europa League,2025/26,2025,League phase,1,Wed,2025-09-24,20:00,pt,Braga,1,1–0,nl,Feyenoord,0,12769,Estádio Municipal de Braga,Nikola Dabanović,,main stage,,,,,
Europa League,2025/26,2025,League phase,1,Wed,2025-09-24,21:00,de,Freiburg,2,2–1,ch,Basel,1,34300,Europa-Park Stadion,Luís Godinho,,main stage,,,,,
Europa League,2025/26,2025,League phase,1,Wed,2025-09-24,21:00,hr,Dinamo Zagreb,3,3–1,tr,Fenerbahçe,1,13926,Stadion Maksimir,Jérôme Brisard,,main stage,,,,,
Europa League,2025/26,2025,League phase,1,Wed,2025-09-24,21:00,se,Malmö,1,1–2,bg,Ludogorets,2,11478,Eleda Stadion,Manfredas Lukjančukas,,main stage,,,,,
Europa League,2025/26,2025,League phase,1,Wed,2025-09-24,21:00,es,Real Betis,2,2–2,eng,Nottingham,2,57257,Estadio La Cartuja de Sevilla,Sascha Stegemann,,main stage,,,,,
Europa League,2025/26,2025,League phase,1,Wed,2025-09-24,21:00,fr,Nice,1,1–2,it,Roma,2,23089,Allianz Riviera,Guillermo Cuadra,,main stage,,,,,
Europa League,2025/26,2025,League phase,1,Wed,2025-09-24,21:00,rs,Red Star,1,1–1,sct,Celtic,1,35721,Stadion Rajko Mitić,Radu Petrescu,,main stage,,,,,
Europa League,2025/26,2025,League phase,1,Thu,2025-09-25,18:45,fr,Lille,2,2–1,no,Brann,1,17529,Decathlon Arena - Stade Pierre-Mauroy,Allard Lindhout,,main stage,,,,,
Europa League,2025/26,2025,League phase,1,Thu,2025-09-25,18:45,nl,Go Ahead Eagles,0,0–1,ro,FCSB,1,9578,De Adelaarshorst,Kristo Tohver,,main stage,,,,,
Europa League,2025/26,2025,League phase,1,Thu,2025-09-25,20:00,eng,Aston Villa,1,1–0,it,Bologna,0,30909,Villa Park,Jesús Gil,,main stage,,,,,
Europa League,2025/26,2025,League phase,1,Thu,2025-09-25,20:00,sct,Rangers,0,0–1,be,Genk,1,37898,Ibrox Stadium,Matej Jug,,main stage,,,,,
Europa League,2025/26,2025,League phase,1,Thu,2025-09-25,21:00,de,Stuttgart,2,2–1,es,Celta Vigo,1,58000,MHPArena,Nick Walsh,,main stage,,,,,
Europa League,2025/26,2025,League phase,1,Thu,2025-09-25,21:00,nl,Utrecht,0,0–1,fr,Lyon,1,22083,Stadion Galgenwaard,Horațiu Fesnic,,main stage,,,,,
Europa League,2025/26,2025,League phase,1,Thu,2025-09-25,21:00,hu,Ferencváros,1,1–1,cz,Viktoria Plzeň,1,16117,Groupama Arena,Sander van der Eijk,,main stage,,,,,
Europa League,2025/26,2025,League phase,1,Thu,2025-09-25,21:00,at,RB Salzburg,0,0–1,pt,Porto,1,9993,Red Bull Arena,Vassilis Fotias,,main stage,,,,,
Europa League,2025/26,2025,League phase,1,Thu,2025-09-25,21:00,ch,Young Boys,1,1–4,gr,Panathinaikos,4,20023,Stadion Wankdorf,Ricardo de Burgos,,main stage,,,,,
Europa League,2025/26,2025,League phase,2,Thu,2025-10-02,17:45,sct,Celtic,0,0–2,pt,Braga,2,46232,Celtic Park,Tobias Stieler,,main stage,,,,,
Europa League,2025/26,2025,League phase,2,Thu,2025-10-02,18:45,no,Brann,1,1–0,nl,Utrecht,0,15366,Brann Stadion,Əliyar Ağayev,,main stage,,,,,
Europa League,2025/26,2025,League phase,2,Thu,2025-10-02,18:45,cz,Viktoria Plzeň,3,3–0,se,Malmö,0,10811,Doosan Arena,Enea Jorgji,,main stage,,,,,
Europa League,2025/26,2025,League phase,2,Thu,2025-10-02,18:45,it,Bologna,1,1–1,de,Freiburg,1,24428,Stadio Renato Dall'Ara,Nenad Minaković,,main stage,,,,,
Europa League,2025/26,2025,League phase,2,Thu,2025-10-02,18:45,it,Roma,0,0–1,fr,Lille,1,61561,Stadio Olimpico,Erik Lambrechts,,main stage,,,,,
Europa League,2025/26,2025,League phase,2,Thu,2025-10-02,19:45,bg,Ludogorets,0,0–2,es,Real Betis,2,5844,Huvepharma Arena,Julian Weinberger,,main stage,,,,,
Europa League,2025/26,2025,League phase,2,Thu,2025-10-02,19:45,ro,FCSB,0,0–2,ch,Young Boys,2,25056,Arena Naţională,Mohammed Al Hakim,,main stage,,,,,
Europa League,2025/26,2025,League phase,2,Thu,2025-10-02,19:45,gr,Panathinaikos,1,1–2,nl,Go Ahead Eagles,2,18808,Olympiako Stadio Spyros Louis,Sebastian Gishamer,,main stage,,,,,
Europa League,2025/26,2025,League phase,2,Thu,2025-10-02,19:45,tr,Fenerbahçe,2,2–1,fr,Nice,1,35523,Ülker Stadyumu Fenerbahçe Şükrü Saracoğl...,Srđan Jovanović,,main stage,,,,,
Europa League,2025/26,2025,League phase,2,Thu,2025-10-02,20:00,pt,Porto,2,2–1,rs,Red Star,1,42812,Estádio do Dragão,Harm Osmers,,main stage,,,,,
Europa League,2025/26,2025,League phase,2,Thu,2025-10-02,20:00,eng,Nottingham,2,2–3,dk,Midtjylland,3,29323,The City Ground,Willy Delajod,,main stage,,,,,
Europa League,2025/26,2025,League phase,2,Thu,2025-10-02,21:00,fr,Lyon,2,2–0,at,RB Salzburg,0,31767,Groupama Stadium,Andris Treimanis,,main stage,,,,,
Europa League,2025/26,2025,League phase,2,Thu,2025-10-02,21:00,ch,Basel,2,2–0,de,Stuttgart,0,33650,St. Jakob-Park,Davide Massa,,main stage,,,,,
Europa League,2025/26,2025,League phase,2,Thu,2025-10-02,21:00,il,Maccabi Tel Aviv,1,1–3,hr,Dinamo Zagreb,3,255,TSC Arena,António Nobre,,main stage,,,,,
Europa League,2025/26,2025,League phase,2,Thu,2025-10-02,21:00,be,Genk,0,0–1,hu,Ferencváros,1,10630,Cegeka Arena,Tasos Sidiropoulos,,main stage,,,,,
Europa League,2025/26,2025,League phase,2,Thu,2025-10-02,21:00,at,Sturm Graz,2,2–1,sct,Rangers,1,15532,Merkur Arena,Halil Umut Meler,,main stage,,,,,
Europa League,2025/26,2025,League phase,2,Thu,2025-10-02,21:00,nl,Feyenoord,0,0–2,eng,Aston Villa,2,42634,Stadion Feijenoord,Rade Obrenović,,main stage,,,,,
Europa League,2025/26,2025,League phase,2,Thu,2025-10-02,21:00,es,Celta Vigo,3,3–1,gr,PAOK,1,20849,Estadio Abanca Balaídos,Igor Pajač,,main stage,,,,,
Europa League,2025/26,2025,League phase,3,Thu,2025-10-23,17:45,pt,Braga,2,2–0,rs,Red Star,0,10056,Estádio Municipal de Braga,Espen Eskås,,main stage,,,,,
Europa League,2025/26,2025,League phase,3,Thu,2025-10-23,18:45,at,RB Salzburg,2,2–3,hu,Ferencváros,3,8342,Red Bull Arena,Goga Kikacheishvili,,main stage,,,,,
Europa League,2025/26,2025,League phase,3,Thu,2025-10-23,18:45,no,Brann,3,3–0,sct,Rangers,0,15800,Brann Stadion,Vassilis Fotias,,main stage,,,,,
Europa League,2025/26,2025,League phase,3,Thu,2025-10-23,18:45,be,Genk,0,0–0,es,Real Betis,0,16780,Cegeka Arena,Elçin Məsiyev,,main stage,,,,,
Europa League,2025/26,2025,League phase,3,Thu,2025-10-23,18:45,nl,Go Ahead Eagles,2,2–1,eng,Aston Villa,1,9598,De Adelaarshorst,Filip Glova,,main stage,,,,,
Europa League,2025/26,2025,League phase,3,Thu,2025-10-23,18:45,fr,Lyon,2,2–0,ch,Basel,0,35586,Groupama Stadium,Manfredas Lukjančukas,,main stage,,,,,
Europa League,2025/26,2025,League phase,3,Thu,2025-10-23,19:45,tr,Fenerbahçe,1,1–0,de,Stuttgart,0,38891,Ülker Stadyumu Fenerbahçe Şükrü Saracoğl...,Jakob Kehlet,,main stage,,,,,
Europa League,2025/26,2025,League phase,3,Thu,2025-10-23,19:45,ro,FCSB,1,1–2,it,Bologna,2,27643,Arena Naţională,Andris Treimanis,,main stage,,,,,
Europa League,2025/26,2025,League phase,3,Thu,2025-10-23,20:00,eng,Nottingham,2,2–0,pt,Porto,0,29195,The City Ground,Radu Petrescu,,main stage,,,,,
Europa League,2025/26,2025,League phase,3,Thu,2025-10-23,20:00,sct,Celtic,2,2–1,at,Sturm Graz,1,48278,Celtic Park,Juan Martínez,,main stage,,,,,
Europa League,2025/26,2025,League phase,3,Thu,2025-10-23,21:00,se,Malmö,1,1–1,hr,Dinamo Zagreb,1,14212,Eleda Stadion,Willy Delajod,,main stage,,,,,
Europa League,2025/26,2025,League phase,3,Thu,2025-10-23,21:00,il,Maccabi Tel Aviv,0,0–3,dk,Midtjylland,3,487,TSC Arena,Georgi Kabakov,,main stage,,,,,
Europa League,2025/26,2025,League phase,3,Thu,2025-10-23,21:00,es,Celta Vigo,2,2–1,fr,Nice,1,20631,Estadio Abanca Balaídos,Sander van der Eijk,,main stage,,,,,
Europa League,2025/26,2025,League phase,3,Thu,2025-10-23,21:00,de,Freiburg,2,2–0,nl,Utrecht,0,34195,Europa-Park Stadion,Rohit Saggi,,main stage,,,,,
Europa League,2025/26,2025,League phase,3,Thu,2025-10-23,21:00,ch,Young Boys,3,3–2,bg,Ludogorets,2,17526,Stadion Wankdorf,Mohammad Al Emara,,main stage,,,,,
Europa League,2025/26,2025,League phase,3,Thu,2025-10-23,21:00,nl,Feyenoord,3,3–1,gr,Panathinaikos,1,37169,Stadion Feijenoord,Harm Osmers,,main stage,,,,,
Europa League,2025/26,2025,League phase,3,Thu,2025-10-23,21:00,it,Roma,1,1–2,cz,Viktoria Plzeň,2,52263,Stadio Olimpico,Halil Umut Meler,,main stage,,,,,
Europa League,2025/26,2025,League phase,3,Thu,2025-10-23,21:00,fr,Lille,3,3–4,gr,PAOK,4,23666,Decathlon Arena - Stade Pierre-Mauroy,Nikola Dabanović,,main stage,,,,,
Europa League,2025/26,2025,League phase,4,Thu,2025-11-06,18:45,hr,Dinamo Zagreb,0,0–3,es,Celta Vigo,3,19431,Stadion Maksimir,Anastasios Papapetrou,,main stage,,,,,
Europa League,2025/26,2025,League phase,4,Thu,2025-11-06,18:45,fr,Nice,1,1–3,de,Freiburg,3,15274,Allianz Riviera,Tasos Sidiropoulos,,main stage,,,,,
Europa League,2025/26,2025,League phase,4,Thu,2025-11-06,18:45,rs,Red Star,1,1–0,fr,Lille,0,32711,Stadion Rajko Mitić,John Brooks,,main stage,,,,,
Europa League,2025/26,2025,League phase,4,Thu,2025-11-06,18:45,nl,Utrecht,1,1–1,pt,Porto,1,23053,Stadion Galgenwaard,John Beaton,,main stage,,,,,
Europa League,2025/26,2025,League phase,4,Thu,2025-11-06,18:45,at,RB Salzburg,2,2–0,nl,Go Ahead Eagles,0,10852,Red Bull Arena,Giorgi Kruashvili,,main stage,,,,,
Europa League,2025/26,2025,League phase,4,Thu,2025-11-06,18:45,at,Sturm Graz,0,0–0,eng,Nottingham,0,16192,Merkur Arena,Mykola Balakin,,main stage,,,,,
Europa League,2025/26,2025,League phase,4,Thu,2025-11-06,18:45,se,Malmö,0,0–1,gr,Panathinaikos,1,12531,Eleda Stadion,Nick Walsh,,main stage,,,,,
Europa League,2025/26,2025,League phase,4,Thu,2025-11-06,18:45,dk,Midtjylland,3,3–1,sct,Celtic,1,10387,MCH Arena,Nenad Minaković,,main stage,,,,,
Europa League,2025/26,2025,League phase,4,Thu,2025-11-06,18:45,ch,Basel,3,3–1,ro,FCSB,1,21925,St. Jakob-Park,Juxhin Xhaja,,main stage,,,,,
Europa League,2025/26,2025,League phase,4,Thu,2025-11-06,20:00,pt,Braga,3,3–4,be,Genk,4,11265,Estádio Municipal de Braga,Balázs Berke,,main stage,,,,,
Europa League,2025/26,2025,League phase,4,Thu,2025-11-06,20:00,sct,Rangers,0,0–2,it,Roma,2,41847,Ibrox Stadium,Morten Krogh,,main stage,,,,,
Europa League,2025/26,2025,League phase,4,Thu,2025-11-06,20:00,eng,Aston Villa,2,2–0,il,Maccabi Tel Aviv,0,29429,Villa Park,Julian Weinberger,,main stage,,,,,
Europa League,2025/26,2025,League phase,4,Thu,2025-11-06,21:00,cz,Viktoria Plzeň,0,0–0,tr,Fenerbahçe,0,11090,Doosan Arena,Allard Lindhout,,main stage,,,,,
Europa League,2025/26,2025,League phase,4,Thu,2025-11-06,21:00,it,Bologna,0,0–0,no,Brann,0,22508,Stadio Renato Dall'Ara,Daniel Schlager,,main stage,,,,,
Europa League,2025/26,2025,League phase,4,Thu,2025-11-06,21:00,hu,Ferencváros,3,3–1,bg,Ludogorets,1,18789,Groupama Arena,Mohammed Al Hakim,,main stage,,,,,
Europa League,2025/26,2025,League phase,4,Thu,2025-11-06,21:00,de,Stuttgart,2,2–0,nl,Feyenoord,0,60000,MHPArena,Horațiu Feșnic,,main stage,,,,,
Europa League,2025/26,2025,League phase,4,Thu,2025-11-06,21:00,es,Real Betis,2,2–0,fr,Lyon,0,55836,Estadio La Cartuja de Sevilla,Matej Jug,,main stage,,,,,
Europa League,2025/26,2025,League phase,4,Thu,2025-11-06,22:00,gr,PAOK,4,4–0,ch,Young Boys,0,21608,Stadio Toumbas,Srđan Jovanović,,main stage,,,,,
Europa League,2025/26,2025,League phase,5,Thu,2025-11-27,17:45,eng,Aston Villa,2,2–1,ch,Young Boys,1,32158,Villa Park,Georgi Kabakov,,main stage,,,,,
Europa League,2025/26,2025,League phase,5,Thu,2025-11-27,17:45,pt,Porto,3,3–0,fr,Nice,0,37254,Estádio do Dragão,Matej Jug,,main stage,,,,,
Europa League,2025/26,2025,League phase,5,Thu,2025-11-27,18:45,cz,Viktoria Plzeň,0,0–0,de,Freiburg,0,10182,Doosan Arena,Morten Krogh,,main stage,,,,,
Europa League,2025/26,2025,League phase,5,Thu,2025-11-27,18:45,fr,Lille,4,4–0,hr,Dinamo Zagreb,0,22146,Decathlon Arena - Stade Pierre-Mauroy,John Beaton,,main stage,,,,,
Europa League,2025/26,2025,League phase,5,Thu,2025-11-27,18:45,nl,Feyenoord,1,1–3,sct,Celtic,3,31582,Stadion Feijenoord,Sebastian Gishamer,,main stage,,,,,
Europa League,2025/26,2025,League phase,5,Thu,2025-11-27,18:45,it,Roma,2,2–1,dk,Midtjylland,1,61653,Stadio Olimpico,Nikola Dabanović,,main stage,,,,,
Europa League,2025/26,2025,League phase,5,Thu,2025-11-27,19:45,bg,Ludogorets,3,3–2,es,Celta Vigo,2,4779,Huvepharma Arena,Balázs Berke,,main stage,,,,,
Europa League,2025/26,2025,League phase,5,Thu,2025-11-27,19:45,gr,PAOK,1,1–1,no,Brann,1,16005,Stadio Toumbas,Sascha Stegemann,,main stage,,,,,
Europa League,2025/26,2025,League phase,5,Thu,2025-11-27,20:00,eng,Nottingham,3,3–0,se,Malmö,0,28941,The City Ground,Harm Osmers,,main stage,,,,,
Europa League,2025/26,2025,League phase,5,Thu,2025-11-27,20:00,sct,Rangers,1,1–1,pt,Braga,1,38014,Ibrox Stadium,Allard Lindhout,,main stage,,,,,
Europa League,2025/26,2025,League phase,5,Thu,2025-11-27,20:45,tr,Fenerbahçe,1,1–1,hu,Ferencváros,1,37898,Ülker Stadyumu Fenerbahçe Şükrü Saracoğl...,Ricardo de Burgos,,main stage,,,,,
Europa League,2025/26,2025,League phase,5,Thu,2025-11-27,21:00,rs,Red Star,1,1–0,ro,FCSB,0,26054,Stadion Rajko Mitić,Jérôme Brisard,,main stage,,,,,
Europa League,2025/26,2025,League phase,5,Thu,2025-11-27,21:00,it,Bologna,4,4–1,at,RB Salzburg,1,21025,Stadio Renato Dall'Ara,Igor Pajač,,main stage,,,,,
Europa League,2025/26,2025,League phase,5,Thu,2025-11-27,21:00,es,Real Betis,2,2–1,nl,Utrecht,1,46170,Estadio La Cartuja de Sevilla,Nenad Minaković,,main stage,,,,,
Europa League,2025/26,2025,League phase,5,Thu,2025-11-27,21:00,nl,Go Ahead Eagles,0,0–4,de,Stuttgart,4,9448,De Adelaarshorst,Mohammed Al Hakim,,main stage,,,,,
Europa League,2025/26,2025,League phase,5,Thu,2025-11-27,21:00,il,Maccabi Tel Aviv,0,0–6,fr,Lyon,6,320,TSC Arena,Kristo Tohver,,main stage,,,,,
Europa League,2025/26,2025,League phase,5,Thu,2025-11-27,21:00,be,Genk,2,2–1,ch,Basel,1,13104,Cegeka Arena,Orel Grinfeeld,,main stage,,,,,
Europa League,2025/26,2025,League phase,5,Thu,2025-11-27,22:00,gr,Panathinaikos,2,2–1,at,Sturm Graz,1,21013,Olympiako Stadio Spyros Louis,Simone Sozza,,main stage,,,,,
Europa League,2025/26,2025,League phase,6,Thu,2025-12-11,18:45,ch,Young Boys,1,1–0,fr,Lille,0,20168,Stadion Wankdorf,Sander van der Eijk,,main stage,,,,,
Europa League,2025/26,2025,League phase,6,Thu,2025-12-11,18:45,hr,Dinamo Zagreb,1,1–3,es,Real Betis,3,11437,Stadion Maksimir,Goga Kikacheishvili,,main stage,,,,,
Europa League,2025/26,2025,League phase,6,Thu,2025-12-11,18:45,nl,Utrecht,1,1–2,eng,Nottingham,2,22865,Stadion Galgenwaard,Irfan Peljto,,main stage,,,,,
Europa League,2025/26,2025,League phase,6,Thu,2025-12-11,18:45,dk,Midtjylland,1,1–0,be,Genk,0,9820,MCH Arena,Vassilis Fotias,,main stage,,,,,
Europa League,2025/26,2025,League phase,6,Thu,2025-12-11,18:45,de,Stuttgart,4,4–1,il,Maccabi Tel Aviv,1,57000,MHPArena,Marian Barbu,,main stage,,,,,
Europa League,2025/26,2025,League phase,6,Thu,2025-12-11,18:45,fr,Nice,0,0–1,pt,Braga,1,12169,Allianz Riviera,Giorgi Kruashvili,,main stage,,,,,
Europa League,2025/26,2025,League phase,6,Thu,2025-12-11,18:45,at,Sturm Graz,0,0–1,rs,Red Star,1,16077,Merkur Arena,Damian Sylwestrzak,,main stage,,,,,
Europa League,2025/26,2025,League phase,6,Thu,2025-12-11,18:45,hu,Ferencváros,2,2–1,sct,Rangers,1,19567,Groupama Arena,Anastasios Papapetrou,,main stage,,,,,
Europa League,2025/26,2025,League phase,6,Thu,2025-12-11,19:45,bg,Ludogorets,3,3–3,gr,PAOK,3,6433,Huvepharma Arena,Horațiu Feșnic,,main stage,,,,,
Europa League,2025/26,2025,League phase,6,Thu,2025-12-11,20:00,pt,Porto,2,2–1,se,Malmö,1,33364,Estádio do Dragão,Rohit Saggi,,main stage,,,,,
Europa League,2025/26,2025,League phase,6,Thu,2025-12-11,20:00,sct,Celtic,0,0–3,it,Roma,3,56188,Celtic Park,István Kovács,,main stage,,,,,
Europa League,2025/26,2025,League phase,6,Thu,2025-12-11,21:00,fr,Lyon,2,2–1,nl,Go Ahead Eagles,1,26403,Groupama Stadium,Juxhin Xhaja,,main stage,,,,,
Europa League,2025/26,2025,League phase,6,Thu,2025-12-11,21:00,es,Celta Vigo,1,1–2,it,Bologna,2,20302,Estadio Abanca Balaídos,Radu Petrescu,,main stage,,,,,
Europa League,2025/26,2025,League phase,6,Thu,2025-12-11,21:00,ch,Basel,1,1–2,eng,Aston Villa,2,27509,St. Jakob-Park,Halil Umut Meler,,main stage,,,,,
Europa League,2025/26,2025,League phase,6,Thu,2025-12-11,21:00,de,Freiburg,1,1–0,at,RB Salzburg,0,31016,Europa-Park Stadion,Elçin Məsiyev,,main stage,,,,,
Europa League,2025/26,2025,League phase,6,Thu,2025-12-11,21:00,no,Brann,0,0–4,tr,Fenerbahçe,4,15620,Brann Stadion,Willy Delajod,,main stage,,,,,
Europa League,2025/26,2025,League phase,6,Thu,2025-12-11,22:00,gr,Panathinaikos,0,0–0,cz,Viktoria Plzeň,0,17335,Olympiako Stadio Spyros Louis,António Nobre,,main stage,,,,,
Europa League,2025/26,2025,League phase,6,Thu,2025-12-11,22:00,ro,FCSB,4,4–3,nl,Feyenoord,3,22857,Arena Naţională,Mykola Balakin,,main stage,,,,,
Europa League,2025/26,2025,League phase,7,Thu,2026-01-22,18:45,de,Freiburg,1,1–0,il,Maccabi Tel Aviv,0,17956,Europa-Park Stadion,Mohammed Al Hakim,,main stage,,,,,
Europa League,2025/26,2025,League phase,7,Thu,2026-01-22,18:45,se,Malmö,0,0–1,rs,Red Star,1,16852,Eleda Stadion,Sascha Stegemann,,main stage,,,,,
Europa League,2025/26,2025,League phase,7,Thu,2026-01-22,18:45,it,Bologna,2,2–2,sct,Celtic,2,23791,Stadio Renato Dall'Ara,Vassilis Fotias,,main stage,,,,,
Europa League,2025/26,2025,League phase,7,Thu,2026-01-22,18:45,ch,Young Boys,0,0–1,fr,Lyon,1,22746,Stadion Wankdorf,Əliyar Ağayev,,main stage,,,,,
Europa League,2025/26,2025,League phase,7,Thu,2026-01-22,18:45,nl,Feyenoord,3,3–0,at,Sturm Graz,0,33385,Stadion Feijenoord,Halil Umut Meler,,main stage,,,,,
Europa League,2025/26,2025,League phase,7,Thu,2026-01-22,18:45,cz,Viktoria Plzeň,1,1–1,pt,Porto,1,11108,Doosan Arena,Andris Treimanis,,main stage,,,,,
Europa League,2025/26,2025,League phase,7,Thu,2026-01-22,18:45,no,Brann,3,3–3,dk,Midtjylland,3,15385,Brann Stadion,Georgi Kabakov,,main stage,,,,,
Europa League,2025/26,2025,League phase,7,Thu,2026-01-22,19:45,gr,PAOK,2,2–0,es,Real Betis,0,22221,Stadio Toumbas,Simone Sozza,,main stage,,,,,
Europa League,2025/26,2025,League phase,7,Thu,2026-01-22,20:00,sct,Rangers,1,1–0,bg,Ludogorets,0,28738,Ibrox Stadium,Manfredas Lukjančukas,,main stage,,,,,
Europa League,2025/26,2025,League phase,7,Thu,2026-01-22,20:00,pt,Braga,1,1–0,eng,Nottingham,0,12377,Estádio Municipal de Braga,Igor Pajač,,main stage,,,,,
Europa League,2025/26,2025,League phase,7,Thu,2026-01-22,20:45,tr,Fenerbahçe,0,0–1,eng,Aston Villa,1,41414,Ülker Stadyumu Fenerbahçe Şükrü Saracoğl...,Luís Godinho,,main stage,,,,,
Europa League,2025/26,2025,League phase,7,Thu,2026-01-22,21:00,hu,Ferencváros,1,1–1,gr,Panathinaikos,1,17879,Groupama Arena,Mykola Balakin,,main stage,,,,,
Europa League,2025/26,2025,League phase,7,Thu,2026-01-22,21:00,es,Celta Vigo,2,2–1,fr,Lille,1,20015,Estadio Abanca Balaídos,Harm Osmers,,main stage,,,,,
Europa League,2025/26,2025,League phase,7,Thu,2026-01-22,21:00,fr,Nice,3,3–1,nl,Go Ahead Eagles,1,13037,Allianz Riviera,Oleksii Derevinskyi,,main stage,,,,,
Europa League,2025/26,2025,League phase,7,Thu,2026-01-22,21:00,at,RB Salzburg,3,3–1,ch,Basel,1,6741,Red Bull Arena,Anastasios Papapetrou,,main stage,,,,,
Europa League,2025/26,2025,League phase,7,Thu,2026-01-22,21:00,hr,Dinamo Zagreb,4,4–1,ro,FCSB,1,9040,Stadion Maksimir,Sander van der Eijk,,main stage,,,,,
Europa League,2025/26,2025,League phase,7,Thu,2026-01-22,21:00,it,Roma,2,2–0,de,Stuttgart,0,65183,Stadio Olimpico,John Brooks,,main stage,,,,,
Europa League,2025/26,2025,League phase,7,Thu,2026-01-22,21:50,nl,Utrecht,0,0–2,be,Genk,2,21416,Stadion Galgenwaard,Rob Hennessy,,main stage,,,,,
Europa League,2025/26,2025,League phase,8,Thu,2026-01-29,20:00,sct,Celtic,4,4–2,nl,Utrecht,2,55559,Celtic Park,Mohammad Al Emara,,main stage,,,,,
Europa League,2025/26,2025,League phase,8,Thu,2026-01-29,20:00,eng,Aston Villa,3,3–2,at,RB Salzburg,2,37457,Villa Park,Rohit Saggi,,main stage,,,,,
Europa League,2025/26,2025,League phase,8,Thu,2026-01-29,20:00,pt,Porto,3,3–1,sct,Rangers,1,38213,Estádio do Dragão,Jasper Vergoote,,main stage,,,,,
Europa League,2025/26,2025,League phase,8,Thu,2026-01-29,20:00,eng,Nottingham,4,4–0,hu,Ferencváros,0,26304,The City Ground,Sebastian Gishamer,,main stage,,,,,
Europa League,2025/26,2025,League phase,8,Thu,2026-01-29,21:00,be,Genk,2,2–1,se,Malmö,1,11450,Cegeka Arena,Horațiu Feșnic,,main stage,,,,,
Europa League,2025/26,2025,League phase,8,Thu,2026-01-29,21:00,fr,Lyon,4,4–2,gr,PAOK,2,26149,Groupama Stadium,Ricardo de Burgos,,main stage,,,,,
Europa League,2025/26,2025,League phase,8,Thu,2026-01-29,21:00,il,Maccabi Tel Aviv,0,0–3,it,Bologna,3,81,TSC Arena,Goga Kikacheishvili,,main stage,,,,,
Europa League,2025/26,2025,League phase,8,Thu,2026-01-29,21:00,ch,Basel,0,0–1,cz,Viktoria Plzeň,1,20454,St. Jakob-Park,Giorgi Kruashvili,,main stage,,,,,
Europa League,2025/26,2025,League phase,8,Thu,2026-01-29,21:00,de,Stuttgart,3,3–2,ch,Young Boys,2,57000,MHPArena,Javier Alberola,,main stage,,,,,
Europa League,2025/26,2025,League phase,8,Thu,2026-01-29,21:00,dk,Midtjylland,2,2–0,hr,Dinamo Zagreb,0,8297,MCH Arena,Elçin Məsiyev,,main stage,,,,,
Europa League,2025/26,2025,League phase,8,Thu,2026-01-29,21:00,es,Real Betis,2,2–1,nl,Feyenoord,1,42688,Estadio La Cartuja de Sevilla,Nikola Dabanović,,main stage,,,,,
Europa League,2025/26,2025,League phase,8,Thu,2026-01-29,21:00,fr,Lille,1,1–0,de,Freiburg,0,22583,Decathlon Arena - Stade Pierre-Mauroy,Damian Sylwestrzak,,main stage,,,,,
Europa League,2025/26,2025,League phase,8,Thu,2026-01-29,21:00,nl,Go Ahead Eagles,0,0–0,pt,Braga,0,9480,De Adelaarshorst,Willy Delajod,,main stage,,,,,
Europa League,2025/26,2025,League phase,8,Thu,2026-01-29,21:00,rs,Red Star,1,1–1,es,Celta Vigo,1,39116,Stadion Rajko Mitić,Andrea Colombo,,main stage,,,,,
Europa League,2025/26,2025,League phase,8,Thu,2026-01-29,21:00,at,Sturm Graz,1,1–0,no,Brann,0,19752,Merkur Arena,Juxhin Xhaja,,main stage,,,,,
Europa League,2025/26,2025,League phase,8,Thu,2026-01-29,22:00,bg,Ludogorets,1,1–0,fr,Nice,0,4792,Huvepharma Arena,Ondřej Berka,,main stage,,,,,
Europa League,2025/26,2025,League phase,8,Thu,2026-01-29,22:00,gr,Panathinaikos,1,1–1,it,Roma,1,27432,Olympiako Stadio Spyros Louis,Juan Martínez,,main stage,,,,,
Europa League,2025/26,2025,League phase,8,Thu,2026-01-29,22:00,ro,FCSB,1,1–1,tr,Fenerbahçe,1,27752,Arena Naţională,Nenad Minaković,,main stage,,,,,
Europa League,2025/26,2025,Knockout phase play-offs,,Thu,2026-02-19,18:45,hr,Dinamo Zagreb,1,1–3,be,Genk,3,10554,Stadion Maksimir,Halil Umut Meler,Leg 1 of 2,main stage,False,False,,,
Europa League,2025/26,2025,Knockout phase play-offs,,Thu,2026-02-19,18:45,no,Brann,0,0–1,it,Bologna,1,15680,Brann Stadion,Rade Obrenović,Leg 1 of 2,main stage,False,False,,,
Europa League,2025/26,2025,Knockout phase play-offs,,Thu,2026-02-19,19:45,gr,PAOK,1,1–2,es,Celta Vigo,2,20448,Stadio Toumbas,Ivan Kružliak,Leg 1 of 2,main stage,False,False,,,
Europa League,2025/26,2025,Knockout phase play-offs,,Thu,2026-02-19,20:00,sct,Celtic,1,1–4,de,Stuttgart,4,52901,Celtic Park,Erik Lambrechts,Leg 1 of 2,main stage,False,False,,,
Europa League,2025/26,2025,Knockout phase play-offs,,Thu,2026-02-19,20:45,tr,Fenerbahçe,0,0–3,eng,Nottingham,3,39840,Ülker Stadyumu Fenerbahçe Şükrü Saracoğl...,Sandro Schärer,Leg 1 of 2,main stage,False,False,,,
Europa League,2025/26,2025,Knockout phase play-offs,,Thu,2026-02-19,21:00,fr,Lille,0,0–1,rs,Red Star,1,22087,Decathlon Arena - Stade Pierre-Mauroy,Sven Jablonski,Leg 1 of 2,main stage,False,False,,,
Europa League,2025/26,2025,Knockout phase play-offs,,Thu,2026-02-19,22:00,gr,Panathinaikos,2,2–2,cz,Viktoria Plzeň,2,20227,Olympiako Stadio Spyros Louis,Nick Walsh,Leg 1 of 2,main stage,False,False,,,
Europa League,2025/26,2025,Knockout phase play-offs,,Thu,2026-02-19,22:00,bg,Ludogorets,2,2–1,hu,Ferencváros,1,3145,Huvepharma Arena,Tobias Stieler,Leg 1 of 2,main stage,False,False,,,
Europa League,2025/26,2025,Knockout phase play-offs,,Thu,2026-02-26,18:45,cz,Viktoria Plzeň,1,(3) 1–1 (4),gr,Panathinaikos,1,11244,Doosan Arena,Donatas Rumšas,Leg 2 of 2; Panathinaikos won; Panathinaikos won a penalty shoot-out following extra time,main stage,True,True,3 - 4,3,4
Europa League,2025/26,2025,Knockout phase play-offs,,Thu,2026-02-26,18:45,rs,Red Star,0,0–2,fr,Lille,2,46477,Stadion Rajko Mitić,Anthony Taylor,Leg 2 of 2; Lille won; Required Extra Time,main stage,True,False,,,
Europa League,2025/26,2025,Knockout phase play-offs,,Thu,2026-02-26,18:45,hu,Ferencváros,2,2–0,bg,Ludogorets,0,17989,Groupama Arena,Chris Kavanagh,Leg 2 of 2; Ferencváros won,main stage,False,False,,,
Europa League,2025/26,2025,Knockout phase play-offs,,Thu,2026-02-26,18:45,de,Stuttgart,0,0–1,sct,Celtic,1,58500,MHPArena,Irfan Peljto,Leg 2 of 2; Stuttgart won,main stage,False,False,,,
Europa League,2025/26,2025,Knockout phase play-offs,,Thu,2026-02-26,20:00,eng,Nottingham,1,1–2,tr,Fenerbahçe,2,26883,The City Ground,Maurizio Mariani,Leg 2 of 2; Nottingham won,main stage,False,False,,,
Europa League,2025/26,2025,Knockout phase play-offs,,Thu,2026-02-26,21:00,it,Bologna,1,1–0,no,Brann,0,19710,Stadio Renato Dall'Ara,Benoît Bastien,Leg 2 of 2; Bologna won,main stage,False,False,,,
Europa League,2025/26,2025,Knockout phase play-offs,,Thu,2026-02-26,21:00,be,Genk,3,3–3,hr,Dinamo Zagreb,3,11225,Cegeka Arena,Felix Zwayer,Leg 2 of 2; Genk won; Required Extra Time,main stage,True,False,,,
Europa League,2025/26,2025,Knockout phase play-offs,,Thu,2026-02-26,21:00,es,Celta Vigo,1,1–0,gr,PAOK,0,21344,Estadio Abanca Balaídos,Marco Guida,Leg 2 of 2; Celta Vigo won,main stage,False,False,,,
Europa League,2025/26,2025,Round of 16,,Thu,2026-03-12,18:45,fr,Lille,0,0–1,eng,Aston Villa,1,40187,Decathlon Arena - Stade Pierre-Mauroy,Jose Maria Sánchez,Leg 1 of 2,main stage,False,False,,,
Europa League,2025/26,2025,Round of 16,,Thu,2026-03-12,18:45,it,Bologna,1,1–1,it,Roma,1,26277,Stadio Renato Dall'Ara,Sven Jablonski,Leg 1 of 2,main stage,False,False,,,
Europa League,2025/26,2025,Round of 16,,Thu,2026-03-12,18:45,de,Stuttgart,1,1–2,pt,Porto,2,60000,MHPArena,Donatas Rumšas,Leg 1 of 2,main stage,False,False,,,
Europa League,2025/26,2025,Round of 16,,Thu,2026-03-12,19:45,gr,Panathinaikos,1,1–0,es,Real Betis,0,27479,Olympiako Stadio Spyros Louis,Szymon Marciniak,Leg 1 of 2,main stage,False,False,,,
Europa League,2025/26,2025,Round of 16,,Thu,2026-03-12,20:00,eng,Nottingham,0,0–1,dk,Midtjylland,1,29502,The City Ground,Rade Obrenović,Leg 1 of 2,main stage,False,False,,,
Europa League,2025/26,2025,Round of 16,,Thu,2026-03-12,21:00,hu,Ferencváros,2,2–0,pt,Braga,0,19859,Groupama Arena,Nick Walsh,Leg 1 of 2,main stage,False,False,,,
Europa League,2025/26,2025,Round of 16,,Thu,2026-03-12,21:00,es,Celta Vigo,1,1–1,fr,Lyon,1,21673,Estadio Abanca Balaídos,Erik Lambrechts,Leg 1 of 2,main stage,False,False,,,
Europa League,2025/26,2025,Round of 16,,Thu,2026-03-12,21:00,be,Genk,1,1–0,de,Freiburg,0,15550,Cegeka Arena,Chris Kavanagh,Leg 1 of 2,main stage,False,False,,,
Europa League,2025/26,2025,Round of 16,,Wed,2026-03-18,15:30,pt,Braga,4,4–0,hu,Ferencváros,0,15078,Estádio Municipal de Braga,Glenn Nyberg,Leg 2 of 2; Braga won,main stage,False,False,,,
Europa League,2025/26,2025,Round of 16,,Thu,2026-03-19,18:45,dk,Midtjylland,1,(0) 1–2 (3),eng,Nottingham,2,10554,MCH Arena,Felix Zwayer,Leg 2 of 2; Nottingham won; Nottingham won a penalty shoot-out following extra time,main stage,True,True,0 - 3,0,3
Europa League,2025/26,2025,Round of 16,,Thu,2026-03-19,18:45,de,Freiburg,5,5–1,be,Genk,1,33000,Europa-Park Stadion,Michael Oliver,Leg 2 of 2; Freiburg won,main stage,False,False,,,
Europa League,2025/26,2025,Round of 16,,Thu,2026-03-19,18:45,fr,Lyon,0,0–2,es,Celta Vigo,2,41764,Groupama Stadium,Irfan Peljto,Leg 2 of 2; Celta Vigo won,main stage,False,False,,,
Europa League,2025/26,2025,Round of 16,,Thu,2026-03-19,20:00,pt,Porto,2,2–0,de,Stuttgart,0,40675,Estádio do Dragão,Anthony Taylor,Leg 2 of 2; Porto won,main stage,False,False,,,
Europa League,2025/26,2025,Round of 16,,Thu,2026-03-19,20:00,eng,Aston Villa,2,2–0,fr,Lille,0,37583,Villa Park,Davide Massa,Leg 2 of 2; Aston Villa won,main stage,False,False,,,
Europa League,2025/26,2025,Round of 16,,Thu,2026-03-19,21:00,es,Real Betis,4,4–0,gr,Panathinaikos,0,60207,Estadio La Cartuja de Sevilla,Tobias Stieler,Leg 2 of 2; Real Betis won,main stage,False,False,,,
Europa League,2025/26,2025,Round of 16,,Thu,2026-03-19,21:00,it,Roma,3,3–4,it,Bologna,4,63908,Stadio Olimpico,István Kovács,Leg 2 of 2; Bologna won; Required Extra Time,main stage,True,False,,,
Europa League,2025/26,2025,Quarter-finals,,Wed,2026-04-08,17:45,pt,Braga,1,1–1,es,Real Betis,1,20847,Estádio Municipal de Braga,Felix Zwayer,Leg 1 of 2,main stage,False,False,,,
Europa League,2025/26,2025,Quarter-finals,,Thu,2026-04-09,20:00,pt,Porto,1,1–1,eng,Nottingham,1,46479,Estádio do Dragão,Marco Guida,Leg 1 of 2,main stage,False,False,,,
Europa League,2025/26,2025,Quarter-finals,,Thu,2026-04-09,21:00,de,Freiburg,3,3–0,es,Celta Vigo,0,32600,Europa-Park Stadion,Glenn Nyberg,Leg 1 of 2,main stage,False,False,,,
Europa League,2025/26,2025,Quarter-finals,,Thu,2026-04-09,21:00,it,Bologna,1,1–3,eng,Aston Villa,3,31142,Stadio Renato Dall'Ara,Sandro Schärer,Leg 1 of 2,main stage,False,False,,,
Europa League,2025/26,2025,Quarter-finals,,Thu,2026-04-16,18:45,es,Celta Vigo,1,1–3,de,Freiburg,3,21981,Estadio Abanca Balaídos,Anthony Taylor,Leg 2 of 2; Freiburg won,main stage,False,False,,,
Europa League,2025/26,2025,Quarter-finals,,Thu,2026-04-16,20:00,eng,Aston Villa,4,4–0,it,Bologna,0,41662,Villa Park,Jose Maria Sánchez,Leg 2 of 2; Aston Villa won,main stage,False,False,,,
Europa League,2025/26,2025,Quarter-finals,,Thu,2026-04-16,20:00,eng,Nottingham,1,1–0,pt,Porto,0,29560,The City Ground,Danny Makkelie,Leg 2 of 2; Nottingham won,main stage,False,False,,,
Europa League,2025/26,2025,Quarter-finals,,Thu,2026-04-16,21:00,es,Real Betis,2,2–4,pt,Braga,4,66694,Estadio La Cartuja de Sevilla,Davide Massa,Leg 2 of 2; Braga won,main stage,False,False,,,
Europa League,2025/26,2025,Semi-finals,,Thu,2026-04-30,20:00,pt,Braga,2,2–1,de,Freiburg,1,27161,Estádio Municipal de Braga,Anthony Taylor,Leg 1 of 2,main stage,False,False,,,
Europa League,2025/26,2025,Semi-finals,,Thu,2026-04-30,20:00,eng,Nottingham,1,1–0,eng,Aston Villa,0,29790,The City Ground,João Pinheiro,Leg 1 of 2,main stage,False,False,,,
Europa League,2025/26,2025,Semi-finals,,Thu,2026-05-07,20:00,eng,Aston Villa,4,4–0,eng,Nottingham,0,43028,Villa Park,Glenn Nyberg,Leg 2 of 2; Aston Villa won,main stage,False,False,,,
Europa League,2025/26,2025,Semi-finals,,Thu,2026-05-07,21:00,de,Freiburg,3,3–1,pt,Braga,1,33700,Europa-Park Stadion,Davide Massa,Leg 2 of 2; Freiburg won,main stage,False,False,,,
Europa League,2025/26,2025,Final,,Wed,2026-05-20,22:00,de,Freiburg,0,0–3,eng,Aston Villa,3,37324,Tüpraş Stadyumu (Neutral Site),François Letexier,,main stage,,,,,
Europa League,2025/26,2025,First qualifying round,,Thu,2025-07-10,19:00,hu,Paks,0,0–0,ro,CFR Cluj,0,3916,Paksi FC Stadion,Pavle Ilić,Leg 1 of 2,qualification,False,False,,,
Europa League,2025/26,2025,First qualifying round,,Thu,2025-07-10,19:30,cy,AEK Larnaca,1,1–0,rs,Partizan,0,4127,AEK Arena - George Karapatakis,Jakob Karlsen,Leg 1 of 2,qualification,False,False,,,
Europa League,2025/26,2025,First qualifying round,,Thu,2025-07-10,20:00,md,Sheriff Tiraspol,4,4–0,xk,FC Prishtina,0,6223,Bolshaya Sportivnaya Arena,Dario Bel,Leg 1 of 2,qualification,False,False,,,
Europa League,2025/26,2025,First qualifying round,,Thu,2025-07-10,20:00,ua,Shakhtar D.,6,6–0,fi,Ilves,0,650,Stadion Stožice,Marc Nagtegaal,Leg 1 of 2,qualification,False,False,,,
Europa League,2025/26,2025,First qualifying round,,Thu,2025-07-10,20:00,az,Sabah FK,2,2–3,si,NK Celje,3,7000,Bank Respublika Arena,Daniyar Sakhi,Leg 1 of 2,qualification,False,False,,,
Europa League,2025/26,2025,First qualifying round,,Thu,2025-07-10,20:15,sk,Spartak Trnava,0,0–1,se,BK Häcken,1,10125,City Arena Trnava,Bence Csonka,Leg 1 of 2,qualification,False,False,,,
Europa League,2025/26,2025,First qualifying round,,Thu,2025-07-10,20:30,bg,Levski Sofia,0,0–0,il,H. Be'er Sheva,0,15467,Stadion Georgi Asparuhov,Ladislav Szikszay,Leg 1 of 2,qualification,False,False,,,
Europa League,2025/26,2025,First qualifying round,,Thu,2025-07-10,21:00,pl,Legia Warsaw,1,1–0,kz,FC Aktobe,0,12239,Stadion Miejski Legii Warszawa im. Marsz...,Dalibor Černý,Leg 1 of 2,qualification,False,False,,,
Europa League,2025/26,2025,First qualifying round,,Thu,2025-07-17,19:00,se,BK Häcken,2,2–2,sk,Spartak Trnava,2,3636,Bravida Arena,Ívar Orri Kristjánsson,Leg 2 of 2; BK Häcken won,qualification,False,False,,,
Europa League,2025/26,2025,First qualifying round,,Thu,2025-07-17,19:00,fi,Ilves,0,0–0,ua,Shakhtar D.,0,7315,Tammelan Stadion,Mohammad Aslam,Leg 2 of 2; Shakhtar D. won,qualification,False,False,,,
Europa League,2025/26,2025,First qualifying round,,Thu,2025-07-17,20:00,si,NK Celje,3,3–3,az,Sabah FK,3,3068,Stadion Z'dežele,Dragomir Draganov,Leg 2 of 2; NK Celje won; Required Extra Time,qualification,True,False,,,
Europa League,2025/26,2025,First qualifying round,,Thu,2025-07-17,20:00,il,H. Be'er Sheva,1,(1) 1–1 (3),bg,Levski Sofia,1,721,Városi stadion,Florian Badstübner,Leg 2 of 2; Levski Sofia won; Levski Sofia won a penalty shoot-out following extra time,qualification,True,True,1 - 3,1,3
Europa League,2025/26,2025,First qualifying round,,Thu,2025-07-17,20:00,xk,FC Prishtina,2,2–1,md,Sheriff Tiraspol,1,1320,Stadiumi Fadil Vokrri,Henrik Nalbandyan,Leg 2 of 2; Sheriff Tiraspol won,qualification,False,False,,,
Europa League,2025/26,2025,First qualifying round,,Thu,2025-07-17,20:30,ro,CFR Cluj,3,3–0,hu,Paks,0,6512,Stadionul Dr. Constantin Rădulescu,Kyriakos Athanasiou,Leg 2 of 2; CFR Cluj won,qualification,False,False,,,
Europa League,2025/26,2025,First qualifying round,,Thu,2025-07-17,21:00,rs,Partizan,2,(5) 2–1 (6),cy,AEK Larnaca,1,23253,Stadion Partizana,Gustavo Correia,Leg 2 of 2; AEK Larnaca won; AEK Larnaca won a penalty shoot-out following extra time,qualification,True,True,5 - 6,5,6
Europa League,2025/26,2025,First qualifying round,,Thu,2025-07-17,21:00,kz,FC Aktobe,0,0–1,pl,Legia Warsaw,1,12190,Ortalıq Stadion,Granit Maqedonci,Leg 2 of 2; Legia Warsaw won,qualification,False,False,,,
Europa League,2025/26,2025,Second qualifying round,,Thu,2025-07-24,19:00,cz,Baník Ostrava,2,2–2,pl,Legia Warsaw,2,15047,Městský stadion - Vítkovice Aréna,Christian-Petru Ciochirca,Leg 1 of 2,qualification,False,False,,,
Europa League,2025/26,2025,Second qualifying round,,Thu,2025-07-24,19:30,dk,Midtjylland,1,1–1,sct,Hibernian,1,8863,MCH Arena,Robert Schröder,Leg 1 of 2,qualification,False,False,,,
Europa League,2025/26,2025,Second qualifying round,,Thu,2025-07-24,20:00,be,Anderlecht,1,1–0,se,BK Häcken,0,12291,Lotto Park,Eldorjan Hamiti,Leg 1 of 2,qualification,False,False,,,
Europa League,2025/26,2025,Second qualifying round,,Thu,2025-07-24,20:00,md,Sheriff Tiraspol,1,1–3,nl,Utrecht,3,2674,Stadionul Central Nisporeni,Philip Farrugia,Leg 1 of 2,qualification,False,False,,,
Europa League,2025/26,2025,Second qualifying round,,Thu,2025-07-24,20:00,si,NK Celje,1,1–1,cy,AEK Larnaca,1,3145,Stadion Z'dežele,Bastien Dechepy,Leg 1 of 2,qualification,False,False,,,
Europa League,2025/26,2025,Second qualifying round,,Thu,2025-07-24,20:30,bg,Levski Sofia,0,0–0,pt,Braga,0,16040,Stadion Georgi Asparuhov,Matteo Marchetti,Leg 1 of 2,qualification,False,False,,,
Europa League,2025/26,2025,Second qualifying round,,Thu,2025-07-24,20:30,ch,Lugano,0,0–0,ro,CFR Cluj,0,941,Stockhorn Arena,Darren England,Leg 1 of 2,qualification,False,False,,,
Europa League,2025/26,2025,Second qualifying round,,Thu,2025-07-24,21:00,tr,Beşiktaş,2,2–4,ua,Shakhtar D.,4,31739,Tüpraş Stadyumu,Georgi Kabakov,Leg 1 of 2,qualification,False,False,,,
Europa League,2025/26,2025,Second qualifying round,,Thu,2025-07-31,19:00,se,BK Häcken,2,(4) 2–1 (2),be,Anderlecht,1,4016,Bravida Arena,Patrik Kolarić,Leg 2 of 2; BK Häcken won; BK Häcken won a penalty shoot-out following extra time,qualification,True,True,4 - 2,4,2
Europa League,2025/26,2025,Second qualifying round,,Thu,2025-07-31,19:30,cy,AEK Larnaca,2,2–1,si,NK Celje,1,4108,AEK Arena - George Karapatakis,Chris Kavanagh,Leg 2 of 2; AEK Larnaca won,qualification,False,False,,,
Europa League,2025/26,2025,Second qualifying round,,Thu,2025-07-31,20:00,sct,Hibernian,1,1–2,dk,Midtjylland,2,19536,Easter Road Stadium,Gustavo Correia,Leg 2 of 2; Midtjylland won; Required Extra Time,qualification,True,False,,,
Europa League,2025/26,2025,Second qualifying round,,Thu,2025-07-31,20:00,pt,Braga,1,1–0,bg,Levski Sofia,0,16711,Estádio Municipal de Braga,Lothar D'Hondt,Leg 2 of 2; Braga won; Required Extra Time,qualification,True,False,,,
Europa League,2025/26,2025,Second qualifying round,,Thu,2025-07-31,20:00,nl,Utrecht,4,4–1,md,Sheriff Tiraspol,1,21611,Stadion Galgenwaard,Chrysovalantis Theouli,Leg 2 of 2; Utrecht won,qualification,False,False,,,
Europa League,2025/26,2025,Second qualifying round,,Thu,2025-07-31,20:00,ua,Shakhtar D.,2,2–0,tr,Beşiktaş,0,12828,Stadion Miejski im. Henryka Reymana,Juan Martínez,Leg 2 of 2; Shakhtar D. won,qualification,False,False,,,
Europa League,2025/26,2025,Second qualifying round,,Thu,2025-07-31,20:30,ro,CFR Cluj,1,1–0,ch,Lugano,0,8564,Stadionul Dr. Constantin Rădulescu,Allard Lindhout,Leg 2 of 2; CFR Cluj won; Required Extra Time,qualification,True,False,,,
Europa League,2025/26,2025,Second qualifying round,,Thu,2025-07-31,21:00,pl,Legia Warsaw,2,2–1,cz,Baník Ostrava,1,20226,Stadion Miejski Legii Warszawa im. Marsz...,Novak Simović,Leg 2 of 2; Legia Warsaw won,qualification,False,False,,,
Europa League,2025/26,2025,Third qualifying round,,Tue,2025-08-05,19:00,mt,Ħamrun Spartans,1,1–2,il,Maccabi Tel Aviv,2,1097,Ta'Qali National Stadium,Kristo Tohver,Leg 1 of 2,qualification,False,False,,,
Europa League,2025/26,2025,Third qualifying round,,Wed,2025-08-06,20:00,lv,RFS,1,1–2,fi,KuPS,2,1584,LNK Sporta Parks,Əliyar Ağayev,Leg 1 of 2,qualification,False,False,,,
Europa League,2025/26,2025,Third qualifying round,,Wed,2025-08-06,20:45,hr,Rijeka,1,1–2,ie,Shelbourne FC,2,6495,Stadion HNK Rijeka,Ricardo de Burgos,Leg 1 of 2,qualification,False,False,,,
Europa League,2025/26,2025,Third qualifying round,,Thu,2025-08-07,18:00,gi,Lincoln FC,1,1–1,am,FC Noah,1,728,Europa Point Stadium,Filip Glova,Leg 1 of 2,qualification,False,False,,,
Europa League,2025/26,2025,Third qualifying round,,Thu,2025-08-07,18:00,no,Fredrikstad,1,1–3,dk,Midtjylland,3,8779,Nye Fredrikstad Stadion,Igor Pajač,Leg 1 of 2,qualification,False,False,,,
Europa League,2025/26,2025,Third qualifying round,,Thu,2025-08-07,19:00,se,BK Häcken,0,0–2,no,Brann,2,4516,Bravida Arena,Georgi Kabakov,Leg 1 of 2,qualification,False,False,,,
Europa League,2025/26,2025,Third qualifying round,,Thu,2025-08-07,19:30,ro,CFR Cluj,1,1–2,pt,Braga,2,10383,Stadionul Dr. Constantin Rădulescu,Elçin Məsiyev,Leg 1 of 2,qualification,False,False,,,
Europa League,2025/26,2025,Third qualifying round,,Thu,2025-08-07,19:30,cy,AEK Larnaca,4,4–1,pl,Legia Warsaw,1,4102,AEK Arena - George Karapatakis,Horațiu Fesnic,Leg 1 of 2,qualification,False,False,,,
Europa League,2025/26,2025,Third qualifying round,,Thu,2025-08-07,20:00,ba,Zrinjski Mostar,1,1–1,is,Breiðablik,1,5600,Stadion Bijeli Brijeg,Enea Jorgji,Leg 1 of 2,qualification,False,False,,,
Europa League,2025/26,2025,Third qualifying round,,Thu,2025-08-07,20:30,gr,PAOK,0,0–0,at,RZ Pellets WAC,0,21340,Stadio Toumbas,Morten Krogh,Leg 1 of 2,qualification,False,False,,,
Europa League,2025/26,2025,Third qualifying round,,Thu,2025-08-07,20:30,ch,Servette FC,1,1–3,nl,Utrecht,3,11744,Stade de Genève,Harm Osmers,Leg 1 of 2,qualification,False,False,,,
Europa League,2025/26,2025,Third qualifying round,,Thu,2025-08-07,21:00,gr,Panathinaikos,0,0–0,ua,Shakhtar D.,0,20636,Olympiako Stadio Spyros Louis,Erik Lambrechts,Leg 1 of 2,qualification,False,False,,,
Europa League,2025/26,2025,Third qualifying round,,Thu,2025-08-07,21:30,ro,FCSB,3,3–2,xk,KF Drita,2,13825,Arena Naţională,Damian Sylwestrzak,Leg 1 of 2,qualification,False,False,,,
Europa League,2025/26,2025,Third qualifying round,,Tue,2025-08-12,19:45,ie,Shelbourne FC,1,1–3,hr,Rijeka,3,3655,Tolka Park,Marian Barbu,Leg 2 of 2; Rijeka won,qualification,False,False,,,
Europa League,2025/26,2025,Third qualifying round,,Thu,2025-08-14,17:30,is,Breiðablik,1,1–2,ba,Zrinjski Mostar,2,1252,Kópavogsvöllur,Anastasios Papapetrou,Leg 2 of 2; Zrinjski Mostar won,qualification,False,False,,,
Europa League,2025/26,2025,Third qualifying round,,Thu,2025-08-14,18:00,dk,Midtjylland,2,2–0,no,Fredrikstad,0,8464,MCH Arena,Julian Weinberger,Leg 2 of 2; Midtjylland won,qualification,False,False,,,
Europa League,2025/26,2025,Third qualifying round,,Thu,2025-08-14,18:00,fi,KuPS,1,1–0,lv,RFS,0,3022,Väre Areena,Balázs Berke,Leg 2 of 2; KuPS won,qualification,False,False,,,
Europa League,2025/26,2025,Third qualifying round,,Thu,2025-08-14,19:00,no,Brann,0,0–1,se,BK Häcken,1,14750,Brann Stadion,Nick Walsh,Leg 2 of 2; Brann won,qualification,False,False,,,
Europa League,2025/26,2025,Third qualifying round,,Thu,2025-08-14,19:00,at,RZ Pellets WAC,0,0–1,gr,PAOK,1,6720,28 Black Arena,Orel Grinfeeld,Leg 2 of 2; PAOK won; Required Extra Time,qualification,True,False,,,
Europa League,2025/26,2025,Third qualifying round,,Thu,2025-08-14,19:30,pt,Braga,2,2–0,ro,CFR Cluj,0,16168,Estádio Municipal de Braga,Sascha Stegemann,Leg 2 of 2; Braga won,qualification,False,False,,,
Europa League,2025/26,2025,Third qualifying round,,Thu,2025-08-14,20:00,ua,Shakhtar D.,0,(3) 0–0 (4),gr,Panathinaikos,0,13387,Stadion Miejski im. Henryka Reymana,Daniel Siebert,Leg 2 of 2; Panathinaikos won; Panathinaikos won a penalty shoot-out following extra time,qualification,True,True,3 - 4,3,4
Europa League,2025/26,2025,Third qualifying round,,Thu,2025-08-14,20:00,xk,KF Drita,1,1–3,ro,FCSB,3,6530,Stadiumi Fadil Vokrri,Sandro Schärer,Leg 2 of 2; FCSB won,qualification,False,False,,,
Europa League,2025/26,2025,Third qualifying round,,Thu,2025-08-14,20:00,il,Maccabi Tel Aviv,3,3–1,mt,Ħamrun Spartans,1,145,TSC Arena,Rohit Saggi,Leg 2 of 2; Maccabi Tel Aviv won,qualification,False,False,,,
Europa League,2025/26,2025,Third qualifying round,,Thu,2025-08-14,20:00,nl,Utrecht,2,2–1,ch,Servette FC,1,21800,Stadion Galgenwaard,Chris Kavanagh,Leg 2 of 2; Utrecht won,qualification,False,False,,,
Europa League,2025/26,2025,Third qualifying round,,Thu,2025-08-14,21:00,am,FC Noah,0,(5) 0–0 (6),gi,Lincoln FC,0,3100,Kotaik,Sebastian Gishamer,Leg 2 of 2; Lincoln FC won; Lincoln FC won a penalty shoot-out following extra time,qualification,True,True,5 - 6,5,6
Europa League,2025/26,2025,Third qualifying round,,Thu,2025-08-14,21:00,pl,Legia Warsaw,2,2–1,cy,AEK Larnaca,1,23673,Stadion Miejski Legii Warszawa im. Marsz...,Andris Treimanis,Leg 2 of 2; AEK Larnaca won,qualification,False,False,,,
Europa League,2025/26,2025,Play-off round,,Thu,2025-08-21,18:30,dk,Midtjylland,4,4–0,fi,KuPS,0,7408,MCH Arena,Srđan Jovanović,Leg 1 of 2,qualification,False,False,,,
Europa League,2025/26,2025,Play-off round,,Thu,2025-08-21,19:00,no,Brann,2,2–1,cy,AEK Larnaca,1,14750,Brann Stadion,Marco Guida,Leg 1 of 2,qualification,False,False,,,
Europa League,2025/26,2025,Play-off round,,Thu,2025-08-21,19:00,se,Malmö,3,3–0,cz,Sigma Olomouc,0,12355,Eleda Stadion,Tobias Stieler,Leg 1 of 2,qualification,False,False,,,
Europa League,2025/26,2025,Play-off round,,Thu,2025-08-21,19:45,sct,Aberdeen,2,2–2,ro,FCSB,2,17551,Pittodrie Stadium,Serdar Gözübüyük,Leg 1 of 2,qualification,False,False,,,
Europa League,2025/26,2025,Play-off round,,Thu,2025-08-21,20:00,ba,Zrinjski Mostar,0,0–2,nl,Utrecht,2,4400,Stadion Bijeli Brijeg,Georgi Kabakov,Leg 1 of 2,qualification,False,False,,,
Europa League,2025/26,2025,Play-off round,,Thu,2025-08-21,20:00,gi,Lincoln FC,0,0–4,pt,Braga,4,1988,Estádio Algarve,Morten Krogh,Leg 1 of 2,qualification,False,False,,,
Europa League,2025/26,2025,Play-off round,,Thu,2025-08-21,20:00,mk,FK Shkëndija,2,2–1,bg,Ludogorets,1,3720,Nationala Arena Toše Proeski,Chris Kavanagh,Leg 1 of 2,qualification,False,False,,,
Europa League,2025/26,2025,Play-off round,,Thu,2025-08-21,20:15,il,Maccabi Tel Aviv,3,3–1,ua,Dynamo Kyiv,1,115,TSC Arena,Giorgi Kruashvili,Leg 1 of 2,qualification,False,False,,,
Europa League,2025/26,2025,Play-off round,,Thu,2025-08-21,20:15,sk,Slovan Bratislava,0,0–1,ch,Young Boys,1,15008,Štadión Tehelné pole,Sascha Stegemann,Leg 1 of 2,qualification,False,False,,,
Europa League,2025/26,2025,Play-off round,,Thu,2025-08-21,20:30,pl,Lech Poznań,1,1–5,be,Genk,5,25443,ENEA Stadion,Donatas Rumšas,Leg 1 of 2,qualification,False,False,,,
Europa League,2025/26,2025,Play-off round,,Thu,2025-08-21,20:45,hr,Rijeka,1,1–0,gr,PAOK,0,6882,Stadion HNK Rijeka,Ivan Kružliak,Leg 1 of 2,qualification,False,False,,,
Europa League,2025/26,2025,Play-off round,,Thu,2025-08-21,21:00,gr,Panathinaikos,2,2–1,tr,Samsunspor,1,24000,Olympiako Stadio Spyros Louis,Juan Martínez,Leg 1 of 2,qualification,False,False,,,
Europa League,2025/26,2025,Play-off round,,Wed,2025-08-27,19:30,cy,AEK Larnaca,0,0–4,no,Brann,4,4665,AEK Arena - George Karapatakis,Danny Makkelie,Leg 2 of 2; Brann won,qualification,False,False,,,
Europa League,2025/26,2025,Play-off round,,Thu,2025-08-28,18:00,fi,KuPS,0,0–2,dk,Midtjylland,2,1734,Väre Areena,Simone Sozza,Leg 2 of 2; Midtjylland won,qualification,False,False,,,
Europa League,2025/26,2025,Play-off round,,Thu,2025-08-28,18:30,cz,Sigma Olomouc,0,0–2,se,Malmö,2,9508,Andrův stadion,Radu Petrescu,Leg 2 of 2; Malmö won,qualification,False,False,,,
Europa League,2025/26,2025,Play-off round,,Thu,2025-08-28,20:00,be,Genk,1,1–2,pl,Lech Poznań,2,12913,Cegeka Arena,Davide Massa,Leg 2 of 2; Genk won,qualification,False,False,,,
Europa League,2025/26,2025,Play-off round,,Thu,2025-08-28,20:00,ua,Dynamo Kyiv,1,1–0,il,Maccabi Tel Aviv,0,1537,Motor Lublin Arena,Nikola Dabanović,Leg 2 of 2; Maccabi Tel Aviv won,qualification,False,False,,,
Europa League,2025/26,2025,Play-off round,,Thu,2025-08-28,20:00,pt,Braga,5,5–1,gi,Lincoln FC,1,12125,Estádio Municipal de Braga,Erik Lambrechts,Leg 2 of 2; Braga won,qualification,False,False,,,
Europa League,2025/26,2025,Play-off round,,Thu,2025-08-28,20:00,nl,Utrecht,0,0–0,ba,Zrinjski Mostar,0,21594,Stadion Galgenwaard,Benoît Bastien,Leg 2 of 2; Utrecht won,qualification,False,False,,,
Europa League,2025/26,2025,Play-off round,,Thu,2025-08-28,20:00,tr,Samsunspor,0,0–0,gr,Panathinaikos,0,24914,Yeni 19 Mayıs Stadyumu,Irfan Peljto,Leg 2 of 2; Panathinaikos won,qualification,False,False,,,
Europa League,2025/26,2025,Play-off round,,Thu,2025-08-28,20:00,ch,Young Boys,3,3–2,sk,Slovan Bratislava,2,13806,Stadion Wankdorf,Rade Obrenović,Leg 2 of 2; Young Boys won,qualification,False,False,,,
Europa League,2025/26,2025,Play-off round,,Thu,2025-08-28,20:30,gr,PAOK,5,5–0,hr,Rijeka,0,24223,Stadio Toumbas,Jose Maria Sánchez,Leg 2 of 2; PAOK won,qualification,False,False,,,
Europa League,2025/26,2025,Play-off round,,Thu,2025-08-28,20:30,bg,Ludogorets,4,4–1,mk,FK Shkëndija,1,4784,Huvepharma Arena,Urs Schnyder,Leg 2 of 2; Ludogorets won; Required Extra Time,qualification,True,False,,,
Europa League,2025/26,2025,Play-off round,,Thu,2025-08-28,21:30,ro,FCSB,3,3–0,sct,Aberdeen,0,35341,Arena Naţională,Espen Eskås,Leg 2 of 2; FCSB won,qualification,False,False,,,
Europa League,2026/27,2026,,1,Wed,2026-09-16,19:45,cy,AC Omonia,1,1–0,es,Celta Vigo,0,11271,Neo GSP,Balázs Berke,,main stage,,,,,
Europa League,2026/27,2026,,1,Wed,2026-09-16,20:00,eng,Sunderland,1,1–0,nl,AZ Alkmaar,0,45555,Stadium of Light,Jérémie Pignard,,main stage,,,,,
Europa League,2026/27,2026,,1,Wed,2026-09-16,20:45,am,Ararat-Armenia,1,1–4,cz,Sparta Prague,4,11400,Vazgen Sargsyan anvan Hanrapetakan Marza...,Mohammed Al Hakim,,main stage,,,,,
Europa League,2026/27,2026,,1,Wed,2026-09-16,21:00,it,Milan,0,0–2,pt,Benfica,2,68393,Stadio Giuseppe Meazza,Jarred Gillett,,main stage,,,,,
Europa League,2026/27,2026,,1,Wed,2026-09-16,21:00,at,Sturm Graz,0,0–0,fr,Rennes,0,13109,Merkur Arena,Manfredas Lukjančukas,,main stage,,,,,
Europa League,2026/27,2026,,1,Wed,2026-09-16,21:00,de,Leverkusen,2,2–0,si,NK Celje,0,27945,BayArena,Jasper Vergoote,,main stage,,,,,
Europa League,2026/27,2026,,1,Wed,2026-09-16,21:00,be,Anderlecht,1,1–2,fr,Lyon,2,16337,Lotto Park,Ricardo de Burgos,,main stage,,,,,
Europa League,2026/27,2026,,1,Wed,2026-09-16,22:00,il,H. Be'er Sheva,0,0–0,hr,Dinamo Zagreb,0,1102,Superbet Arena-Giulești,John Brooks,,main stage,,,,,
Europa League,2026/27,2026,,1,Wed,2026-09-16,22:00,gr,Olympiacos,2,2–1,pl,Jagiellonia,1,30540,Stadio Georgios Karaiskáki,Harm Osmers,,main stage,,,,,
Europa League,2026/27,2026,,1,Thu,2026-09-17,19:45,bg,Levski Sofia,0,0–1,at,RB Salzburg,1,22378,Stadion Vasil Levski,Mohammad Al Emara,,main stage,,,,,
Europa League,2026/27,2026,,1,Thu,2026-09-17,19:45,gr,OFI Crete,2,2–0,de,Hoffenheim,0,14909,Pankritio Stadio,Javier Alberola,,main stage,,,,,
Europa League,2026/27,2026,,1,Thu,2026-09-17,20:00,eng,Crystal Palace,4,4–0,pl,Lech Poznań,0,18117,Selhurst Park,Michal Očenáš,,main stage,,,,,
Europa League,2026/27,2026,,1,Thu,2026-09-17,20:00,sct,Celtic,1,1–3,hu,Ferencváros,3,48223,Celtic Park,Patrik Kolarić,,main stage,,,,,
Europa League,2026/27,2026,,1,Thu,2026-09-17,21:00,no,Lillestrøm,1,1–2,pt,Torreense,2,6568,Åråsen Stadion,Ondřej Berka,,main stage,,,,,
Europa League,2026/27,2026,,1,Thu,2026-09-17,21:00,es,Real Sociedad,1,1–2,eng,Bournemouth,2,30020,Reale Arena,Paweł Raczkowski,,main stage,,,,,
Europa League,2026/27,2026,,1,Thu,2026-09-17,21:00,it,Juventus,5,5–0,nl,NEC Nijmegen,0,41407,Allianz Stadium,Oleksii Derevinskyi,,main stage,,,,,
Europa League,2026/27,2026,,1,Thu,2026-09-17,21:00,cz,Viktoria Plzeň,0,0–3,be,Union SG,3,8211,Doosan Arena,Igal Frid,,main stage,,,,,
Europa League,2026/27,2026,,1,Thu,2026-09-17,22:00,tr,Beşiktaş,4,4–1,fr,Marseille,1,39831,Tüpraş Stadyumu,Andrea Colombo,,main stage,,,,,
Europa League,2026/27,2026,,2,Thu,2026-10-15,17:45,pt,Torreense,,,eng,Sunderland,,,Estádio Dr. Magalhães Pessoa,,,main stage,,,,,
Europa League,2026/27,2026,,2,Thu,2026-10-15,18:45,fr,Lyon,,,eng,Crystal Palace,,,Groupama Stadium,,,main stage,,,,,
Europa League,2026/27,2026,,2,Thu,2026-10-15,18:45,nl,AZ Alkmaar,,,il,H. Be'er Sheva,,,AFAS Stadion,,,main stage,,,,,
Europa League,2026/27,2026,,2,Thu,2026-10-15,18:45,at,RB Salzburg,,,it,Milan,,,Red Bull Arena,,,main stage,,,,,
Europa League,2026/27,2026,,2,Thu,2026-10-15,18:45,pl,Lech Poznań,,,de,Leverkusen,,,ENEA Stadion,,,main stage,,,,,
Europa League,2026/27,2026,,2,Thu,2026-10-15,18:45,si,NK Celje,,,cy,AC Omonia,,,Stadion Z'dežele,,,main stage,,,,,
Europa League,2026/27,2026,,2,Thu,2026-10-15,18:45,cz,Sparta Prague,,,no,Lillestrøm,,,epet Arena,,,main stage,,,,,
Europa League,2026/27,2026,,2,Thu,2026-10-15,18:45,be,Union SG,,,es,Real Sociedad,,,King Power at Den Dreef Stadion,,,main stage,,,,,
Europa League,2026/27,2026,,2,Thu,2026-10-15,20:00,pt,Benfica,,,sct,Celtic,,,Estádio do Sport Lisboa e Benfica,,,main stage,,,,,
Europa League,2026/27,2026,,2,Thu,2026-10-15,20:00,eng,Bournemouth,,,at,Sturm Graz,,,Vitality Stadium,,,main stage,,,,,
Europa League,2026/27,2026,,2,Thu,2026-10-15,21:00,hu,Ferencváros,,,cz,Viktoria Plzeň,,,Groupama Arena,,,main stage,,,,,
Europa League,2026/27,2026,,2,Thu,2026-10-15,21:00,fr,Marseille,,,gr,Olympiacos,,,Orange Vélodrome,,,main stage,,,,,
Europa League,2026/27,2026,,2,Thu,2026-10-15,21:00,nl,NEC Nijmegen,,,bg,Levski Sofia,,,Goffertstadion,,,main stage,,,,,
Europa League,2026/27,2026,,2,Thu,2026-10-15,21:00,es,Celta Vigo,,,it,Juventus,,,Estadio Abanca Balaídos,,,main stage,,,,,
Europa League,2026/27,2026,,2,Thu,2026-10-15,21:00,fr,Rennes,,,gr,OFI Crete,,,Roazhon Park,,,main stage,,,,,
Europa League,2026/27,2026,,2,Thu,2026-10-15,21:00,hr,Dinamo Zagreb,,,be,Anderlecht,,,Stadion Maksimir,,,main stage,,,,,
Europa League,2026/27,2026,,2,Thu,2026-10-15,21:00,pl,Jagiellonia,,,am,Ararat-Armenia,,,Chorten Arena,,,main stage,,,,,
Europa League,2026/27,2026,,2,Thu,2026-10-15,21:00,de,Hoffenheim,,,tr,Beşiktaş,,,PreZero Arena,,,main stage,,,,,
Europa League,2026/27,2026,,3,Thu,2026-10-22,18:45,hu,Ferencváros,,,pt,Torreense,,,Groupama Arena,,,main stage,,,,,
Europa League,2026/27,2026,,3,Thu,2026-10-22,18:45,hr,Dinamo Zagreb,,,nl,NEC Nijmegen,,,Stadion Maksimir,,,main stage,,,,,
Europa League,2026/27,2026,,3,Thu,2026-10-22,18:45,pl,Lech Poznań,,,eng,Sunderland,,,ENEA Stadion,,,main stage,,,,,
Europa League,2026/27,2026,,3,Thu,2026-10-22,18:45,it,Juventus,,,fr,Rennes,,,Allianz Stadium,,,main stage,,,,,
Europa League,2026/27,2026,,3,Thu,2026-10-22,18:45,at,Sturm Graz,,,fr,Marseille,,,Merkur Arena,,,main stage,,,,,
Europa League,2026/27,2026,,3,Thu,2026-10-22,18:45,be,Union SG,,,il,H. Be'er Sheva,,,King Power at Den Dreef Stadion,,,main stage,,,,,
Europa League,2026/27,2026,,3,Thu,2026-10-22,19:45,gr,OFI Crete,,,de,Leverkusen,,,Pankritio Stadio,,,main stage,,,,,
Europa League,2026/27,2026,,3,Thu,2026-10-22,20:00,sct,Celtic,,,es,Celta Vigo,,,Celtic Park,,,main stage,,,,,
Europa League,2026/27,2026,,3,Thu,2026-10-22,20:00,eng,Bournemouth,,,it,Milan,,,Vitality Stadium,,,main stage,,,,,
Europa League,2026/27,2026,,3,Thu,2026-10-22,20:45,am,Ararat-Armenia,,,nl,AZ Alkmaar,,,Vahagn Tumasyan Stadium,,,main stage,,,,,
Europa League,2026/27,2026,,3,Thu,2026-10-22,21:00,de,Hoffenheim,,,fr,Lyon,,,PreZero Arena,,,main stage,,,,,
Europa League,2026/27,2026,,3,Thu,2026-10-22,21:00,cz,Viktoria Plzeň,,,bg,Levski Sofia,,,Doosan Arena,,,main stage,,,,,
Europa League,2026/27,2026,,3,Thu,2026-10-22,21:00,si,NK Celje,,,at,RB Salzburg,,,Stadion Z'dežele,,,main stage,,,,,
Europa League,2026/27,2026,,3,Thu,2026-10-22,21:00,pl,Jagiellonia,,,be,Anderlecht,,,Chorten Arena,,,main stage,,,,,
Europa League,2026/27,2026,,3,Thu,2026-10-22,21:00,no,Lillestrøm,,,es,Real Sociedad,,,Åråsen Stadion,,,main stage,,,,,
Europa League,2026/27,2026,,3,Thu,2026-10-22,22:00,cy,AC Omonia,,,pt,Benfica,,,Neo GSP,,,main stage,,,,,
Europa League,2026/27,2026,,3,Thu,2026-10-22,22:00,tr,Beşiktaş,,,eng,Crystal Palace,,,Tüpraş Stadyumu,,,main stage,,,,,
Europa League,2026/27,2026,,3,Thu,2026-10-22,22:00,gr,Olympiacos,,,cz,Sparta Prague,,,Stadio Georgios Karaiskáki,,,main stage,,,,,
Europa League,2026/27,2026,,4,Thu,2026-11-05,17:45,eng,Crystal Palace,,,de,Hoffenheim,,,Selhurst Park,,,main stage,,,,,
Europa League,2026/27,2026,,4,Thu,2026-11-05,18:45,fr,Rennes,,,gr,Olympiacos,,,Roazhon Park,,,main stage,,,,,
Europa League,2026/27,2026,,4,Thu,2026-11-05,18:45,es,Real Sociedad,,,fr,Lyon,,,Reale Arena,,,main stage,,,,,
Europa League,2026/27,2026,,4,Thu,2026-11-05,18:45,cz,Sparta Prague,,,eng,Bournemouth,,,epet Arena,,,main stage,,,,,
Europa League,2026/27,2026,,4,Thu,2026-11-05,18:45,it,Milan,,,hu,Ferencváros,,,Stadio Giuseppe Meazza,,,main stage,,,,,
Europa League,2026/27,2026,,4,Thu,2026-11-05,18:45,no,Lillestrøm,,,cz,Viktoria Plzeň,,,Åråsen Stadion,,,main stage,,,,,
Europa League,2026/27,2026,,4,Thu,2026-11-05,18:45,be,Anderlecht,,,at,RB Salzburg,,,Lotto Park,,,main stage,,,,,
Europa League,2026/27,2026,,4,Thu,2026-11-05,18:45,nl,NEC Nijmegen,,,cy,AC Omonia,,,Goffertstadion,,,main stage,,,,,
Europa League,2026/27,2026,,4,Thu,2026-11-05,19:45,bg,Levski Sofia,,,pl,Jagiellonia,,,Stadion Georgi Asparuhov,,,main stage,,,,,
Europa League,2026/27,2026,,4,Thu,2026-11-05,20:00,pt,Torreense,,,am,Ararat-Armenia,,,Estádio Dr. Magalhães Pessoa,,,main stage,,,,,
Europa League,2026/27,2026,,4,Thu,2026-11-05,20:00,pt,Benfica,,,pl,Lech Poznań,,,Estádio do Sport Lisboa e Benfica,,,main stage,,,,,
Europa League,2026/27,2026,,4,Thu,2026-11-05,20:00,sct,Celtic,,,tr,Beşiktaş,,,Celtic Park,,,main stage,,,,,
Europa League,2026/27,2026,,4,Thu,2026-11-05,20:00,eng,Sunderland,,,hr,Dinamo Zagreb,,,Stadium of Light,,,main stage,,,,,
Europa League,2026/27,2026,,4,Thu,2026-11-05,21:00,es,Celta Vigo,,,be,Union SG,,,Estadio Abanca Balaídos,,,main stage,,,,,
Europa League,2026/27,2026,,4,Thu,2026-11-05,21:00,nl,AZ Alkmaar,,,it,Juventus,,,AFAS Stadion,,,main stage,,,,,
Europa League,2026/27,2026,,4,Thu,2026-11-05,21:00,at,Sturm Graz,,,si,NK Celje,,,Merkur Arena,,,main stage,,,,,
Europa League,2026/27,2026,,4,Thu,2026-11-05,21:00,de,Leverkusen,,,fr,Marseille,,,BayArena,,,main stage,,,,,
Europa League,2026/27,2026,,4,Thu,2026-11-05,22:00,il,H. Be'er Sheva,,,gr,OFI Crete,,,Superbet Arena-Giulești,,,main stage,,,,,
Europa League,2026/27,2026,,5,Thu,2026-11-26,18:45,fr,Marseille,,,bg,Levski Sofia,,,Orange Vélodrome,,,main stage,,,,,
Europa League,2026/27,2026,,5,Thu,2026-11-26,18:45,cz,Viktoria Plzeň,,,pt,Benfica,,,Doosan Arena,,,main stage,,,,,
Europa League,2026/27,2026,,5,Thu,2026-11-26,18:45,hr,Dinamo Zagreb,,,de,Leverkusen,,,Stadion Maksimir,,,main stage,,,,,
Europa League,2026/27,2026,,5,Thu,2026-11-26,18:45,at,RB Salzburg,,,am,Ararat-Armenia,,,Red Bull Arena,,,main stage,,,,,
Europa League,2026/27,2026,,5,Thu,2026-11-26,18:45,es,Celta Vigo,,,eng,Bournemouth,,,Estadio Abanca Balaídos,,,main stage,,,,,
Europa League,2026/27,2026,,5,Thu,2026-11-26,18:45,be,Union SG,,,pl,Lech Poznań,,,King Power at Den Dreef Stadion,,,main stage,,,,,
Europa League,2026/27,2026,,5,Thu,2026-11-26,19:45,gr,Olympiacos,,,it,Milan,,,Stadio Georgios Karaiskáki,,,main stage,,,,,
Europa League,2026/27,2026,,5,Thu,2026-11-26,20:00,pt,Torreense,,,sct,Celtic,,,Estádio Dr. Magalhães Pessoa,,,main stage,,,,,
Europa League,2026/27,2026,,5,Thu,2026-11-26,20:00,eng,Sunderland,,,pl,Jagiellonia,,,Stadium of Light,,,main stage,,,,,
Europa League,2026/27,2026,,5,Thu,2026-11-26,20:00,eng,Crystal Palace,,,es,Real Sociedad,,,Selhurst Park,,,main stage,,,,,
Europa League,2026/27,2026,,5,Thu,2026-11-26,20:45,tr,Beşiktaş,,,il,H. Be'er Sheva,,,Tüpraş Stadyumu,,,main stage,,,,,
Europa League,2026/27,2026,,5,Thu,2026-11-26,21:00,hu,Ferencváros,,,si,NK Celje,,,Groupama Arena,,,main stage,,,,,
Europa League,2026/27,2026,,5,Thu,2026-11-26,21:00,cz,Sparta Prague,,,nl,AZ Alkmaar,,,epet Arena,,,main stage,,,,,
Europa League,2026/27,2026,,5,Thu,2026-11-26,21:00,it,Juventus,,,cy,AC Omonia,,,Allianz Stadium,,,main stage,,,,,
Europa League,2026/27,2026,,5,Thu,2026-11-26,21:00,fr,Lyon,,,no,Lillestrøm,,,Groupama Stadium,,,main stage,,,,,
Europa League,2026/27,2026,,5,Thu,2026-11-26,21:00,nl,NEC Nijmegen,,,fr,Rennes,,,Goffertstadion,,,main stage,,,,,
Europa League,2026/27,2026,,5,Thu,2026-11-26,21:00,de,Hoffenheim,,,at,Sturm Graz,,,PreZero Arena,,,main stage,,,,,
Europa League,2026/27,2026,,5,Thu,2026-11-26,22:00,gr,OFI Crete,,,be,Anderlecht,,,Pankritio Stadio,,,main stage,,,,,
Europa League,2026/27,2026,,6,Thu,2026-12-10,18:45,pl,Jagiellonia,,,eng,Crystal Palace,,,Chorten Arena,,,main stage,,,,,
Europa League,2026/27,2026,,6,Thu,2026-12-10,18:45,nl,AZ Alkmaar,,,at,Sturm Graz,,,AFAS Stadion,,,main stage,,,,,
Europa League,2026/27,2026,,6,Thu,2026-12-10,18:45,fr,Marseille,,,es,Celta Vigo,,,Orange Vélodrome,,,main stage,,,,,
Europa League,2026/27,2026,,6,Thu,2026-12-10,18:45,fr,Rennes,,,hr,Dinamo Zagreb,,,Roazhon Park,,,main stage,,,,,
Europa League,2026/27,2026,,6,Thu,2026-12-10,18:45,be,Anderlecht,,,de,Hoffenheim,,,Lotto Park,,,main stage,,,,,
Europa League,2026/27,2026,,6,Thu,2026-12-10,19:45,cy,AC Omonia,,,sct,Celtic,,,Neo GSP,,,main stage,,,,,
Europa League,2026/27,2026,,6,Thu,2026-12-10,19:45,il,H. Be'er Sheva,,,it,Juventus,,,Superbet Arena-Giulești,,,main stage,,,,,
Europa League,2026/27,2026,,6,Thu,2026-12-10,20:00,pt,Benfica,,,gr,OFI Crete,,,Estádio do Sport Lisboa e Benfica,,,main stage,,,,,
Europa League,2026/27,2026,,6,Thu,2026-12-10,20:00,eng,Bournemouth,,,cz,Viktoria Plzeň,,,Vitality Stadium,,,main stage,,,,,
Europa League,2026/27,2026,,6,Thu,2026-12-10,21:00,at,RB Salzburg,,,cz,Sparta Prague,,,Red Bull Arena,,,main stage,,,,,
Europa League,2026/27,2026,,6,Thu,2026-12-10,21:00,de,Leverkusen,,,tr,Beşiktaş,,,BayArena,,,main stage,,,,,
Europa League,2026/27,2026,,6,Thu,2026-12-10,21:00,pl,Lech Poznań,,,hu,Ferencváros,,,ENEA Stadion,,,main stage,,,,,
Europa League,2026/27,2026,,6,Thu,2026-12-10,21:00,es,Real Sociedad,,,pt,Torreense,,,Reale Arena,,,main stage,,,,,
Europa League,2026/27,2026,,6,Thu,2026-12-10,21:00,it,Milan,,,eng,Sunderland,,,Stadio Giuseppe Meazza,,,main stage,,,,,
Europa League,2026/27,2026,,6,Thu,2026-12-10,21:00,fr,Lyon,,,be,Union SG,,,Groupama Stadium,,,main stage,,,,,
Europa League,2026/27,2026,,6,Thu,2026-12-10,21:00,si,NK Celje,,,gr,Olympiacos,,,Stadion Z'dežele,,,main stage,,,,,
Europa League,2026/27,2026,,6,Thu,2026-12-10,21:45,am,Ararat-Armenia,,,nl,NEC Nijmegen,,,Vahagn Tumasyan Stadium,,,main stage,,,,,
Europa League,2026/27,2026,,6,Thu,2026-12-10,22:00,bg,Levski Sofia,,,no,Lillestrøm,,,Stadion Georgi Asparuhov,,,main stage,,,,,
Europa League,2026/27,2026,,7,Thu,2027-01-21,18:45,nl,NEC Nijmegen,,,pt,Benfica,,,Goffertstadion,,,main stage,,,,,
Europa League,2026/27,2026,,7,Thu,2027-01-21,18:45,hu,Ferencváros,,,it,Juventus,,,Groupama Arena,,,main stage,,,,,
Europa League,2026/27,2026,,7,Thu,2027-01-21,18:45,pl,Jagiellonia,,,fr,Lyon,,,Chorten Arena,,,main stage,,,,,
Europa League,2026/27,2026,,7,Thu,2027-01-21,18:45,es,Real Sociedad,,,cz,Viktoria Plzeň,,,Reale Arena,,,main stage,,,,,
Europa League,2026/27,2026,,7,Thu,2027-01-21,18:45,no,Lillestrøm,,,eng,Bournemouth,,,Åråsen Stadion,,,main stage,,,,,
Europa League,2026/27,2026,,7,Thu,2027-01-21,18:45,at,Sturm Graz,,,gr,OFI Crete,,,Merkur Arena,,,main stage,,,,,
Europa League,2026/27,2026,,7,Thu,2027-01-21,19:45,gr,Olympiacos,,,de,Hoffenheim,,,Stadio Georgios Karaiskáki,,,main stage,,,,,
Europa League,2026/27,2026,,7,Thu,2027-01-21,20:00,sct,Celtic,,,fr,Marseille,,,Celtic Park,,,main stage,,,,,
Europa League,2026/27,2026,,7,Thu,2027-01-21,20:00,eng,Crystal Palace,,,cz,Sparta Prague,,,Selhurst Park,,,main stage,,,,,
Europa League,2026/27,2026,,7,Thu,2027-01-21,20:45,tr,Beşiktaş,,,be,Union SG,,,Tüpraş Stadyumu,,,main stage,,,,,
Europa League,2026/27,2026,,7,Thu,2027-01-21,21:00,nl,AZ Alkmaar,,,hr,Dinamo Zagreb,,,AFAS Stadion,,,main stage,,,,,
Europa League,2026/27,2026,,7,Thu,2027-01-21,21:00,pl,Lech Poznań,,,pt,Torreense,,,ENEA Stadion,,,main stage,,,,,
Europa League,2026/27,2026,,7,Thu,2027-01-21,21:00,be,Anderlecht,,,eng,Sunderland,,,Lotto Park,,,main stage,,,,,
Europa League,2026/27,2026,,7,Thu,2027-01-21,21:00,de,Leverkusen,,,at,RB Salzburg,,,BayArena,,,main stage,,,,,
Europa League,2026/27,2026,,7,Thu,2027-01-21,21:00,fr,Rennes,,,cy,AC Omonia,,,Roazhon Park,,,main stage,,,,,
Europa League,2026/27,2026,,7,Thu,2027-01-21,21:45,am,Ararat-Armenia,,,si,NK Celje,,,Vahagn Tumasyan Stadium,,,main stage,,,,,
Europa League,2026/27,2026,,7,Thu,2027-01-21,22:00,il,H. Be'er Sheva,,,es,Celta Vigo,,,Superbet Arena-Giulești,,,main stage,,,,,
Europa League,2026/27,2026,,7,Thu,2027-01-21,22:00,bg,Levski Sofia,,,it,Milan,,,Stadion Georgi Asparuhov,,,main stage,,,,,
Europa League,2026/27,2026,,8,Thu,2027-01-28,20:00,eng,Sunderland,,,bg,Levski Sofia,,,Stadium of Light,,,main stage,,,,,
Europa League,2026/27,2026,,8,Thu,2027-01-28,20:00,eng,Bournemouth,,,il,H. Be'er Sheva,,,Vitality Stadium,,,main stage,,,,,
Europa League,2026/27,2026,,8,Thu,2027-01-28,20:00,pt,Benfica,,,nl,AZ Alkmaar,,,Estádio do Sport Lisboa e Benfica,,,main stage,,,,,
Europa League,2026/27,2026,,8,Thu,2027-01-28,20:00,pt,Torreense,,,gr,Olympiacos,,,Estádio Dr. Magalhães Pessoa,,,main stage,,,,,
Europa League,2026/27,2026,,8,Thu,2027-01-28,21:00,fr,Lyon,,,de,Leverkusen,,,Groupama Stadium,,,main stage,,,,,
Europa League,2026/27,2026,,8,Thu,2027-01-28,21:00,si,NK Celje,,,nl,NEC Nijmegen,,,Stadion Z'dežele,,,main stage,,,,,
Europa League,2026/27,2026,,8,Thu,2027-01-28,21:00,it,Milan,,,am,Ararat-Armenia,,,Stadio Giuseppe Meazza,,,main stage,,,,,
Europa League,2026/27,2026,,8,Thu,2027-01-28,21:00,de,Hoffenheim,,,hu,Ferencváros,,,PreZero Arena,,,main stage,,,,,
Europa League,2026/27,2026,,8,Thu,2027-01-28,21:00,fr,Marseille,,,be,Anderlecht,,,Orange Vélodrome,,,main stage,,,,,
Europa League,2026/27,2026,,8,Thu,2027-01-28,21:00,at,RB Salzburg,,,eng,Crystal Palace,,,Red Bull Arena,,,main stage,,,,,
Europa League,2026/27,2026,,8,Thu,2027-01-28,21:00,it,Juventus,,,es,Real Sociedad,,,Allianz Stadium,,,main stage,,,,,
Europa League,2026/27,2026,,8,Thu,2027-01-28,21:00,cz,Sparta Prague,,,fr,Rennes,,,epet Arena,,,main stage,,,,,
Europa League,2026/27,2026,,8,Thu,2027-01-28,21:00,cz,Viktoria Plzeň,,,pl,Jagiellonia,,,Doosan Arena,,,main stage,,,,,
Europa League,2026/27,2026,,8,Thu,2027-01-28,21:00,es,Celta Vigo,,,no,Lillestrøm,,,Estadio Abanca Balaídos,,,main stage,,,,,
Europa League,2026/27,2026,,8,Thu,2027-01-28,21:00,hr,Dinamo Zagreb,,,at,Sturm Graz,,,Stadion Maksimir,,,main stage,,,,,
Europa League,2026/27,2026,,8,Thu,2027-01-28,21:00,be,Union SG,,,sct,Celtic,,,King Power at Den Dreef Stadion,,,main stage,,,,,
Europa League,2026/27,2026,,8,Thu,2027-01-28,22:00,gr,OFI Crete,,,pl,Lech Poznań,,,Pankritio Stadio,,,main stage,,,,,
Europa League,2026/27,2026,,8,Thu,2027-01-28,22:00,cy,AC Omonia,,,tr,Beşiktaş,,,Neo GSP,,,main stage,,,,,
Europa League,2026/27,2026,First qualifying round,,Thu,2026-07-09,19:00,ua,Dynamo Kyiv,0,0–0,ro,Univ. Cluj,0,1795,Motor Lublin Arena,Joonas Jaanovits,Leg 1 of 2,qualification,False,False,,,
Europa League,2026/27,2026,First qualifying round,,Thu,2026-07-09,20:00,hr,Hajduk Split,2,2–0,sk,MŠK Žilina,0,22352,Gradski stadion u Poljudu,Kyriakos Athanasiou,Leg 1 of 2,qualification,False,False,,,
Europa League,2026/27,2026,First qualifying round,,Thu,2026-07-09,20:00,az,Qarabağ,3,3–0,is,ÍF Vestri,0,23549,Tofiq Bəhramov adına Respublika stadionu,Roman Jitari,Leg 1 of 2,qualification,False,False,,,
Europa League,2026/27,2026,First qualifying round,,Thu,2026-07-09,20:00,md,Sheriff Tiraspol,0,0–0,si,Aluminij,0,5634,Bolshaya Sportivnaya Arena,Arnes Talic,Leg 1 of 2,qualification,False,False,,,
Europa League,2026/27,2026,First qualifying round,,Thu,2026-07-09,20:00,rs,Vojvodina,1,1–2,hu,Ferencváros,2,6557,Stadion Karađorđe,Mathieu Vernice,Leg 1 of 2,qualification,False,False,,,
Europa League,2026/27,2026,First qualifying round,,Thu,2026-07-09,21:00,bg,CSKA Sofia,3,3–2,ie,Derry City,2,12713,Stadion Vasil Levski,Visar Kastrati,Leg 1 of 2,qualification,False,False,,,
Europa League,2026/27,2026,First qualifying round,,Thu,2026-07-16,18:30,ie,Derry City,1,1–2,bg,CSKA Sofia,2,4155,The Ryan McBride Brandywell Stadium,Jasmin Šabotić,Leg 2 of 2; CSKA Sofia won,qualification,False,False,,,
Europa League,2026/27,2026,First qualifying round,,Thu,2026-07-16,20:00,is,ÍF Vestri,0,0–3,az,Qarabağ,3,474,AVIS Völlurinn,Marek Radina,Leg 2 of 2; Qarabağ won,qualification,False,False,,,
Europa League,2026/27,2026,First qualifying round,,Thu,2026-07-16,20:00,si,Aluminij,0,0–1,md,Sheriff Tiraspol,1,2000,Ljudski Vrt,Anojen Kanagasingam,Leg 2 of 2; Sheriff Tiraspol won,qualification,False,False,,,
Europa League,2026/27,2026,First qualifying round,,Thu,2026-07-16,20:15,hu,Ferencváros,3,3–0,rs,Vojvodina,0,13901,Groupama Arena,Vitālijs Spasjoņņikovs,Leg 2 of 2; Ferencváros won,qualification,False,False,,,
Europa League,2026/27,2026,First qualifying round,,Thu,2026-07-16,20:30,ro,Univ. Cluj,0,(2) 0–0 (4),ua,Dynamo Kyiv,0,20043,Cluj Arena,Iwan Griffith,Leg 2 of 2; Dynamo Kyiv won; Dynamo Kyiv won a penalty shoot-out following extra time,qualification,True,True,2 - 4,2,4
Europa League,2026/27,2026,First qualifying round,,Thu,2026-07-16,20:30,sk,MŠK Žilina,2,2–1,hr,Hajduk Split,1,7823,Štadión Pod Dubňom,Horațiu Feșnic,Leg 2 of 2; Hajduk Split won,qualification,False,False,,,
Europa League,2026/27,2026,Second qualifying round,,Thu,2026-07-23,19:00,se,Hammarby,1,1–1,be,Anderlecht,1,23572,3Arena,Don Robertson,Leg 1 of 2,qualification,False,False,,,
Europa League,2026/27,2026,Second qualifying round,,Thu,2026-07-23,19:00,ua,Dynamo Kyiv,2,2–3,gr,PAOK,3,3225,Motor Lublin Arena,Sandi Putros,Leg 1 of 2,qualification,False,False,,,
Europa League,2026/27,2026,Second qualifying round,,Thu,2026-07-23,19:00,no,Tromsø,0,0–1,cz,Hradec Králové,1,5082,Romssa Arena,Snir Levi,Leg 1 of 2,qualification,False,False,,,
Europa League,2026/27,2026,Second qualifying round,,Thu,2026-07-23,20:00,md,Sheriff Tiraspol,0,0–5,il,Maccabi Tel Aviv,5,7157,Bolshaya Sportivnaya Arena,Kyriakos Athanasiou,Leg 1 of 2,qualification,False,False,,,
Europa League,2026/27,2026,Second qualifying round,,Thu,2026-07-23,20:00,nl,Twente,1,1–2,hu,Ferencváros,2,27500,De Grolsch Veste,Damian Kos,Leg 1 of 2,qualification,False,False,,,
Europa League,2026/27,2026,Second qualifying round,,Thu,2026-07-23,20:00,az,Qarabağ,0,0–0,bg,CSKA Sofia,0,23813,Tofiq Bəhramov adına Respublika stadionu,Daniele Chiffi,Leg 1 of 2,qualification,False,False,,,
Europa League,2026/27,2026,Second qualifying round,,Thu,2026-07-23,20:00,ch,St. Gallen,2,2–1,pt,Benfica,1,17179,Kybunpark,Luca Pairetto,Leg 1 of 2,qualification,False,False,,,
Europa League,2026/27,2026,Second qualifying round,,Thu,2026-07-23,21:00,hr,Hajduk Split,2,2–0,cy,Pafos FC,0,27752,Gradski stadion u Poljudu,Robert Harvey,Leg 1 of 2,qualification,False,False,,,
Europa League,2026/27,2026,Second qualifying round,,Thu,2026-07-23,21:00,tr,Beşiktaş,1,1–0,dk,Midtjylland,0,31471,Tüpraş Stadyumu,Ricardo de Burgos,Leg 1 of 2,qualification,False,False,,,
Europa League,2026/27,2026,Second qualifying round,,Thu,2026-07-30,19:00,dk,Midtjylland,0,0–2,tr,Beşiktaş,2,10227,MCH Arena,John Brooks,Leg 2 of 2; Beşiktaş won,qualification,False,False,,,
Europa League,2026/27,2026,Second qualifying round,,Thu,2026-07-30,19:00,cz,Hradec Králové,3,3–1,no,Tromsø,1,9300,Malšovická Aréna,Nikola Dabanović,Leg 2 of 2; Hradec Králové won,qualification,False,False,,,
Europa League,2026/27,2026,Second qualifying round,,Thu,2026-07-30,20:00,cy,Pafos FC,4,4–0,hr,Hajduk Split,0,4169,Alphamega Stadium,Paweł Raczkowski,Leg 2 of 2; Pafos FC won; Required Extra Time,qualification,True,False,,,
Europa League,2026/27,2026,Second qualifying round,,Thu,2026-07-30,20:00,il,Maccabi Tel Aviv,1,1–0,md,Sheriff Tiraspol,0,1012,Adjarabet Arena,Mikkel Redder,Leg 2 of 2; Maccabi Tel Aviv won,qualification,False,False,,,
Europa League,2026/27,2026,Second qualifying round,,Thu,2026-07-30,20:00,pt,Benfica,5,5–0,ch,St. Gallen,0,59563,Estádio do Sport Lisboa e Benfica,Florian Badstübner,Leg 2 of 2; Benfica won,qualification,False,False,,,
Europa League,2026/27,2026,Second qualifying round,,Thu,2026-07-30,20:30,hu,Ferencváros,2,2–2,nl,Twente,2,17201,Groupama Arena,Viktor Kopievskii,Leg 2 of 2; Ferencváros won,qualification,False,False,,,
Europa League,2026/27,2026,Second qualifying round,,Thu,2026-07-30,20:30,be,Anderlecht,3,3–1,se,Hammarby,1,18095,Lotto Park,Danilo Nikolić,Leg 2 of 2; Anderlecht won,qualification,False,False,,,
Europa League,2026/27,2026,Second qualifying round,,Thu,2026-07-30,20:45,gr,PAOK,2,2–0,ua,Dynamo Kyiv,0,18760,Stadio Toumbas,Damian Sylwestrzak,Leg 2 of 2; PAOK won,qualification,False,False,,,
Europa League,2026/27,2026,Second qualifying round,,Thu,2026-07-30,21:00,bg,CSKA Sofia,0,(5) 0–0 (4),az,Qarabağ,0,16172,Stadion Vasil Levski,Bram Van Driessche,Leg 2 of 2; CSKA Sofia won; CSKA Sofia won a penalty shoot-out following extra time,qualification,True,True,5 - 4,5,4
Europa League,2026/27,2026,Third qualifying round,,Tue,2026-08-04,20:00,ie,Shamrock,3,3–1,al,FK Egnatia,1,5047,Tallaght Stadium,Andris Treimanis,Leg 1 of 2,qualification,False,False,,,
Europa League,2026/27,2026,Third qualifying round,,Tue,2026-08-04,20:00,nir,Larne FC,0,0–0,ge,Iberia 1999,0,1967,Inver Park,Mohammad Al Emara,Leg 1 of 2,qualification,False,False,,,
Europa League,2026/27,2026,Third qualifying round,,Wed,2026-08-05,20:15,hu,Ferencváros,1,1–0,pl,Górnik Zabrze,0,12870,Groupama Arena,Javier Alberola,Leg 1 of 2,qualification,False,False,,,
Europa League,2026/27,2026,Third qualifying round,,Thu,2026-08-06,18:00,pl,Jagiellonia,2,2–1,sct,Rangers,1,19931,Chorten Arena,Nikola Dabanović,Leg 1 of 2,qualification,False,False,,,
Europa League,2026/27,2026,Third qualifying round,,Thu,2026-08-06,18:00,fi,KuPS,1,1–1,ro,CS U Craiova,1,1757,Väre Areena,Ondřej Berka,Leg 1 of 2,qualification,False,False,,,
Europa League,2026/27,2026,Third qualifying round,,Thu,2026-08-06,19:00,il,Maccabi Tel Aviv,0,0–3,bg,CSKA Sofia,3,119,Adjarabet Arena,Manfredas Lukjančukas,Leg 1 of 2,qualification,False,False,,,
Europa League,2026/27,2026,Third qualifying round,,Thu,2026-08-06,19:00,pl,Lech Poznań,1,1–0,fo,KÍ Klaksvík,0,16541,ENEA Stadion,Orel Grinfeeld,Leg 1 of 2,qualification,False,False,,,
Europa League,2026/27,2026,Third qualifying round,,Thu,2026-08-06,19:00,gi,Lincoln FC,1,1–1,cy,AC Omonia,1,716,Europa Point Stadium,Əliyar Ağayev,Leg 1 of 2,qualification,False,False,,,
Europa League,2026/27,2026,Third qualifying round,,Thu,2026-08-06,19:00,cz,Hradec Králové,0,0–1,tr,Beşiktaş,1,9300,Malšovická Aréna,Horațiu Feșnic,Leg 1 of 2,qualification,False,False,,,
Europa League,2026/27,2026,Third qualifying round,,Thu,2026-08-06,19:00,at,RB Salzburg,1,1–0,cy,Pafos FC,0,7704,Red Bull Arena,Damian Sylwestrzak,Leg 1 of 2,qualification,False,False,,,
Europa League,2026/27,2026,Third qualifying round,,Thu,2026-08-06,20:00,ch,Thun,3,3–0,is,KV,0,6167,Stockhorn Arena,Giorgi Kruashvili,Leg 1 of 2,qualification,False,False,,,
Europa League,2026/27,2026,Third qualifying round,,Thu,2026-08-06,20:00,pt,Benfica,6,6–1,sct,Hearts,1,60776,Estádio do Sport Lisboa e Benfica,Marian Barbu,Leg 1 of 2,qualification,False,False,,,
Europa League,2026/27,2026,Third qualifying round,,Thu,2026-08-06,20:45,gr,PAOK,0,0–1,be,Anderlecht,1,19161,Stadio Toumbas,Juan Martínez,Leg 1 of 2,qualification,False,False,,,
Europa League,2026/27,2026,Third qualifying round,,Tue,2026-08-11,20:00,ge,Iberia 1999,2,2–1,nir,Larne FC,1,40833,Mikheil Meskhis Sakhelobis Stadioni,Rohit Saggi,Leg 2 of 2; Iberia 1999 won; Required Extra Time,qualification,True,False,,,
Europa League,2026/27,2026,Third qualifying round,,Thu,2026-08-13,17:30,is,KV,3,3–2,ch,Thun,2,1108,Víkingsvöllur,Luís Godinho,Leg 2 of 2; Thun won,qualification,False,False,,,
Europa League,2026/27,2026,Third qualifying round,,Thu,2026-08-13,19:00,pl,Górnik Zabrze,1,1–1,hu,Ferencváros,1,23348,Stadion im. Ernesta Pohla,Andrea Colombo,Leg 2 of 2; Ferencváros won,qualification,False,False,,,
Europa League,2026/27,2026,Third qualifying round,,Thu,2026-08-13,19:30,sct,Rangers,1,1–1,pl,Jagiellonia,1,41636,Ibrox Stadium,Vassilis Fotias,Leg 2 of 2; Jagiellonia won,qualification,False,False,,,
Europa League,2026/27,2026,Third qualifying round,,Thu,2026-08-13,19:45,sct,Hearts,1,1–1,pt,Benfica,1,17068,Tynecastle Park,Sander van der Eijk,Leg 2 of 2; Benfica won,qualification,False,False,,,
Europa League,2026/27,2026,Third qualifying round,,Thu,2026-08-13,20:00,cy,Pafos FC,3,3–3,at,RB Salzburg,3,6183,Alphamega Stadium,João Pinheiro,Leg 2 of 2; RB Salzburg won,qualification,False,False,,,
Europa League,2026/27,2026,Third qualifying round,,Thu,2026-08-13,20:00,ro,CS U Craiova,2,2–1,fi,KuPS,1,22132,Stadionul Ion Oblemenco,Nenad Minaković,Leg 2 of 2; CS U Craiova won,qualification,False,False,,,
Europa League,2026/27,2026,Third qualifying round,,Thu,2026-08-13,20:00,cy,AC Omonia,1,1–0,gi,Lincoln FC,0,10691,Neo GSP,Sebastian Gishamer,Leg 2 of 2; AC Omonia won,qualification,False,False,,,
Europa League,2026/27,2026,Third qualifying round,,Thu,2026-08-13,20:00,tr,Beşiktaş,1,1–0,cz,Hradec Králové,0,30929,Tüpraş Stadyumu,Urs Schnyder,Leg 2 of 2; Beşiktaş won,qualification,False,False,,,
Europa League,2026/27,2026,Third qualifying round,,Thu,2026-08-13,20:30,be,Anderlecht,3,3–2,gr,PAOK,2,17976,Lotto Park,Simone Sozza,Leg 2 of 2; Anderlecht won,qualification,False,False,,,
Europa League,2026/27,2026,Third qualifying round,,Thu,2026-08-13,21:00,bg,CSKA Sofia,1,1–3,il,Maccabi Tel Aviv,3,23653,Stadion Vasil Levski,Daniel Schlager,Leg 2 of 2; CSKA Sofia won,qualification,False,False,,,
Europa League,2026/27,2026,Third qualifying round,,Thu,2026-08-13,21:00,al,FK Egnatia,5,5–1,ie,Shamrock,1,4000,Egnatia Arena,Georgi Kabakov,Leg 2 of 2; FK Egnatia won,qualification,False,False,,,
Europa League,2026/27,2026,Third qualifying round,,Fri,2026-08-14,19:00,fo,KÍ Klaksvík,0,0–5,pl,Lech Poznań,5,1465,Tórsvøllur,Igor Pajač,Leg 2 of 2; Lech Poznań won,qualification,False,False,,,
Europa League,2026/27,2026,Play-off round,,Thu,2026-08-20,18:00,se,Mjällby,0,0–1,at,RB Salzburg,1,3079,Strandvallen A-Plan,Mykola Balakin,Leg 1 of 2,qualification,False,False,,,
Europa League,2026/27,2026,Play-off round,,Thu,2026-08-20,18:00,pl,Jagiellonia,4,4–0,ge,Iberia 1999,0,19108,Chorten Arena,Ricardo de Burgos,Leg 1 of 2,qualification,False,False,,,
Europa League,2026/27,2026,Play-off round,,Thu,2026-08-20,19:00,al,FK Egnatia,0,0–0,no,Lillestrøm,0,4000,Egnatia Arena,Willy Delajod,Leg 1 of 2,qualification,False,False,,,
Europa League,2026/27,2026,Play-off round,,Thu,2026-08-20,19:00,pl,Lech Poznań,7,7–0,ch,Thun,0,22241,ENEA Stadion,Sebastian Gishamer,Leg 1 of 2,qualification,False,False,,,
Europa League,2026/27,2026,Play-off round,,Thu,2026-08-20,20:00,kz,FC Kairat,0,0–3,be,Anderlecht,3,17563,Ortalıq Stadion,Chris Kavanagh,Leg 1 of 2,qualification,False,False,,,
Europa League,2026/27,2026,Play-off round,,Thu,2026-08-20,20:00,tr,Beşiktaş,3,3–0,lt,Kauno Žalgiris,0,31494,Tüpraş Stadyumu,Tobias Stieler,Leg 1 of 2,qualification,False,False,,,
Europa League,2026/27,2026,Play-off round,,Thu,2026-08-20,20:00,rs,Red Star,3,3–0,cz,Viktoria Plzeň,0,31418,Stadion Rajko Mitić,Espen Eskås,Leg 1 of 2,qualification,False,False,,,
Europa League,2026/27,2026,Play-off round,,Thu,2026-08-20,20:00,pt,Benfica,3,3–1,dk,AGF,1,59147,Estádio do Sport Lisboa e Benfica,Marco Guida,Leg 1 of 2,qualification,False,False,,,
Europa League,2026/27,2026,Play-off round,,Thu,2026-08-20,20:00,be,Sint-Truiden,1,1–0,cy,AC Omonia,0,6214,Daio Wasabi Stayen Stadium,Georgi Kabakov,Leg 1 of 2,qualification,False,False,,,
Europa League,2026/27,2026,Play-off round,,Thu,2026-08-20,20:00,tr,Trabzonspor,0,0–1,hu,Ferencváros,1,32569,Papara Park Stadyumu,Igor Pajač,Leg 1 of 2,qualification,False,False,,,
Europa League,2026/27,2026,Play-off round,,Thu,2026-08-20,20:00,ro,CS U Craiova,1,1–1,am,Ararat-Armenia,1,22712,Stadionul Ion Oblemenco,Nick Walsh,Leg 1 of 2,qualification,False,False,,,
Europa League,2026/27,2026,Play-off round,,Thu,2026-08-20,21:00,gr,OFI Crete,3,3–0,bg,CSKA Sofia,0,12668,Pankritio Stadio,Srđan Jovanović,Leg 1 of 2,qualification,False,False,,,
Europa League,2026/27,2026,Play-off round,,Thu,2026-08-27,19:00,cz,Viktoria Plzeň,5,5–1,rs,Red Star,1,9238,Doosan Arena,Danny Makkelie,Leg 2 of 2; Viktoria Plzeň won; Required Extra Time,qualification,True,False,,,
Europa League,2026/27,2026,Play-off round,,Thu,2026-08-27,19:00,at,RB Salzburg,3,3–0,se,Mjällby,0,7654,Red Bull Arena,Irfan Peljto,Leg 2 of 2; RB Salzburg won,qualification,False,False,,,
Europa League,2026/27,2026,Play-off round,,Thu,2026-08-27,19:00,no,Lillestrøm,2,2–1,al,FK Egnatia,1,8010,Åråsen Stadion,João Pinheiro,Leg 2 of 2; Lillestrøm won; Required Extra Time,qualification,True,False,,,
Europa League,2026/27,2026,Play-off round,,Thu,2026-08-27,20:00,ge,Iberia 1999,1,1–2,pl,Jagiellonia,2,3014,Mikheil Meskhis Sakhelobis Stadioni,Simone Sozza,Leg 2 of 2; Jagiellonia won,qualification,False,False,,,
Europa League,2026/27,2026,Play-off round,,Thu,2026-08-27,20:00,am,Ararat-Armenia,1,1–0,ro,CS U Craiova,0,9280,Vazgen Sargsyan anvan Hanrapetakan Marza...,Donatas Rumšas,Leg 2 of 2; Ararat-Armenia won,qualification,False,False,,,
Europa League,2026/27,2026,Play-off round,,Thu,2026-08-27,20:00,cy,AC Omonia,4,4–2,be,Sint-Truiden,2,15008,Neo GSP,Damian Sylwestrzak,Leg 2 of 2; AC Omonia won,qualification,False,False,,,
Europa League,2026/27,2026,Play-off round,,Thu,2026-08-27,20:00,lt,Kauno Žalgiris,1,1–0,tr,Beşiktaş,0,7079,S. Dariaus ir S. Girėno stadionas,Jesús Gil,Leg 2 of 2; Beşiktaş won,qualification,False,False,,,
Europa League,2026/27,2026,Play-off round,,Thu,2026-08-27,20:00,ch,Thun,2,2–2,pl,Lech Poznań,2,5223,Stockhorn Arena,Halil Umut Meler,Leg 2 of 2; Lech Poznań won,qualification,False,False,,,
Europa League,2026/27,2026,Play-off round,,Thu,2026-08-27,20:00,dk,AGF,1,1–3,pt,Benfica,3,8945,Cepheus Park Randers,Daniel Siebert,Leg 2 of 2; Benfica won,qualification,False,False,,,
Europa League,2026/27,2026,Play-off round,,Thu,2026-08-27,20:30,hu,Ferencváros,4,4–0,tr,Trabzonspor,0,21011,Groupama Arena,Rade Obrenović,Leg 2 of 2; Ferencváros won,qualification,False,False,,,
Europa League,2026/27,2026,Play-off round,,Thu,2026-08-27,20:30,be,Anderlecht,3,3–0,kz,FC Kairat,0,16861,Lotto Park,Espen Eskås,Leg 2 of 2; Anderlecht won,qualification,False,False,,,
Europa League,2026/27,2026,Play-off round,,Thu,2026-08-27,21:00,bg,CSKA Sofia,0,0–2,gr,OFI Crete,2,12668,Stadion Vasil Levski,Ivan Kružliak,Leg 2 of 2; OFI Crete won,qualification,False,False,,,
Champions League,2021/22,2021,Group stage,1,Tue,2021-09-14,18:45,es,Sevilla,1,1–1,at,RB Salzburg,1,18373,Estadio Ramón Sánchez Pizjuán,Aliaksei Kulbakou,,main stage,,,,,
Champions League,2021/22,2021,Group stage,1,Tue,2021-09-14,18:45,ch,Young Boys,2,2–1,eng,Manchester Utd,1,31120,Wankdorfstadion,François Letexier,,main stage,,,,,
Champions League,2021/22,2021,Group stage,1,Tue,2021-09-14,20:00,eng,Chelsea,1,1–0,ru,Zenit,0,39252,Stamford Bridge,Bartosz Frankowski,,main stage,,,,,
Champions League,2021/22,2021,Group stage,1,Tue,2021-09-14,21:00,es,Villarreal,2,2–2,it,Atalanta,2,12916,Estadio de la Cerámica,Clément Turpin,,main stage,,,,,
Champions League,2021/22,2021,Group stage,1,Tue,2021-09-14,21:00,es,Barcelona,0,0–3,de,Bayern Munich,3,39737,Camp Nou,Michael Oliver,,main stage,,,,,
Champions League,2021/22,2021,Group stage,1,Tue,2021-09-14,21:00,fr,Lille,0,0–0,de,Wolfsburg,0,34314,Stade Pierre-Mauroy,Danny Makkelie,,main stage,,,,,
Champions League,2021/22,2021,Group stage,1,Tue,2021-09-14,21:00,se,Malmö,0,0–3,it,Juventus,3,5832,Eleda Stadion,Artur Dias,,main stage,,,,,
Champions League,2021/22,2021,Group stage,1,Tue,2021-09-14,22:00,ua,Dynamo Kyiv,0,0–0,pt,Benfica,0,21657,NSK Olimpijs'kyj,Anthony Taylor,,main stage,,,,,
Champions League,2021/22,2021,Group stage,1,Wed,2021-09-15,19:45,md,Sheriff Tiraspol,2,2–0,ua,Shakhtar D.,0,5205,Bolshaya Sportivnaya Arena,Deniz Aytekin,,main stage,,,,,
Champions League,2021/22,2021,Group stage,1,Wed,2021-09-15,19:45,tr,Beşiktaş,1,1–2,de,Dortmund,2,22445,Vodafone Arena,Antonio Matéu Lahoz,,main stage,,,,,
Champions League,2021/22,2021,Group stage,1,Wed,2021-09-15,20:00,pt,Sporting CP,1,1–5,nl,Ajax,5,20382,Estádio José Alvalade,José Sánchez,,main stage,,,,,
Champions League,2021/22,2021,Group stage,1,Wed,2021-09-15,20:00,eng,Manchester City,6,6–3,de,RB Leipzig,3,38062,Etihad Stadium,Serdar Gözübüyük,,main stage,,,,,
Champions League,2021/22,2021,Group stage,1,Wed,2021-09-15,20:00,eng,Liverpool,3,3–2,it,Milan,2,51445,Anfield,Szymon Marciniak,,main stage,,,,,
Champions League,2021/22,2021,Group stage,1,Wed,2021-09-15,21:00,it,Inter,0,0–1,es,Real Madrid,1,37082,Stadio Giuseppe Meazza,Daniel Siebert,,main stage,,,,,
Champions League,2021/22,2021,Group stage,1,Wed,2021-09-15,21:00,be,Club Brugge,1,1–1,fr,PSG,1,27546,Jan Breydelstadion,Sandro Schärer,,main stage,,,,,
Champions League,2021/22,2021,Group stage,1,Wed,2021-09-15,21:00,es,Atlético Madrid,0,0–0,pt,Porto,0,40098,Estadio Wanda Metropolitano,Ovidiu Hațegan,,main stage,,,,,
Champions League,2021/22,2021,Group stage,2,Tue,2021-09-28,18:45,nl,Ajax,2,2–0,tr,Beşiktaş,0,52628,Johan Cruyff ArenA,Benoît Bastien,,main stage,,,,,
Champions League,2021/22,2021,Group stage,2,Tue,2021-09-28,19:45,ua,Shakhtar D.,0,0–0,it,Inter,0,26170,NSK Olimpijs'kyj,István Kovács,,main stage,,,,,
Champions League,2021/22,2021,Group stage,2,Tue,2021-09-28,20:00,pt,Porto,1,1–5,eng,Liverpool,5,23520,Estádio Do Dragão,Sergey Karasev,,main stage,,,,,
Champions League,2021/22,2021,Group stage,2,Tue,2021-09-28,21:00,es,Real Madrid,1,1–2,md,Sheriff Tiraspol,2,24522,Estadio Santiago Bernabéu,Lawrence Visser,,main stage,,,,,
Champions League,2021/22,2021,Group stage,2,Tue,2021-09-28,21:00,de,RB Leipzig,1,1–2,be,Club Brugge,2,23500,Red Bull Arena,Slavko Vinčič,,main stage,,,,,
Champions League,2021/22,2021,Group stage,2,Tue,2021-09-28,21:00,de,Dortmund,1,1–0,pt,Sporting CP,0,25000,Signal Iduna Park,Srdjan Stojanovic,,main stage,,,,,
Champions League,2021/22,2021,Group stage,2,Tue,2021-09-28,21:00,fr,PSG,2,2–0,eng,Manchester City,0,37350,Parc des Princes,Carlos del Cerro,,main stage,,,,,
Champions League,2021/22,2021,Group stage,2,Tue,2021-09-28,21:00,it,Milan,1,1–2,es,Atlético Madrid,2,35374,Stadio Giuseppe Meazza,Cüneyt Çakιr,,main stage,,,,,
Champions League,2021/22,2021,Group stage,2,Wed,2021-09-29,18:45,it,Atalanta,1,1–0,ch,Young Boys,0,8536,Stadio Atleti Azzurri d'Italia,Felix Brych,,main stage,,,,,
Champions League,2021/22,2021,Group stage,2,Wed,2021-09-29,19:45,ru,Zenit,4,4–0,se,Malmö,0,15339,Gazprom Arena,Anastasios Sidiropoulos,,main stage,,,,,
Champions League,2021/22,2021,Group stage,2,Wed,2021-09-29,20:00,eng,Manchester Utd,2,2–1,es,Villarreal,1,73130,Old Trafford,Felix Zwayer,,main stage,,,,,
Champions League,2021/22,2021,Group stage,2,Wed,2021-09-29,20:00,pt,Benfica,3,3–0,es,Barcelona,0,29454,Estádio do Sport Lisboa e Benfica,Daniele Orsato,,main stage,,,,,
Champions League,2021/22,2021,Group stage,2,Wed,2021-09-29,21:00,at,RB Salzburg,2,2–1,fr,Lille,1,24207,Red Bull Arena,Halil Umut Meler,,main stage,,,,,
Champions League,2021/22,2021,Group stage,2,Wed,2021-09-29,21:00,it,Juventus,1,1–0,eng,Chelsea,0,19934,Allianz Stadium,Jesús Gil,,main stage,,,,,
Champions League,2021/22,2021,Group stage,2,Wed,2021-09-29,21:00,de,Bayern Munich,5,5–0,ua,Dynamo Kyiv,0,25000,Allianz Arena,Marco Guida,,main stage,,,,,
Champions League,2021/22,2021,Group stage,2,Wed,2021-09-29,21:00,de,Wolfsburg,1,1–1,es,Sevilla,1,11733,Volkswagen Arena,Georgi Kabakov,,main stage,,,,,
Champions League,2021/22,2021,Group stage,3,Tue,2021-10-19,18:45,be,Club Brugge,1,1–5,eng,Manchester City,5,24915,Jan Breydelstadion,István Kovács,,main stage,,,,,
Champions League,2021/22,2021,Group stage,3,Tue,2021-10-19,19:45,tr,Beşiktaş,1,1–4,pt,Sporting CP,4,22936,Vodafone Arena,Slavko Vinčič,,main stage,,,,,
Champions League,2021/22,2021,Group stage,3,Tue,2021-10-19,20:00,pt,Porto,1,1–0,it,Milan,0,32130,Estádio Do Dragão,Felix Brych,,main stage,,,,,
Champions League,2021/22,2021,Group stage,3,Tue,2021-10-19,21:00,es,Atlético Madrid,2,2–3,eng,Liverpool,3,60725,Estadio Wanda Metropolitano,Daniel Siebert,,main stage,,,,,
Champions League,2021/22,2021,Group stage,3,Tue,2021-10-19,21:00,it,Inter,3,3–1,md,Sheriff Tiraspol,1,43305,Stadio Giuseppe Meazza,Danny Makkelie,,main stage,,,,,
Champions League,2021/22,2021,Group stage,3,Tue,2021-10-19,21:00,fr,PSG,3,3–2,de,RB Leipzig,2,47359,Parc des Princes,Marco Guida,,main stage,,,,,
Champions League,2021/22,2021,Group stage,3,Tue,2021-10-19,21:00,nl,Ajax,4,4–0,de,Dortmund,0,54029,Johan Cruyff ArenA,Jesús Gil,,main stage,,,,,
Champions League,2021/22,2021,Group stage,3,Tue,2021-10-19,22:00,ua,Shakhtar D.,0,0–5,es,Real Madrid,5,34037,Oblasny SportKomplex Metalist,Srđan Jovanović,,main stage,,,,,
Champions League,2021/22,2021,Group stage,3,Wed,2021-10-20,18:45,at,RB Salzburg,3,3–1,de,Wolfsburg,1,29520,Red Bull Arena,Daniele Orsato,,main stage,,,,,
Champions League,2021/22,2021,Group stage,3,Wed,2021-10-20,18:45,es,Barcelona,1,1–0,ua,Dynamo Kyiv,0,45968,Camp Nou,Clément Turpin,,main stage,,,,,
Champions League,2021/22,2021,Group stage,3,Wed,2021-10-20,20:00,eng,Manchester Utd,3,3–2,it,Atalanta,2,72279,Old Trafford,Szymon Marciniak,,main stage,,,,,
Champions League,2021/22,2021,Group stage,3,Wed,2021-10-20,20:00,pt,Benfica,0,0–4,de,Bayern Munich,4,55201,Estádio do Sport Lisboa e Benfica,Ovidiu Hațegan,,main stage,,,,,
Champions League,2021/22,2021,Group stage,3,Wed,2021-10-20,20:00,eng,Chelsea,4,4–0,se,Malmö,0,39095,Stamford Bridge,François Letexier,,main stage,,,,,
Champions League,2021/22,2021,Group stage,3,Wed,2021-10-20,21:00,fr,Lille,0,0–0,es,Sevilla,0,34362,Stade Pierre-Mauroy,Michael Oliver,,main stage,,,,,
Champions League,2021/22,2021,Group stage,3,Wed,2021-10-20,21:00,ch,Young Boys,1,1–4,es,Villarreal,4,27398,Wankdorfstadion,Sergey Karasev,,main stage,,,,,
Champions League,2021/22,2021,Group stage,3,Wed,2021-10-20,22:00,ru,Zenit,0,0–1,it,Juventus,1,18717,Gazprom Arena,Sandro Schärer,,main stage,,,,,
Champions League,2021/22,2021,Group stage,4,Tue,2021-11-02,18:45,de,Wolfsburg,2,2–1,at,RB Salzburg,1,16112,Volkswagen Arena,Artur Dias,,main stage,,,,,
Champions League,2021/22,2021,Group stage,4,Tue,2021-11-02,18:45,se,Malmö,0,0–1,eng,Chelsea,1,19551,Eleda Stadion,Felix Brych,,main stage,,,,,
Champions League,2021/22,2021,Group stage,4,Tue,2021-11-02,21:00,de,Bayern Munich,5,5–2,pt,Benfica,2,50000,Allianz Arena,Szymon Marciniak,,main stage,,,,,
Champions League,2021/22,2021,Group stage,4,Tue,2021-11-02,21:00,it,Atalanta,2,2–2,eng,Manchester Utd,2,14443,Stadio Atleti Azzurri d'Italia,Slavko Vinčič,,main stage,,,,,
Champions League,2021/22,2021,Group stage,4,Tue,2021-11-02,21:00,es,Villarreal,2,2–0,ch,Young Boys,0,14890,Estadio de la Cerámica,Serdar Gözübüyük,,main stage,,,,,
Champions League,2021/22,2021,Group stage,4,Tue,2021-11-02,21:00,it,Juventus,4,4–2,ru,Zenit,2,20053,Allianz Stadium,Alejandro Hernández,,main stage,,,,,
Champions League,2021/22,2021,Group stage,4,Tue,2021-11-02,21:00,es,Sevilla,1,1–2,fr,Lille,2,29369,Estadio Ramón Sánchez Pizjuán,István Kovács,,main stage,,,,,
Champions League,2021/22,2021,Group stage,4,Tue,2021-11-02,22:00,ua,Dynamo Kyiv,0,0–1,es,Barcelona,1,31378,NSK Olimpijs'kyj,Ovidiu Hațegan,,main stage,,,,,
Champions League,2021/22,2021,Group stage,4,Wed,2021-11-03,18:45,it,Milan,1,1–1,pt,Porto,1,39675,Stadio Giuseppe Meazza,Clément Turpin,,main stage,,,,,
Champions League,2021/22,2021,Group stage,4,Wed,2021-11-03,18:45,es,Real Madrid,2,2–1,ua,Shakhtar D.,1,38105,Estadio Santiago Bernabéu,Benoît Bastien,,main stage,,,,,
Champions League,2021/22,2021,Group stage,4,Wed,2021-11-03,20:00,eng,Manchester City,4,4–1,be,Club Brugge,1,50228,Etihad Stadium,Antonio Matéu Lahoz,,main stage,,,,,
Champions League,2021/22,2021,Group stage,4,Wed,2021-11-03,20:00,pt,Sporting CP,4,4–0,tr,Beşiktaş,0,40835,Estádio José Alvalade,Sergey Karasev,,main stage,,,,,
Champions League,2021/22,2021,Group stage,4,Wed,2021-11-03,20:00,eng,Liverpool,2,2–0,es,Atlético Madrid,0,51347,Anfield,Danny Makkelie,,main stage,,,,,
Champions League,2021/22,2021,Group stage,4,Wed,2021-11-03,21:00,de,RB Leipzig,2,2–2,fr,PSG,2,39794,Red Bull Arena,Andreas Ekberg,,main stage,,,,,
Champions League,2021/22,2021,Group stage,4,Wed,2021-11-03,21:00,de,Dortmund,1,1–3,nl,Ajax,3,54820,Signal Iduna Park,Michael Oliver,,main stage,,,,,
Champions League,2021/22,2021,Group stage,4,Wed,2021-11-03,22:00,md,Sheriff Tiraspol,1,1–3,it,Inter,3,5930,Bolshaya Sportivnaya Arena,Felix Zwayer,,main stage,,,,,
Champions League,2021/22,2021,Group stage,5,Tue,2021-11-23,18:45,es,Villarreal,0,0–2,eng,Manchester Utd,2,20875,Estadio de la Cerámica,Felix Brych,,main stage,,,,,
Champions League,2021/22,2021,Group stage,5,Tue,2021-11-23,19:45,ua,Dynamo Kyiv,1,1–2,de,Bayern Munich,2,28732,NSK Olimpijs'kyj,Halil Umut Meler,,main stage,,,,,
Champions League,2021/22,2021,Group stage,5,Tue,2021-11-23,20:00,eng,Chelsea,4,4–0,it,Juventus,0,39513,Stamford Bridge,Srđan Jovanović,,main stage,,,,,
Champions League,2021/22,2021,Group stage,5,Tue,2021-11-23,21:00,es,Barcelona,0,0–0,pt,Benfica,0,49572,Camp Nou,Sergey Karasev,,main stage,,,,,
Champions League,2021/22,2021,Group stage,5,Tue,2021-11-23,21:00,fr,Lille,1,1–0,at,RB Salzburg,0,33573,Stade Pierre-Mauroy,Anthony Taylor,,main stage,,,,,
Champions League,2021/22,2021,Group stage,5,Tue,2021-11-23,21:00,ch,Young Boys,3,3–3,it,Atalanta,3,31120,Stade de Suisse Wankdorf Bern,Daniel Siebert,,main stage,,,,,
Champions League,2021/22,2021,Group stage,5,Tue,2021-11-23,21:00,es,Sevilla,2,2–0,de,Wolfsburg,0,28663,Estadio Ramón Sánchez Pizjuán,Cüneyt Çakιr,,main stage,,,,,
Champions League,2021/22,2021,Group stage,5,Tue,2021-11-23,21:00,se,Malmö,1,1–1,ru,Zenit,1,15520,Eleda Stadion,Andris Treimanis,,main stage,,,,,
Champions League,2021/22,2021,Group stage,5,Wed,2021-11-24,18:45,it,Inter,2,2–0,ua,Shakhtar D.,0,46225,Stadio Giuseppe Meazza,Ovidiu Hațegan,,main stage,,,,,
Champions League,2021/22,2021,Group stage,5,Wed,2021-11-24,20:00,eng,Manchester City,2,2–1,fr,PSG,1,52030,Etihad Stadium,Daniele Orsato,,main stage,,,,,
Champions League,2021/22,2021,Group stage,5,Wed,2021-11-24,20:00,pt,Sporting CP,3,3–1,de,Dortmund,1,41341,Estádio José Alvalade,Carlos del Cerro,,main stage,,,,,
Champions League,2021/22,2021,Group stage,5,Wed,2021-11-24,20:00,eng,Liverpool,2,2–0,pt,Porto,0,52209,Anfield,Felix Zwayer,,main stage,,,,,
Champions League,2021/22,2021,Group stage,5,Wed,2021-11-24,20:45,tr,Beşiktaş,1,1–2,nl,Ajax,2,11712,Vodafone Arena,Irfan Peljto,,main stage,,,,,
Champions League,2021/22,2021,Group stage,5,Wed,2021-11-24,21:00,es,Atlético Madrid,0,0–1,it,Milan,1,61019,Estadio Wanda Metropolitano,Slavko Vinčič,,main stage,,,,,
Champions League,2021/22,2021,Group stage,5,Wed,2021-11-24,21:00,be,Club Brugge,0,0–5,de,RB Leipzig,5,24072,Jan Breydelstadion,Davide Massa,,main stage,,,,,
Champions League,2021/22,2021,Group stage,5,Wed,2021-11-24,22:00,md,Sheriff Tiraspol,0,0–3,es,Real Madrid,3,5932,Bolshaya Sportivnaya Arena,Szymon Marciniak,,main stage,,,,,
Champions League,2021/22,2021,Group stage,6,Tue,2021-12-07,18:45,fr,PSG,4,4–1,be,Club Brugge,1,47492,Parc des Princes,Jesús Gil,,main stage,,,,,
Champions League,2021/22,2021,Group stage,6,Tue,2021-12-07,18:45,de,RB Leipzig,2,2–1,eng,Manchester City,1,,Red Bull Arena,Sandro Schärer,,main stage,,,,,
Champions League,2021/22,2021,Group stage,6,Tue,2021-12-07,20:00,pt,Porto,1,1–3,es,Atlético Madrid,3,38830,Estádio Do Dragão,Clément Turpin,,main stage,,,,,
Champions League,2021/22,2021,Group stage,6,Tue,2021-12-07,21:00,es,Real Madrid,2,2–0,it,Inter,0,44887,Estadio Santiago Bernabéu,Felix Brych,,main stage,,,,,
Champions League,2021/22,2021,Group stage,6,Tue,2021-12-07,21:00,de,Dortmund,5,5–0,tr,Beşiktaş,0,15000,Signal Iduna Park,François Letexier,,main stage,,,,,
Champions League,2021/22,2021,Group stage,6,Tue,2021-12-07,21:00,nl,Ajax,4,4–2,pt,Sporting CP,2,,Johan Cruyff ArenA,Davide Massa,,main stage,,,,,
Champions League,2021/22,2021,Group stage,6,Tue,2021-12-07,21:00,it,Milan,1,1–2,eng,Liverpool,2,56237,Stadio Giuseppe Meazza,Danny Makkelie,,main stage,,,,,
Champions League,2021/22,2021,Group stage,6,Tue,2021-12-07,22:00,ua,Shakhtar D.,1,1–1,md,Sheriff Tiraspol,1,6841,Oblasny SportKomplex Metalist,Donatas Rumšas,,main stage,,,,,
Champions League,2021/22,2021,Group stage,6,Wed,2021-12-08,18:45,it,Juventus,1,1–0,se,Malmö,0,17501,Allianz Stadium,Irfan Peljto,,main stage,,,,,
Champions League,2021/22,2021,Group stage,6,Wed,2021-12-08,20:00,pt,Benfica,2,2–0,ua,Dynamo Kyiv,0,36591,Estádio do Sport Lisboa e Benfica,Deniz Aytekin,,main stage,,,,,
Champions League,2021/22,2021,Group stage,6,Wed,2021-12-08,20:00,eng,Manchester Utd,1,1–1,ch,Young Boys,1,73156,Old Trafford,Benoît Bastien,,main stage,,,,,
Champions League,2021/22,2021,Group stage,6,Wed,2021-12-08,20:45,ru,Zenit,3,3–3,eng,Chelsea,3,29349,Gazprom Arena,Serdar Gözübüyük,,main stage,,,,,
Champions League,2021/22,2021,Group stage,6,Wed,2021-12-08,21:00,de,Bayern Munich,3,3–0,es,Barcelona,0,,Allianz Arena,Ovidiu Hațegan,,main stage,,,,,
Champions League,2021/22,2021,Group stage,6,Wed,2021-12-08,21:00,de,Wolfsburg,1,1–3,fr,Lille,3,6544,Volkswagen Arena,Daniele Orsato,,main stage,,,,,
Champions League,2021/22,2021,Group stage,6,Wed,2021-12-08,21:00,at,RB Salzburg,1,1–0,es,Sevilla,0,,Red Bull Arena,Slavko Vinčič,,main stage,,,,,
Champions League,2021/22,2021,Group stage,6,Thu,2021-12-09,19:00,it,Atalanta,2,2–3,es,Villarreal,3,11690,Stadio Atleti Azzurri d'Italia,Anthony Taylor,,main stage,,,,,
Champions League,2021/22,2021,Round of 16,,Tue,2022-02-15,20:00,pt,Sporting CP,0,0–5,eng,Manchester City,5,48129,Estádio José Alvalade,Srdjan Stojanovic,Leg 1 of 2,main stage,False,False,,,
Champions League,2021/22,2021,Round of 16,,Tue,2022-02-15,21:00,fr,PSG,1,1–0,es,Real Madrid,0,47443,Parc des Princes,Daniele Orsato,Leg 1 of 2,main stage,False,False,,,
Champions League,2021/22,2021,Round of 16,,Wed,2022-02-16,21:00,at,RB Salzburg,1,1–1,de,Bayern Munich,1,29520,Red Bull Arena,Michael Oliver,Leg 1 of 2,main stage,False,False,,,
Champions League,2021/22,2021,Round of 16,,Wed,2022-02-16,21:00,it,Inter,0,0–2,eng,Liverpool,2,37918,Stadio Giuseppe Meazza,Szymon Marciniak,Leg 1 of 2,main stage,False,False,,,
Champions League,2021/22,2021,Round of 16,,Tue,2022-02-22,20:00,eng,Chelsea,2,2–0,fr,Lille,0,38832,Stamford Bridge,Jesús Gil,Leg 1 of 2,main stage,False,False,,,
Champions League,2021/22,2021,Round of 16,,Tue,2022-02-22,21:00,es,Villarreal,1,1–1,it,Juventus,1,17686,Estadio de la Cerámica,Daniel Siebert,Leg 1 of 2,main stage,False,False,,,
Champions League,2021/22,2021,Round of 16,,Wed,2022-02-23,20:00,pt,Benfica,2,2–2,nl,Ajax,2,54760,Estádio do Sport Lisboa e Benfica,Slavko Vinčič,Leg 1 of 2,main stage,False,False,,,
Champions League,2021/22,2021,Round of 16,,Wed,2022-02-23,21:00,es,Atlético Madrid,1,1–1,eng,Manchester Utd,1,63273,Estadio Wanda Metropolitano,Ovidiu Hațegan,Leg 1 of 2,main stage,False,False,,,
Champions League,2021/22,2021,Round of 16,,Tue,2022-03-08,20:00,eng,Liverpool,0,0–1,it,Inter,1,51747,Anfield,Antonio Matéu Lahoz,Leg 2 of 2; Liverpool won,main stage,False,False,,,
Champions League,2021/22,2021,Round of 16,,Tue,2022-03-08,21:00,de,Bayern Munich,7,7–1,at,RB Salzburg,1,25000,Allianz Arena,Clément Turpin,Leg 2 of 2; Bayern Munich won,main stage,False,False,,,
Champions League,2021/22,2021,Round of 16,,Wed,2022-03-09,20:00,eng,Manchester City,0,0–0,pt,Sporting CP,0,51213,Etihad Stadium,Halil Umut Meler,Leg 2 of 2; Manchester City won,main stage,False,False,,,
Champions League,2021/22,2021,Round of 16,,Wed,2022-03-09,21:00,es,Real Madrid,3,3–1,fr,PSG,1,59895,Estadio Santiago Bernabéu,Danny Makkelie,Leg 2 of 2; Real Madrid won,main stage,False,False,,,
Champions League,2021/22,2021,Round of 16,,Tue,2022-03-15,20:00,eng,Manchester Utd,0,0–1,es,Atlético Madrid,1,73008,Old Trafford,Slavko Vinčič,Leg 2 of 2; Atlético Madrid won,main stage,False,False,,,
Champions League,2021/22,2021,Round of 16,,Tue,2022-03-15,21:00,nl,Ajax,0,0–1,pt,Benfica,1,54066,Johan Cruyff ArenA,Carlos del Cerro,Leg 2 of 2; Benfica won,main stage,False,False,,,
Champions League,2021/22,2021,Round of 16,,Wed,2022-03-16,21:00,fr,Lille,1,1–2,eng,Chelsea,2,49048,Stade Pierre-Mauroy,Davide Massa,Leg 2 of 2; Chelsea won,main stage,False,False,,,
Champions League,2021/22,2021,Round of 16,,Wed,2022-03-16,21:00,it,Juventus,0,0–3,es,Villarreal,3,30385,Allianz Stadium,Szymon Marciniak,Leg 2 of 2; Villarreal won,main stage,False,False,,,
Champions League,2021/22,2021,Quarter-finals,,Tue,2022-04-05,20:00,pt,Benfica,1,1–3,eng,Liverpool,3,59633,Estádio do Sport Lisboa e Benfica,Jesús Gil,Leg 1 of 2,main stage,False,False,,,
Champions League,2021/22,2021,Quarter-finals,,Tue,2022-04-05,20:00,eng,Manchester City,1,1–0,es,Atlético Madrid,0,52018,Etihad Stadium,István Kovács,Leg 1 of 2,main stage,False,False,,,
Champions League,2021/22,2021,Quarter-finals,,Wed,2022-04-06,20:00,eng,Chelsea,1,1–3,es,Real Madrid,3,38689,Stamford Bridge,Clément Turpin,Leg 1 of 2,main stage,False,False,,,
Champions League,2021/22,2021,Quarter-finals,,Wed,2022-04-06,21:00,es,Villarreal,1,1–0,de,Bayern Munich,0,21626,Estadio de la Cerámica,Anthony Taylor,Leg 1 of 2,main stage,False,False,,,
Champions League,2021/22,2021,Quarter-finals,,Tue,2022-04-12,21:00,de,Bayern Munich,1,1–1,es,Villarreal,1,70000,Allianz Arena,Slavko Vinčič,Leg 2 of 2; Villarreal won,main stage,False,False,,,
Champions League,2021/22,2021,Quarter-finals,,Tue,2022-04-12,21:00,es,Real Madrid,2,2–3,eng,Chelsea,3,59839,Estadio Santiago Bernabéu,Szymon Marciniak,Leg 2 of 2; Real Madrid won; Required Extra Time,main stage,True,False,,,
Champions League,2021/22,2021,Quarter-finals,,Wed,2022-04-13,20:00,eng,Liverpool,3,3–3,pt,Benfica,3,51373,Anfield,Serdar Gözübüyük,Leg 2 of 2; Liverpool won,main stage,False,False,,,
Champions League,2021/22,2021,Quarter-finals,,Wed,2022-04-13,21:00,es,Atlético Madrid,0,0–0,eng,Manchester City,0,65675,Estadio Wanda Metropolitano,Daniel Siebert,Leg 2 of 2; Manchester City won,main stage,False,False,,,
Champions League,2021/22,2021,Semi-finals,,Tue,2022-04-26,20:00,eng,Manchester City,4,4–3,es,Real Madrid,3,52217,Etihad Stadium,István Kovács,Leg 1 of 2,main stage,False,False,,,
Champions League,2021/22,2021,Semi-finals,,Wed,2022-04-27,20:00,eng,Liverpool,2,2–0,es,Villarreal,0,51586,Anfield,Szymon Marciniak,Leg 1 of 2,main stage,False,False,,,
Champions League,2021/22,2021,Semi-finals,,Tue,2022-05-03,21:00,es,Villarreal,2,2–3,eng,Liverpool,3,23665,Estadio de la Cerámica,Danny Makkelie,Leg 2 of 2; Liverpool won,main stage,False,False,,,
Champions League,2021/22,2021,Semi-finals,,Wed,2022-05-04,21:00,es,Real Madrid,3,3–1,eng,Manchester City,1,61416,Estadio Santiago Bernabéu,Daniele Orsato,Leg 2 of 2; Real Madrid won; Required Extra Time,main stage,True,False,,,
Champions League,2021/22,2021,Final,,Sat,2022-05-28,21:30,eng,Liverpool,0,0–1,es,Real Madrid,1,75000,Stade de France (Neutral Site),Clément Turpin,,main stage,,,,,
Champions League,2021/22,2021,Preliminary round — Semi-finals,,Tue,2021-06-22,20:00,fo,Havnar Bóltfelag,0,0–1,ad,Inter d'Escaldes,1,,Stadiumi Niko Dovana (Neutral Site),Joonas Jaanovits,,qualification,,,,,
Champions League,2021/22,2021,Preliminary round — Semi-finals,,Tue,2021-06-22,20:00,sm,Folgore,0,0–2,xk,FC Prishtina,2,,Elbasan Arena (Neutral Site),Joni Hyytiä,,qualification,,,,,
Champions League,2021/22,2021,Preliminary round — Final,,Fri,2021-06-25,20:00,xk,FC Prishtina,2,2–0,ad,Inter d'Escaldes,0,,Elbasan Arena (Neutral Site),Adam Ladebäck,,qualification,,,,,
Champions League,2021/22,2021,First qualifying round,,Tue,2021-07-06,18:00,hu,Ferencváros,3,3–0,xk,FC Prishtina,0,8765,Groupama Arena,David Munro,Leg 1 of 2,qualification,False,False,,,
Champions League,2021/22,2021,First qualifying round,,Tue,2021-07-06,19:00,ee,FC Flora,2,2–0,mt,Hibernians FC,0,1804,A. Le Coq Arena,Lazar Lukić,Leg 1 of 2,qualification,False,False,,,
Champions League,2021/22,2021,First qualifying round,,Tue,2021-07-06,19:00,fi,HJK Helsinki,3,3–1,me,Budućnost,1,2365,Helsingin olympiastadion,Nicolas Laforge,Leg 1 of 2,qualification,False,False,,,
Champions League,2021/22,2021,First qualifying round,,Tue,2021-07-06,19:30,lu,CS Fola Esch,2,2–2,gi,Lincoln FC,2,385,Stade Émile Mayrisch,Michal Očenáš,Leg 1 of 2,qualification,False,False,,,
Champions League,2021/22,2021,First qualifying round,,Tue,2021-07-06,20:00,mk,FK Shkëndija,0,0–1,si,NŠ Mura,1,3200,Nationala Arena Toše Proeski,António Nobre,Leg 1 of 2,qualification,False,False,,,
Champions League,2021/22,2021,First qualifying round,,Tue,2021-07-06,20:00,ro,CFR Cluj,3,3–1,ba,B. Banja Luka,1,4500,Stadionul Dr. Constantin Rădulescu,Jochem Kamphuis,Leg 1 of 2,qualification,False,False,,,
Champions League,2021/22,2021,First qualifying round,,Tue,2021-07-06,20:00,lt,Žalgiris,3,3–1,nir,Linfield FC,1,1500,Vilniaus LFF stadionas,Alex Troleis,Leg 1 of 2,qualification,False,False,,,
Champions League,2021/22,2021,First qualifying round,,Wed,2021-07-07,18:00,no,Bodø/Glimt,2,2–3,pl,Legia Warsaw,3,2283,Aspmyra Stadion,Juxhin Xhaja,Leg 1 of 2,qualification,False,False,,,
Champions League,2021/22,2021,First qualifying round,,Wed,2021-07-07,18:30,sk,Slovan Bratislava,2,2–0,ie,Shamrock,0,500,Štadión Tehelné pole,Sebastian Gishamer,Leg 1 of 2,qualification,False,False,,,
Champions League,2021/22,2021,First qualifying round,,Wed,2021-07-07,19:00,hr,Dinamo Zagreb,3,3–2,is,Valur,2,987,Stadion Maksimir,Genc Nuza,Leg 1 of 2,qualification,False,False,,,
Champions League,2021/22,2021,First qualifying round,,Wed,2021-07-07,19:00,al,Teuta Durrës,0,0–4,md,Sheriff Tiraspol,4,500,Stadiumi Niko Dovana,Amin Kurgkheli,Leg 1 of 2,qualification,False,False,,,
Champions League,2021/22,2021,First qualifying round,,Wed,2021-07-07,19:00,wls,Connah's Quay,2,2–2,am,Alashkert,2,145,Park Avenue Ground,Vasilis Dimitriou,Leg 1 of 2,qualification,False,False,,,
Champions League,2021/22,2021,First qualifying round,,Wed,2021-07-07,19:00,se,Malmö,1,1–0,lv,Rīga FC,0,4012,Eleda Stadion,Oskari Hämäläinen,Leg 1 of 2,qualification,False,False,,,
Champions League,2021/22,2021,First qualifying round,,Wed,2021-07-07,20:00,bg,Ludogorets,1,1–0,by,Shakhtyor,0,4762,Huvepharma Arena,Rohit Saggi,Leg 1 of 2,qualification,False,False,,,
Champions League,2021/22,2021,First qualifying round,,Wed,2021-07-07,20:00,il,Maccabi Haifa,1,1–1,kz,FC Kairat,1,25200,Sammy Ofer Stadium,Milovan Milačić,Leg 1 of 2,qualification,False,False,,,
Champions League,2021/22,2021,First qualifying round,,Wed,2021-07-07,20:00,ge,Dinamo Tbilisi,1,1–2,az,Neftçi,2,5890,Boris Paichadzis Dinamo Arena,David Fuxman,Leg 1 of 2,qualification,False,False,,,
Champions League,2021/22,2021,First qualifying round,,Tue,2021-07-13,18:00,gi,Lincoln FC,5,5–0,lu,CS Fola Esch,0,621,Victoria Stadium,Ian McNabb,Leg 2 of 2; Lincoln FC won,qualification,False,False,,,
Champions League,2021/22,2021,First qualifying round,,Tue,2021-07-13,18:00,mt,Hibernians FC,0,0–3,ee,FC Flora,3,155,MFA Centenary Stadium,Manfredas Lukjančukas,Leg 2 of 2; FC Flora won,qualification,False,False,,,
Champions League,2021/22,2021,First qualifying round,,Tue,2021-07-13,19:00,lv,Rīga FC,1,1–1,se,Malmö,1,637,Stadions Skonto,Gergő Bogár,Leg 2 of 2; Malmö won,qualification,False,False,,,
Champions League,2021/22,2021,First qualifying round,,Tue,2021-07-13,19:45,nir,Linfield FC,1,1–2,lt,Žalgiris,2,888,Windsor Park,Matthew De Gabriele,Leg 2 of 2; Žalgiris won,qualification,False,False,,,
Champions League,2021/22,2021,First qualifying round,,Tue,2021-07-13,20:00,is,Valur,0,0–2,hr,Dinamo Zagreb,2,800,Origo Völlurinn,Zaven Hovhannisyan,Leg 2 of 2; Dinamo Zagreb won,qualification,False,False,,,
Champions League,2021/22,2021,First qualifying round,,Tue,2021-07-13,20:00,si,NŠ Mura,5,5–0,mk,FK Shkëndija,0,3100,Mestni Štadion Fazanerija,Marcel Bîrsan,Leg 2 of 2; NŠ Mura won,qualification,False,False,,,
Champions League,2021/22,2021,First qualifying round,,Tue,2021-07-13,20:00,ba,B. Banja Luka,2,2–1,ro,CFR Cluj,1,8300,Gradski Stadion,Urs Schnyder,Leg 2 of 2; CFR Cluj won; Required Extra Time,qualification,True,False,,,
Champions League,2021/22,2021,First qualifying round,,Tue,2021-07-13,20:00,ie,Shamrock,2,2–1,sk,Slovan Bratislava,1,1500,Tallaght Stadium,Mario Zebec,Leg 2 of 2; Slovan Bratislava won,qualification,False,False,,,
Champions League,2021/22,2021,First qualifying round,,Tue,2021-07-13,20:00,md,Sheriff Tiraspol,1,1–0,al,Teuta Durrës,0,1920,Malaya Sportivnaya Arena,Vladimir Moskalev,Leg 2 of 2; Sheriff Tiraspol won,qualification,False,False,,,
Champions League,2021/22,2021,First qualifying round,,Tue,2021-07-13,20:00,xk,FC Prishtina,1,1–3,hu,Ferencváros,3,,Stadiumi Fadil Vokrri,Laurent Kopriwa,Leg 2 of 2; Ferencváros won,qualification,False,False,,,
Champions League,2021/22,2021,First qualifying round,,Tue,2021-07-13,20:30,me,Budućnost,0,0–4,fi,HJK Helsinki,4,1450,Stadion Pod Goricom,Dragomir Draganov,Leg 2 of 2; HJK Helsinki won,qualification,False,False,,,
Champions League,2021/22,2021,First qualifying round,,Tue,2021-07-13,22:30,by,Shakhtyor,0,0–1,bg,Ludogorets,1,,Stadion na Banovom brdu,Arda Kardeşler,Leg 2 of 2; Ludogorets won,qualification,False,False,,,
Champions League,2021/22,2021,First qualifying round,,Wed,2021-07-14,19:00,am,Alashkert,1,1–0,wls,Connah's Quay,0,4000,Vazgen Sargsyan anvan Hanrapetakan Marza...,Ondřej Pechanec,Leg 2 of 2; Alashkert won; Required Extra Time,qualification,True,False,,,
Champions League,2021/22,2021,First qualifying round,,Wed,2021-07-14,20:00,pl,Legia Warsaw,2,2–0,no,Bodø/Glimt,0,17473,Stadion Miejski Legii Warszawa im. Marsz...,Aristotelis Diamantopoulos,Leg 2 of 2; Legia Warsaw won,qualification,False,False,,,
Champions League,2021/22,2021,First qualifying round,,Wed,2021-07-14,20:00,kz,FC Kairat,2,2–0,il,Maccabi Haifa,0,7952,Ortalıq Stadion,Viktor Kopievskii,Leg 2 of 2; FC Kairat won,qualification,False,False,,,
Champions League,2021/22,2021,First qualifying round,,Wed,2021-07-14,21:00,az,Neftçi,2,2–1,ge,Dinamo Tbilisi,1,3218,Bakcell Arena,Dumitru Muntean,Leg 2 of 2; Neftçi won,qualification,False,False,,,
Champions League,2021/22,2021,Second qualifying round,,Tue,2021-07-20,18:00,gi,Lincoln FC,1,1–2,ro,CFR Cluj,2,1039,Victoria Stadium,Willy Delajod,Leg 1 of 2,qualification,False,False,,,
Champions League,2021/22,2021,Second qualifying round,,Tue,2021-07-20,19:00,am,Alashkert,0,0–1,md,Sheriff Tiraspol,1,5800,Vazgen Sargsyan anvan Hanrapetakan Marza...,Rade Obrenović,Leg 1 of 2,qualification,False,False,,,
Champions League,2021/22,2021,Second qualifying round,,Tue,2021-07-20,19:45,sct,Celtic,1,1–1,dk,Midtjylland,1,9000,Celtic Park,Sandro Schärer,Leg 1 of 2,qualification,False,False,,,
Champions League,2021/22,2021,Second qualifying round,,Tue,2021-07-20,20:00,hr,Dinamo Zagreb,2,2–0,cy,AC Omonia,0,2234,Stadion Maksimir,Paweł Gil,Leg 1 of 2,qualification,False,False,,,
Champions League,2021/22,2021,Second qualifying round,,Tue,2021-07-20,20:00,hu,Ferencváros,2,2–0,lt,Žalgiris,0,10107,Groupama Arena,Giorgi Kruashvili,Leg 1 of 2,qualification,False,False,,,
Champions League,2021/22,2021,Second qualifying round,,Tue,2021-07-20,20:30,at,Rapid Wien,2,2–1,cz,Sparta Prague,1,19500,Nachwuchszentrum First Vienna,Serdar Gözübüyük,Leg 1 of 2,qualification,False,False,,,
Champions League,2021/22,2021,Second qualifying round,,Wed,2021-07-21,19:00,se,Malmö,2,2–1,fi,HJK Helsinki,1,5324,Malmö IP,Mykola Balakin,Leg 1 of 2,qualification,False,False,,,
Champions League,2021/22,2021,Second qualifying round,,Wed,2021-07-21,20:00,si,NŠ Mura,0,0–0,bg,Ludogorets,0,3450,Mestni Štadion Fazanerija,Harm Osmers,Leg 1 of 2,qualification,False,False,,,
Champions League,2021/22,2021,Second qualifying round,,Wed,2021-07-21,20:00,kz,FC Kairat,2,2–1,rs,Red Star,1,7000,Ortalıq Stadion,Halil Umut Meler,Leg 1 of 2,qualification,False,False,,,
Champions League,2021/22,2021,Second qualifying round,,Wed,2021-07-21,20:30,sk,Slovan Bratislava,0,0–0,ch,Young Boys,0,1000,Mestni Štadion Fazanerija,Chris Kavanagh,Leg 1 of 2,qualification,False,False,,,
Champions League,2021/22,2021,Second qualifying round,,Wed,2021-07-21,21:00,nl,PSV,5,5–1,tr,Galatasaray,1,23500,Philips Stadion,Alejandro Hernández,Leg 1 of 2,qualification,False,False,,,
Champions League,2021/22,2021,Second qualifying round,,Wed,2021-07-21,21:00,pl,Legia Warsaw,2,2–1,ee,FC Flora,1,16721,Stadion Miejski Legii Warszawa im. Marsz...,Vitaly Meshkov,Leg 1 of 2,qualification,False,False,,,
Champions League,2021/22,2021,Second qualifying round,,Wed,2021-07-21,22:00,gr,Olympiacos,1,1–0,az,Neftçi,0,7305,Stadio Georgios Karaiskáki,João Pinheiro,Leg 1 of 2,qualification,False,False,,,
Champions League,2021/22,2021,Second qualifying round,,Tue,2021-07-27,19:00,cy,AC Omonia,0,0–1,hr,Dinamo Zagreb,1,7256,Neo GSP,Glenn Nyberg,Leg 2 of 2; Dinamo Zagreb won,qualification,False,False,,,
Champions League,2021/22,2021,Second qualifying round,,Tue,2021-07-27,19:00,fi,HJK Helsinki,2,2–2,se,Malmö,2,6465,Telia 5G -areena,Stuart Attwell,Leg 2 of 2; Malmö won,qualification,False,False,,,
Champions League,2021/22,2021,Second qualifying round,,Tue,2021-07-27,19:00,ee,FC Flora,0,0–1,pl,Legia Warsaw,1,3691,A. Le Coq Arena,Anastasios Papapetrou,Leg 2 of 2; Legia Warsaw won,qualification,False,False,,,
Champions League,2021/22,2021,Second qualifying round,,Tue,2021-07-27,20:00,lt,Žalgiris,1,1–3,hu,Ferencváros,3,2032,Vilniaus LFF stadionas,Erik Lambrechts,Leg 2 of 2; Ferencváros won,qualification,False,False,,,
Champions League,2021/22,2021,Second qualifying round,,Wed,2021-07-28,19:45,dk,Midtjylland,2,2–1,sct,Celtic,1,4890,MCH Arena,Bartosz Frankowski,Leg 2 of 2; Midtjylland won; Required Extra Time,qualification,True,False,,,
Champions League,2021/22,2021,Second qualifying round,,Wed,2021-07-28,20:00,md,Sheriff Tiraspol,3,3–1,am,Alashkert,1,2046,Bolshaya Sportivnaya Arena,Bojan Pandzic,Leg 2 of 2; Sheriff Tiraspol won,qualification,False,False,,,
Champions League,2021/22,2021,Second qualifying round,,Wed,2021-07-28,20:15,ch,Young Boys,3,3–2,sk,Slovan Bratislava,2,19564,Wankdorfstadion,Irfan Peljto,Leg 2 of 2; Young Boys won,qualification,False,False,,,
Champions League,2021/22,2021,Second qualifying round,,Wed,2021-07-28,20:30,ro,CFR Cluj,2,2–0,gi,Lincoln FC,0,5230,Stadionul Dr. Constantin Rădulescu,Igal Frid,Leg 2 of 2; CFR Cluj won,qualification,False,False,,,
Champions League,2021/22,2021,Second qualifying round,,Wed,2021-07-28,20:30,cz,Sparta Prague,2,2–0,at,Rapid Wien,0,9105,Generali Česká Pojišťovna Arena,Bobby Madden,Leg 2 of 2; Sparta Prague won,qualification,False,False,,,
Champions League,2021/22,2021,Second qualifying round,,Wed,2021-07-28,20:30,rs,Red Star,5,5–0,kz,FC Kairat,0,,Stadion Rajko Mitić,Andris Treimanis,Leg 2 of 2; Red Star won,qualification,False,False,,,
Champions League,2021/22,2021,Second qualifying round,,Wed,2021-07-28,21:00,bg,Ludogorets,3,3–1,si,NŠ Mura,1,5008,Huvepharma Arena,Marco Di Bello,Leg 2 of 2; Ludogorets won,qualification,False,False,,,
Champions League,2021/22,2021,Second qualifying round,,Wed,2021-07-28,21:00,tr,Galatasaray,1,1–2,nl,PSV,2,5775,Başakşehir Fatih Terim Stadium,Massimiliano Irrati,Leg 2 of 2; PSV won,qualification,False,False,,,
Champions League,2021/22,2021,Second qualifying round,,Wed,2021-07-28,21:00,az,Neftçi,0,0–1,gr,Olympiacos,1,5500,Bakcell Arena,Ricardo de Burgos,Leg 2 of 2; Olympiacos won,qualification,False,False,,,
Champions League,2021/22,2021,Third qualifying round,,Tue,2021-08-03,19:00,cz,Sparta Prague,0,0–2,fr,Monaco,2,10533,Generali Česká Pojišťovna Arena,Michael Oliver,Leg 1 of 2,qualification,False,False,,,
Champions League,2021/22,2021,Third qualifying round,,Tue,2021-08-03,19:00,se,Malmö,2,2–1,sct,Rangers,1,5820,Eleda Stadion,Szymon Marciniak,Leg 1 of 2,qualification,False,False,,,
Champions League,2021/22,2021,Third qualifying round,,Tue,2021-08-03,20:00,nl,PSV,3,3–0,dk,Midtjylland,0,22700,Philips Stadion,Sergey Karasev,Leg 1 of 2,qualification,False,False,,,
Champions League,2021/22,2021,Third qualifying round,,Tue,2021-08-03,20:00,be,Genk,1,1–2,ua,Shakhtar D.,2,5096,Luminus Arena,Anastasios Sidiropoulos,Leg 1 of 2,qualification,False,False,,,
Champions League,2021/22,2021,Third qualifying round,,Tue,2021-08-03,21:00,rs,Red Star,1,1–1,md,Sheriff Tiraspol,1,24433,Stadion Rajko Mitić,Ovidiu Hațegan,Leg 1 of 2,qualification,False,False,,,
Champions League,2021/22,2021,Third qualifying round,,Tue,2021-08-03,21:00,ro,CFR Cluj,1,1–1,ch,Young Boys,1,9500,Stadionul Dr. Constantin Rădulescu,Danny Makkelie,Leg 1 of 2,qualification,False,False,,,
Champions League,2021/22,2021,Third qualifying round,,Tue,2021-08-03,22:00,gr,Olympiacos,1,1–1,bg,Ludogorets,1,9212,Stadio Georgios Karaiskáki,Bobby Madden,Leg 1 of 2,qualification,False,False,,,
Champions League,2021/22,2021,Third qualifying round,,Wed,2021-08-04,20:00,ru,Spartak Moscow,0,0–2,pt,Benfica,2,2933,Otkrytie Arena,Srđan Jovanović,Leg 1 of 2,qualification,False,False,,,
Champions League,2021/22,2021,Third qualifying round,,Wed,2021-08-04,20:00,hr,Dinamo Zagreb,1,1–1,pl,Legia Warsaw,1,4597,Stadion Maksimir,Antonio Matéu Lahoz,Leg 1 of 2,qualification,False,False,,,
Champions League,2021/22,2021,Third qualifying round,,Wed,2021-08-04,20:00,hu,Ferencváros,2,2–0,cz,Slavia Prague,0,17127,Groupama Arena,Jesús Gil,Leg 1 of 2,qualification,False,False,,,
Champions League,2021/22,2021,Third qualifying round,,Tue,2021-08-10,19:00,cz,Slavia Prague,1,1–0,hu,Ferencváros,0,15238,Sinobo Stadium,Tobias Stieler,Leg 2 of 2; Ferencváros won,qualification,False,False,,,
Champions League,2021/22,2021,Third qualifying round,,Tue,2021-08-10,20:00,fr,Monaco,3,3–1,cz,Sparta Prague,1,5476,Stade Louis II,Daniele Orsato,Leg 2 of 2; Monaco won,qualification,False,False,,,
Champions League,2021/22,2021,Third qualifying round,,Tue,2021-08-10,20:00,sct,Rangers,1,1–2,se,Malmö,2,47021,Ibrox Stadium,Slavko Vinčič,Leg 2 of 2; Malmö won,qualification,False,False,,,
Champions League,2021/22,2021,Third qualifying round,,Tue,2021-08-10,20:00,md,Sheriff Tiraspol,1,1–0,rs,Red Star,0,4950,Bolshaya Sportivnaya Arena,Felix Zwayer,Leg 2 of 2; Sheriff Tiraspol won,qualification,False,False,,,
Champions League,2021/22,2021,Third qualifying round,,Tue,2021-08-10,20:00,pt,Benfica,2,2–0,ru,Spartak Moscow,0,16312,Estádio do Sport Lisboa e Benfica,Anthony Taylor,Leg 2 of 2; Benfica won,qualification,False,False,,,
Champions League,2021/22,2021,Third qualifying round,,Tue,2021-08-10,20:00,dk,Midtjylland,0,0–1,nl,PSV,1,6288,MCH Arena,Clément Turpin,Leg 2 of 2; PSV won,qualification,False,False,,,
Champions League,2021/22,2021,Third qualifying round,,Tue,2021-08-10,20:30,ua,Shakhtar D.,2,2–1,be,Genk,1,20594,NSK Olimpijs'kyj,István Kovács,Leg 2 of 2; Shakhtar D. won,qualification,False,False,,,
Champions League,2021/22,2021,Third qualifying round,,Tue,2021-08-10,20:30,ch,Young Boys,3,3–1,ro,CFR Cluj,1,21145,Wankdorfstadion,Cüneyt Çakιr,Leg 2 of 2; Young Boys won,qualification,False,False,,,
Champions League,2021/22,2021,Third qualifying round,,Tue,2021-08-10,21:00,bg,Ludogorets,2,(4) 2–2 (1),gr,Olympiacos,2,5118,Huvepharma Arena,Orel Grinfeeld,Leg 2 of 2; Ludogorets won; Ludogorets won a penalty shoot-out following extra time,qualification,True,True,4 - 1,4,1
Champions League,2021/22,2021,Third qualifying round,,Tue,2021-08-10,21:00,pl,Legia Warsaw,0,0–1,hr,Dinamo Zagreb,1,26769,Stadion Miejski Legii Warszawa im. Marsz...,Benoît Bastien,Leg 2 of 2; Dinamo Zagreb won,qualification,False,False,,,
Champions League,2021/22,2021,Play-off round,,Tue,2021-08-17,21:00,at,RB Salzburg,2,2–1,dk,Brøndby,1,17538,Red Bull Arena,Szymon Marciniak,Leg 1 of 2,qualification,False,False,,,
Champions League,2021/22,2021,Play-off round,,Tue,2021-08-17,21:00,fr,Monaco,0,0–1,ua,Shakhtar D.,1,5700,Stade Louis II,Danny Makkelie,Leg 1 of 2,qualification,False,False,,,
Champions League,2021/22,2021,Play-off round,,Tue,2021-08-17,22:00,md,Sheriff Tiraspol,3,3–0,hr,Dinamo Zagreb,0,5281,Bolshaya Sportivnaya Arena,Can Çakır,Leg 1 of 2,qualification,False,False,,,
Champions League,2021/22,2021,Play-off round,,Wed,2021-08-18,20:00,pt,Benfica,2,2–1,nl,PSV,1,18199,Estádio do Sport Lisboa e Benfica,Felix Brych,Leg 1 of 2,qualification,False,False,,,
Champions League,2021/22,2021,Play-off round,,Wed,2021-08-18,21:00,ch,Young Boys,3,3–2,hu,Ferencváros,2,15652,Wankdorfstadion,William Collum,Leg 1 of 2,qualification,False,False,,,
Champions League,2021/22,2021,Play-off round,,Wed,2021-08-18,21:00,se,Malmö,2,2–0,bg,Ludogorets,0,5463,Eleda Stadion,Antonio Matéu Lahoz,Leg 1 of 2,qualification,False,False,,,
Champions League,2021/22,2021,Play-off round,,Tue,2021-08-24,21:00,nl,PSV,0,0–0,pt,Benfica,0,21855,Philips Stadion,Slavko Vinčič,Leg 2 of 2; Benfica won,qualification,False,False,,,
Champions League,2021/22,2021,Play-off round,,Tue,2021-08-24,21:00,hu,Ferencváros,2,2–3,ch,Young Boys,3,20667,Puskás Ferenc Stadion,Sergey Karasev,Leg 2 of 2; Young Boys won,qualification,False,False,,,
Champions League,2021/22,2021,Play-off round,,Tue,2021-08-24,22:00,bg,Ludogorets,2,2–1,se,Malmö,1,5130,Huvepharma Arena,Clément Turpin,Leg 2 of 2; Malmö won,qualification,False,False,,,
Champions League,2021/22,2021,Play-off round,,Wed,2021-08-25,21:00,hr,Dinamo Zagreb,0,0–0,md,Sheriff Tiraspol,0,8015,Stadion Maksimir,Daniele Orsato,Leg 2 of 2; Sheriff Tiraspol won,qualification,False,False,,,
Champions League,2021/22,2021,Play-off round,,Wed,2021-08-25,21:00,dk,Brøndby,1,1–2,at,RB Salzburg,2,22397,Brøndby Stadion,Carlos del Cerro,Leg 2 of 2; RB Salzburg won,qualification,False,False,,,
Champions League,2021/22,2021,Play-off round,,Wed,2021-08-25,22:00,ua,Shakhtar D.,2,2–2,fr,Monaco,2,26697,Oblasny SportKomplex Metalist,Anthony Taylor,Leg 2 of 2; Shakhtar D. won; Required Extra Time,qualification,True,False,,,
Champions League,2022/23,2022,Group stage,1,Tue,2022-09-06,18:45,hr,Dinamo Zagreb,1,1–0,eng,Chelsea,0,20607,Stadion Maksimir,István Kovács,,main stage,,,,,
Champions League,2022/23,2022,Group stage,1,Tue,2022-09-06,18:45,de,Dortmund,3,3–0,dk,FC Copenhagen,0,70700,Signal Iduna Park,François Letexier,,main stage,,,,,
Champions League,2022/23,2022,Group stage,1,Tue,2022-09-06,20:00,sct,Celtic,0,0–3,es,Real Madrid,3,57057,Celtic Park,Sandro Schärer,,main stage,,,,,
Champions League,2022/23,2022,Group stage,1,Tue,2022-09-06,20:00,pt,Benfica,2,2–0,il,Maccabi Haifa,0,55130,Estádio do Sport Lisboa e Benfica,Andreas Ekberg,,main stage,,,,,
Champions League,2022/23,2022,Group stage,1,Tue,2022-09-06,21:00,at,RB Salzburg,1,1–1,it,Milan,1,29520,Red Bull Arena,Srđan Jovanović,,main stage,,,,,
Champions League,2022/23,2022,Group stage,1,Tue,2022-09-06,21:00,es,Sevilla,0,0–4,eng,Manchester City,4,38764,Estadio Ramón Sánchez Pizjuán,Davide Massa,,main stage,,,,,
Champions League,2022/23,2022,Group stage,1,Tue,2022-09-06,21:00,de,RB Leipzig,1,1–4,ua,Shakhtar D.,4,41591,Red Bull Arena,João Pinheiro,,main stage,,,,,
Champions League,2022/23,2022,Group stage,1,Tue,2022-09-06,21:00,fr,PSG,2,2–1,it,Juventus,1,47415,Parc des Princes,Anthony Taylor,,main stage,,,,,
Champions League,2022/23,2022,Group stage,1,Wed,2022-09-07,18:45,nl,Ajax,4,4–0,sct,Rangers,0,52862,Johan Cruyff ArenA,Tobias Stieler,,main stage,,,,,
Champions League,2022/23,2022,Group stage,1,Wed,2022-09-07,18:45,de,Frankfurt,0,0–3,pt,Sporting CP,3,50500,Deutsche Bank Park,Orel Grinfeeld,,main stage,,,,,
Champions League,2022/23,2022,Group stage,1,Wed,2022-09-07,20:00,eng,Tottenham,2,2–0,fr,Marseille,0,57367,Tottenham Hotspur Stadium,Slavko Vinčič,,main stage,,,,,
Champions League,2022/23,2022,Group stage,1,Wed,2022-09-07,21:00,it,Napoli,4,4–1,eng,Liverpool,1,51793,Stadio Diego Armando Maradona,Carlos del Cerro,,main stage,,,,,
Champions League,2022/23,2022,Group stage,1,Wed,2022-09-07,21:00,es,Atlético Madrid,2,2–1,pt,Porto,1,51777,Estadio Cívitas Metropolitano,Szymon Marciniak,,main stage,,,,,
Champions League,2022/23,2022,Group stage,1,Wed,2022-09-07,21:00,es,Barcelona,5,5–1,cz,Viktoria Plzeň,1,77411,Camp Nou,Lawrence Visser,,main stage,,,,,
Champions League,2022/23,2022,Group stage,1,Wed,2022-09-07,21:00,it,Inter,0,0–2,de,Bayern Munich,2,58951,Stadio Giuseppe Meazza,Clément Turpin,,main stage,,,,,
Champions League,2022/23,2022,Group stage,1,Wed,2022-09-07,21:00,be,Club Brugge,1,1–0,de,Leverkusen,0,21235,Jan Breydelstadion,Irfan Peljto,,main stage,,,,,
Champions League,2022/23,2022,Group stage,2,Tue,2022-09-13,17:45,pt,Sporting CP,2,2–0,eng,Tottenham,0,39899,Estádio José Alvalade,Srđan Jovanović,,main stage,,,,,
Champions League,2022/23,2022,Group stage,2,Tue,2022-09-13,18:45,cz,Viktoria Plzeň,0,0–2,it,Inter,2,11252,Doosan Arena,Sandro Schärer,,main stage,,,,,
Champions League,2022/23,2022,Group stage,2,Tue,2022-09-13,20:00,eng,Liverpool,2,2–1,nl,Ajax,1,52387,Anfield,Artur Dias,,main stage,,,,,
Champions League,2022/23,2022,Group stage,2,Tue,2022-09-13,20:00,pt,Porto,0,0–4,be,Club Brugge,4,39225,Estádio Do Dragão,Anastasios Sidiropoulos,,main stage,,,,,
Champions League,2022/23,2022,Group stage,2,Tue,2022-09-13,21:00,de,Leverkusen,2,2–0,es,Atlético Madrid,0,25825,BayArena,Michael Oliver,,main stage,,,,,
Champions League,2022/23,2022,Group stage,2,Tue,2022-09-13,21:00,fr,Marseille,0,0–1,de,Frankfurt,1,62500,Orange Vélodrome,José Sánchez,,main stage,,,,,
Champions League,2022/23,2022,Group stage,2,Tue,2022-09-13,21:00,de,Bayern Munich,2,2–0,es,Barcelona,0,75000,Allianz Arena,Danny Makkelie,,main stage,,,,,
Champions League,2022/23,2022,Group stage,2,Wed,2022-09-14,18:45,it,Milan,3,3–1,hr,Dinamo Zagreb,1,61341,Stadio Giuseppe Meazza,Jesús Gil,,main stage,,,,,
Champions League,2022/23,2022,Group stage,2,Wed,2022-09-14,19:45,ua,Shakhtar D.,1,1–1,sct,Celtic,1,20697,Stadion Miejski Legii Warszawa im. Marsz...,Glenn Nyberg,,main stage,,,,,
Champions League,2022/23,2022,Group stage,2,Wed,2022-09-14,20:00,sct,Rangers,0,0–3,it,Napoli,3,50121,Ibrox Stadium,Antonio Matéu,,main stage,,,,,
Champions League,2022/23,2022,Group stage,2,Wed,2022-09-14,20:00,eng,Chelsea,1,1–1,at,RB Salzburg,1,38818,Stamford Bridge,Ivan Kružliak,,main stage,,,,,
Champions League,2022/23,2022,Group stage,2,Wed,2022-09-14,20:00,eng,Manchester City,2,2–1,de,Dortmund,1,50441,Etihad Stadium,Daniele Orsato,,main stage,,,,,
Champions League,2022/23,2022,Group stage,2,Wed,2022-09-14,21:00,dk,FC Copenhagen,0,0–0,es,Sevilla,0,34910,Parken,Irfan Peljto,,main stage,,,,,
Champions League,2022/23,2022,Group stage,2,Wed,2022-09-14,21:00,it,Juventus,1,1–2,pt,Benfica,2,34015,Allianz Stadium,Felix Zwayer,,main stage,,,,,
Champions League,2022/23,2022,Group stage,2,Wed,2022-09-14,21:00,es,Real Madrid,2,2–0,de,RB Leipzig,0,54289,Estadio Santiago Bernabéu,Maurizio Mariani,,main stage,,,,,
Champions League,2022/23,2022,Group stage,2,Wed,2022-09-14,22:00,il,Maccabi Haifa,1,1–3,fr,PSG,3,30412,Sammy Ofer Stadium,Daniel Siebert,,main stage,,,,,
Champions League,2022/23,2022,Group stage,3,Tue,2022-10-04,18:45,de,Bayern Munich,5,5–0,cz,Viktoria Plzeň,0,75000,Allianz Arena,Nikola Dabanović,,main stage,,,,,
Champions League,2022/23,2022,Group stage,3,Tue,2022-10-04,18:55,fr,Marseille,4,4–1,pt,Sporting CP,1,618,Orange Vélodrome,Davide Massa,,main stage,,,,,
Champions League,2022/23,2022,Group stage,3,Tue,2022-10-04,20:00,eng,Liverpool,2,2–0,sct,Rangers,0,49512,Anfield,Clément Turpin,,main stage,,,,,
Champions League,2022/23,2022,Group stage,3,Tue,2022-10-04,20:00,pt,Porto,2,2–0,de,Leverkusen,0,42399,Estádio Do Dragão,Anthony Taylor,,main stage,,,,,
Champions League,2022/23,2022,Group stage,3,Tue,2022-10-04,21:00,de,Frankfurt,0,0–0,eng,Tottenham,0,50500,Deutsche Bank Park,Daniele Orsato,,main stage,,,,,
Champions League,2022/23,2022,Group stage,3,Tue,2022-10-04,21:00,it,Inter,1,1–0,es,Barcelona,0,71368,Stadio Giuseppe Meazza,Slavko Vinčič,,main stage,,,,,
Champions League,2022/23,2022,Group stage,3,Tue,2022-10-04,21:00,nl,Ajax,1,1–6,it,Napoli,6,52896,Johan Cruyff ArenA,François Letexier,,main stage,,,,,
Champions League,2022/23,2022,Group stage,3,Tue,2022-10-04,21:00,be,Club Brugge,2,2–0,es,Atlético Madrid,0,25667,Jan Breydelstadion,István Kovács,,main stage,,,,,
Champions League,2022/23,2022,Group stage,3,Wed,2022-10-05,18:45,de,RB Leipzig,3,3–1,sct,Celtic,1,45228,Red Bull Arena,Espen Andreas Eskås,,main stage,,,,,
Champions League,2022/23,2022,Group stage,3,Wed,2022-10-05,18:45,at,RB Salzburg,1,1–0,hr,Dinamo Zagreb,0,28864,Red Bull Arena,Andris Treimanis,,main stage,,,,,
Champions League,2022/23,2022,Group stage,3,Wed,2022-10-05,20:00,eng,Chelsea,3,3–0,it,Milan,0,39537,Stamford Bridge,Danny Makkelie,,main stage,,,,,
Champions League,2022/23,2022,Group stage,3,Wed,2022-10-05,20:00,pt,Benfica,1,1–1,fr,PSG,1,62295,Estádio do Sport Lisboa e Benfica,Jesús Gil,,main stage,,,,,
Champions League,2022/23,2022,Group stage,3,Wed,2022-10-05,20:00,eng,Manchester City,5,5–0,dk,FC Copenhagen,0,51765,Etihad Stadium,Donatas Rumšas,,main stage,,,,,
Champions League,2022/23,2022,Group stage,3,Wed,2022-10-05,21:00,es,Real Madrid,2,2–1,ua,Shakhtar D.,1,56011,Estadio Santiago Bernabéu,Ivan Kružliak,,main stage,,,,,
Champions League,2022/23,2022,Group stage,3,Wed,2022-10-05,21:00,es,Sevilla,1,1–4,de,Dortmund,4,34598,Estadio Ramón Sánchez Pizjuán,Maurizio Mariani,,main stage,,,,,
Champions League,2022/23,2022,Group stage,3,Wed,2022-10-05,21:00,it,Juventus,3,3–1,il,Maccabi Haifa,1,28498,Allianz Stadium,Sandro Schärer,,main stage,,,,,
Champions League,2022/23,2022,Group stage,4,Tue,2022-10-11,18:45,dk,FC Copenhagen,0,0–0,eng,Manchester City,0,35447,Parken,Artur Dias,,main stage,,,,,
Champions League,2022/23,2022,Group stage,4,Tue,2022-10-11,19:45,il,Maccabi Haifa,2,2–0,it,Juventus,0,30074,Sammy Ofer Stadium,Antonio Matéu,,main stage,,,,,
Champions League,2022/23,2022,Group stage,4,Tue,2022-10-11,20:00,sct,Celtic,0,0–2,de,RB Leipzig,2,57565,Celtic Park,Halil Umut Meler,,main stage,,,,,
Champions League,2022/23,2022,Group stage,4,Tue,2022-10-11,21:00,de,Dortmund,1,1–1,es,Sevilla,1,81000,Signal Iduna Park,Srđan Jovanović,,main stage,,,,,
Champions League,2022/23,2022,Group stage,4,Tue,2022-10-11,21:00,fr,PSG,1,1–1,pt,Benfica,1,46435,Parc des Princes,Michael Oliver,,main stage,,,,,
Champions League,2022/23,2022,Group stage,4,Tue,2022-10-11,21:00,it,Milan,0,0–2,eng,Chelsea,2,75051,Stadio Giuseppe Meazza,Daniel Siebert,,main stage,,,,,
Champions League,2022/23,2022,Group stage,4,Tue,2022-10-11,21:00,hr,Dinamo Zagreb,1,1–1,at,RB Salzburg,1,20779,Stadion Maksimir,Tobias Stieler,,main stage,,,,,
Champions League,2022/23,2022,Group stage,4,Tue,2022-10-11,22:00,ua,Shakhtar D.,1,1–1,es,Real Madrid,1,29030,Stadion Miejski Legii Warszawa im. Marsz...,Orel Grinfeeld,,main stage,,,,,
Champions League,2022/23,2022,Group stage,4,Wed,2022-10-12,18:45,it,Napoli,4,4–2,nl,Ajax,2,52229,Stadio Diego Armando Maradona,Felix Zwayer,,main stage,,,,,
Champions League,2022/23,2022,Group stage,4,Wed,2022-10-12,18:45,es,Atlético Madrid,0,0–0,be,Club Brugge,0,60810,Estadio Cívitas Metropolitano,Danny Makkelie,,main stage,,,,,
Champions League,2022/23,2022,Group stage,4,Wed,2022-10-12,20:00,pt,Sporting CP,0,0–2,fr,Marseille,2,38126,Estádio José Alvalade,Alejandro Hernández,,main stage,,,,,
Champions League,2022/23,2022,Group stage,4,Wed,2022-10-12,20:00,sct,Rangers,1,1–7,eng,Liverpool,7,48820,Ibrox Stadium,Slavko Vinčič,,main stage,,,,,
Champions League,2022/23,2022,Group stage,4,Wed,2022-10-12,20:00,eng,Tottenham,3,3–2,de,Frankfurt,2,55180,Tottenham Hotspur Stadium,Carlos del Cerro,,main stage,,,,,
Champions League,2022/23,2022,Group stage,4,Wed,2022-10-12,21:00,cz,Viktoria Plzeň,2,2–4,de,Bayern Munich,4,11326,Doosan Arena,Bartosz Frankowski,,main stage,,,,,
Champions League,2022/23,2022,Group stage,4,Wed,2022-10-12,21:00,de,Leverkusen,0,0–3,pt,Porto,3,30210,BayArena,István Kovács,,main stage,,,,,
Champions League,2022/23,2022,Group stage,4,Wed,2022-10-12,21:00,es,Barcelona,3,3–3,it,Inter,3,92302,Camp Nou,Szymon Marciniak,,main stage,,,,,
Champions League,2022/23,2022,Group stage,5,Tue,2022-10-25,18:45,es,Sevilla,3,3–0,dk,FC Copenhagen,0,29884,Estadio Ramón Sánchez Pizjuán,Benoît Bastien,,main stage,,,,,
Champions League,2022/23,2022,Group stage,5,Tue,2022-10-25,18:45,at,RB Salzburg,1,1–2,eng,Chelsea,2,29520,Red Bull Arena,Sandro Schärer,,main stage,,,,,
Champions League,2022/23,2022,Group stage,5,Tue,2022-10-25,20:00,pt,Benfica,4,4–3,it,Juventus,3,60131,Estádio do Sport Lisboa e Benfica,Srđan Jovanović,,main stage,,,,,
Champions League,2022/23,2022,Group stage,5,Tue,2022-10-25,20:00,sct,Celtic,1,1–1,ua,Shakhtar D.,1,57478,Celtic Park,Serdar Gözübüyük,,main stage,,,,,
Champions League,2022/23,2022,Group stage,5,Tue,2022-10-25,21:00,fr,PSG,7,7–2,il,Maccabi Haifa,2,46435,Parc des Princes,Felix Zwayer,,main stage,,,,,
Champions League,2022/23,2022,Group stage,5,Tue,2022-10-25,21:00,de,Dortmund,0,0–0,eng,Manchester City,0,81000,Signal Iduna Park,Davide Massa,,main stage,,,,,
Champions League,2022/23,2022,Group stage,5,Tue,2022-10-25,21:00,de,RB Leipzig,3,3–2,es,Real Madrid,2,45228,Red Bull Arena,Daniele Orsato,,main stage,,,,,
Champions League,2022/23,2022,Group stage,5,Tue,2022-10-25,21:00,hr,Dinamo Zagreb,0,0–4,it,Milan,4,20572,Stadion Maksimir,Szymon Marciniak,,main stage,,,,,
Champions League,2022/23,2022,Group stage,5,Wed,2022-10-26,18:45,be,Club Brugge,0,0–4,pt,Porto,4,26144,Jan Breydelstadion,Michael Oliver,,main stage,,,,,
Champions League,2022/23,2022,Group stage,5,Wed,2022-10-26,18:45,it,Inter,4,4–0,cz,Viktoria Plzeň,0,71849,Stadio Giuseppe Meazza,Andreas Ekberg,,main stage,,,,,
Champions League,2022/23,2022,Group stage,5,Wed,2022-10-26,20:00,eng,Tottenham,1,1–1,pt,Sporting CP,1,59588,Tottenham Hotspur Stadium,Danny Makkelie,,main stage,,,,,
Champions League,2022/23,2022,Group stage,5,Wed,2022-10-26,21:00,de,Frankfurt,2,2–1,fr,Marseille,1,48700,Deutsche Bank Park,Jesús Gil,,main stage,,,,,
Champions League,2022/23,2022,Group stage,5,Wed,2022-10-26,21:00,es,Atlético Madrid,2,2–2,de,Leverkusen,2,63803,Estadio Cívitas Metropolitano,Clément Turpin,,main stage,,,,,
Champions League,2022/23,2022,Group stage,5,Wed,2022-10-26,21:00,es,Barcelona,0,0–3,de,Bayern Munich,3,84016,Camp Nou,Anthony Taylor,,main stage,,,,,
Champions League,2022/23,2022,Group stage,5,Wed,2022-10-26,21:00,nl,Ajax,0,0–3,eng,Liverpool,3,53327,Johan Cruyff ArenA,José Sánchez,,main stage,,,,,
Champions League,2022/23,2022,Group stage,5,Wed,2022-10-26,21:00,it,Napoli,3,3–0,sct,Rangers,0,39835,Stadio Diego Armando Maradona,Halil Umut Meler,,main stage,,,,,
Champions League,2022/23,2022,Group stage,6,Tue,2022-11-01,17:45,pt,Porto,2,2–1,es,Atlético Madrid,1,47546,Estádio Do Dragão,Daniele Orsato,,main stage,,,,,
Champions League,2022/23,2022,Group stage,6,Tue,2022-11-01,18:45,de,Leverkusen,0,0–0,be,Club Brugge,0,30210,BayArena,Maurizio Mariani,,main stage,,,,,
Champions League,2022/23,2022,Group stage,6,Tue,2022-11-01,20:00,eng,Liverpool,2,2–0,it,Napoli,0,52077,Anfield,Tobias Stieler,,main stage,,,,,
Champions League,2022/23,2022,Group stage,6,Tue,2022-11-01,20:00,sct,Rangers,1,1–3,nl,Ajax,3,48817,Ibrox Stadium,Glenn Nyberg,,main stage,,,,,
Champions League,2022/23,2022,Group stage,6,Tue,2022-11-01,20:00,pt,Sporting CP,1,1–2,de,Frankfurt,2,41744,Estádio José Alvalade,Slavko Vinčič,,main stage,,,,,
Champions League,2022/23,2022,Group stage,6,Tue,2022-11-01,21:00,fr,Marseille,1,1–2,eng,Tottenham,2,50768,Orange Vélodrome,Szymon Marciniak,,main stage,,,,,
Champions League,2022/23,2022,Group stage,6,Tue,2022-11-01,21:00,de,Bayern Munich,2,2–0,it,Inter,0,75000,Allianz Arena,Ivan Kružliak,,main stage,,,,,
Champions League,2022/23,2022,Group stage,6,Tue,2022-11-01,21:00,cz,Viktoria Plzeň,2,2–4,es,Barcelona,4,11258,Doosan Arena,Radu Petrescu,,main stage,,,,,
Champions League,2022/23,2022,Group stage,6,Wed,2022-11-02,18:45,es,Real Madrid,5,5–1,sct,Celtic,1,52511,Estadio Santiago Bernabéu,Stéphanie Frappart,,main stage,,,,,
Champions League,2022/23,2022,Group stage,6,Wed,2022-11-02,19:45,ua,Shakhtar D.,0,0–4,de,RB Leipzig,4,26045,Stadion Miejski Legii Warszawa im. Marsz...,Michael Oliver,,main stage,,,,,
Champions League,2022/23,2022,Group stage,6,Wed,2022-11-02,20:00,eng,Manchester City,3,3–1,es,Sevilla,1,51610,Etihad Stadium,Orel Grinfeeld,,main stage,,,,,
Champions League,2022/23,2022,Group stage,6,Wed,2022-11-02,20:00,eng,Chelsea,2,2–1,hr,Dinamo Zagreb,1,39392,Stamford Bridge,François Letexier,,main stage,,,,,
Champions League,2022/23,2022,Group stage,6,Wed,2022-11-02,21:00,dk,FC Copenhagen,1,1–1,de,Dortmund,1,31900,Parken,Əliyar Ağayev,,main stage,,,,,
Champions League,2022/23,2022,Group stage,6,Wed,2022-11-02,21:00,it,Juventus,1,1–2,fr,PSG,2,41089,Allianz Stadium,Carlos del Cerro,,main stage,,,,,
Champions League,2022/23,2022,Group stage,6,Wed,2022-11-02,21:00,it,Milan,4,4–0,at,RB Salzburg,0,74292,Stadio Giuseppe Meazza,Antonio Matéu,,main stage,,,,,
Champions League,2022/23,2022,Group stage,6,Wed,2022-11-02,22:00,il,Maccabi Haifa,1,1–6,pt,Benfica,6,30464,Sammy Ofer Stadium,Anthony Taylor,,main stage,,,,,
Champions League,2022/23,2022,Round of 16,,Tue,2023-02-14,21:00,fr,PSG,0,0–1,de,Bayern Munich,1,46435,Parc des Princes,Michael Oliver,Leg 1 of 2,main stage,False,False,,,
Champions League,2022/23,2022,Round of 16,,Tue,2023-02-14,21:00,it,Milan,1,1–0,eng,Tottenham,0,74320,Stadio Giuseppe Meazza,Sandro Schärer,Leg 1 of 2,main stage,False,False,,,
Champions League,2022/23,2022,Round of 16,,Wed,2023-02-15,21:00,de,Dortmund,1,1–0,eng,Chelsea,0,81365,Signal Iduna Park,Jesús Gil,Leg 1 of 2,main stage,False,False,,,
Champions League,2022/23,2022,Round of 16,,Wed,2023-02-15,21:00,be,Club Brugge,0,0–2,pt,Benfica,2,24136,Jan Breydelstadion,Davide Massa,Leg 1 of 2,main stage,False,False,,,
Champions League,2022/23,2022,Round of 16,,Tue,2023-02-21,20:00,eng,Liverpool,2,2–5,es,Real Madrid,5,52337,Anfield,István Kovács,Leg 1 of 2,main stage,False,False,,,
Champions League,2022/23,2022,Round of 16,,Tue,2023-02-21,21:00,de,Frankfurt,0,0–2,it,Napoli,2,47500,Deutsche Bank Park,Artur Dias,Leg 1 of 2,main stage,False,False,,,
Champions League,2022/23,2022,Round of 16,,Wed,2023-02-22,21:00,de,RB Leipzig,1,1–1,eng,Manchester City,1,45228,Red Bull Arena,Serdar Gözübüyük,Leg 1 of 2,main stage,False,False,,,
Champions League,2022/23,2022,Round of 16,,Wed,2023-02-22,21:00,it,Inter,1,1–0,pt,Porto,0,75374,Stadio Giuseppe Meazza,Srđan Jovanović,Leg 1 of 2,main stage,False,False,,,
Champions League,2022/23,2022,Round of 16,,Tue,2023-03-07,20:00,eng,Chelsea,2,2–0,de,Dortmund,0,38882,Stamford Bridge,Danny Makkelie,Leg 2 of 2; Chelsea won,main stage,False,False,,,
Champions League,2022/23,2022,Round of 16,,Tue,2023-03-07,20:00,pt,Benfica,5,5–1,be,Club Brugge,1,60960,Estádio do Sport Lisboa e Benfica,Halil Umut Meler,Leg 2 of 2; Benfica won,main stage,False,False,,,
Champions League,2022/23,2022,Round of 16,,Wed,2023-03-08,20:00,eng,Tottenham,0,0–0,it,Milan,0,61602,Tottenham Hotspur Stadium,Clément Turpin,Leg 2 of 2; Milan won,main stage,False,False,,,
Champions League,2022/23,2022,Round of 16,,Wed,2023-03-08,21:00,de,Bayern Munich,2,2–0,fr,PSG,0,75000,Allianz Arena,Daniele Orsato,Leg 2 of 2; Bayern Munich won,main stage,False,False,,,
Champions League,2022/23,2022,Round of 16,,Tue,2023-03-14,20:00,pt,Porto,0,0–0,it,Inter,0,48015,Estádio Do Dragão,Szymon Marciniak,Leg 2 of 2; Inter won,main stage,False,False,,,
Champions League,2022/23,2022,Round of 16,,Tue,2023-03-14,20:00,eng,Manchester City,7,7–0,de,RB Leipzig,0,52038,Etihad Stadium,Slavko Vinčič,Leg 2 of 2; Manchester City won,main stage,False,False,,,
Champions League,2022/23,2022,Round of 16,,Wed,2023-03-15,21:00,it,Napoli,3,3–0,de,Frankfurt,0,49082,Stadio Diego Armando Maradona,Anthony Taylor,Leg 2 of 2; Napoli won,main stage,False,False,,,
Champions League,2022/23,2022,Round of 16,,Wed,2023-03-15,21:00,es,Real Madrid,1,1–0,eng,Liverpool,0,63127,Estadio Santiago Bernabéu,Felix Zwayer,Leg 2 of 2; Real Madrid won,main stage,False,False,,,
Champions League,2022/23,2022,Quarter-finals,,Tue,2023-04-11,20:00,pt,Benfica,0,0–2,it,Inter,2,62594,Estádio da Luz (1954),Michael Oliver,Leg 1 of 2,main stage,False,False,,,
Champions League,2022/23,2022,Quarter-finals,,Tue,2023-04-11,20:00,eng,Manchester City,3,3–0,de,Bayern Munich,0,52257,Etihad Stadium,Jesús Gil,Leg 1 of 2,main stage,False,False,,,
Champions League,2022/23,2022,Quarter-finals,,Wed,2023-04-12,21:00,es,Real Madrid,2,2–0,eng,Chelsea,0,63142,Estadio Santiago Bernabéu,François Letexier,Leg 1 of 2,main stage,False,False,,,
Champions League,2022/23,2022,Quarter-finals,,Wed,2023-04-12,21:00,it,Milan,1,1–0,it,Napoli,0,74742,Stadio Giuseppe Meazza,István Kovács,Leg 1 of 2,main stage,False,False,,,
Champions League,2022/23,2022,Quarter-finals,,Tue,2023-04-18,20:00,eng,Chelsea,0,0–2,es,Real Madrid,2,39453,Stamford Bridge,Daniele Orsato,Leg 2 of 2; Real Madrid won,main stage,False,False,,,
Champions League,2022/23,2022,Quarter-finals,,Tue,2023-04-18,21:00,it,Napoli,1,1–1,it,Milan,1,52728,Stadio Diego Armando Maradona,Szymon Marciniak,Leg 2 of 2; Milan won,main stage,False,False,,,
Champions League,2022/23,2022,Quarter-finals,,Wed,2023-04-19,21:00,de,Bayern Munich,1,1–1,eng,Manchester City,1,75000,Allianz Arena,Clément Turpin,Leg 2 of 2; Manchester City won,main stage,False,False,,,
Champions League,2022/23,2022,Quarter-finals,,Wed,2023-04-19,21:00,it,Inter,3,3–3,pt,Benfica,3,75380,Stadio Giuseppe Meazza,Carlos del Cerro,Leg 2 of 2; Inter won,main stage,False,False,,,
Champions League,2022/23,2022,Semi-finals,,Tue,2023-05-09,21:00,es,Real Madrid,1,1–1,eng,Manchester City,1,63485,Estadio Santiago Bernabéu,Artur Dias,Leg 1 of 2,main stage,False,False,,,
Champions League,2022/23,2022,Semi-finals,,Wed,2023-05-10,21:00,it,Milan,0,0–2,it,Inter,2,75532,Stadio Giuseppe Meazza,Jesús Gil,Leg 1 of 2,main stage,False,False,,,
Champions League,2022/23,2022,Semi-finals,,Tue,2023-05-16,21:00,it,Inter,1,1–0,it,Milan,0,75567,Stadio Giuseppe Meazza,Clément Turpin,Leg 2 of 2; Inter won,main stage,False,False,,,
Champions League,2022/23,2022,Semi-finals,,Wed,2023-05-17,20:00,eng,Manchester City,4,4–0,es,Real Madrid,0,52313,Etihad Stadium,Szymon Marciniak,Leg 2 of 2; Manchester City won,main stage,False,False,,,
Champions League,2022/23,2022,Final,,Sat,2023-06-10,22:00,eng,Manchester City,1,1–0,it,Inter,0,71412,Atatürk Olimpiyat Stadı (Neutral Site),Szymon Marciniak,,main stage,,,,,
Champions League,2022/23,2022,Preliminary round — Semi-finals,,Tue,2022-06-21,13:00,sm,S.P. La Fiorita,1,1–2,ad,Inter d'Escaldes,2,39,Víkingsvöllur (Neutral Site),Rohit Saggi,,qualification,,,,,
Champions League,2022/23,2022,Preliminary round — Semi-finals,,Tue,2022-06-21,19:30,ee,Levadia,1,1–6,is,KV,6,725,Víkingsvöllur (Neutral Site),Tomasz Musiał,,qualification,,,,,
Champions League,2022/23,2022,Preliminary round — Final,,Fri,2022-06-24,19:30,ad,Inter d'Escaldes,0,0–1,is,KV,1,925,Víkingsvöllur (Neutral Site),Urs Schnyder,,qualification,,,,,
Champions League,2022/23,2022,First qualifying round,,Tue,2022-07-05,19:00,wls,The New Saints,1,1–0,nir,Linfield FC,0,1034,Park Hall Stadium,Andrei Chivulete,Leg 1 of 2,qualification,False,False,,,
Champions League,2022/23,2022,First qualifying round,,Tue,2022-07-05,19:00,se,Malmö,3,3–2,is,KV,2,11830,Eleda Stadion,Dumitru Muntean,Leg 1 of 2,qualification,False,False,,,
Champions League,2022/23,2022,First qualifying round,,Tue,2022-07-05,19:30,ie,Shamrock,3,3–0,mt,Hibernians FC,0,7019,Tallaght Stadium,Morten Krogh,Leg 1 of 2,qualification,False,False,,,
Champions League,2022/23,2022,First qualifying round,,Tue,2022-07-05,20:00,pl,Lech Poznań,1,1–0,az,Qarabağ,0,25118,Stadion Miejski,José Luis Munuera,Leg 1 of 2,qualification,False,False,,,
Champions League,2022/23,2022,First qualifying round,,Tue,2022-07-05,20:00,am,Pyunik,0,0–0,ro,CFR Cluj,0,8000,Vazgen Sargsyan anvan Hanrapetakan Marza...,Bastian Dankert,Leg 1 of 2,qualification,False,False,,,
Champions League,2022/23,2022,First qualifying round,,Tue,2022-07-05,20:00,xk,Ballkani Therandë,1,1–1,lt,Žalgiris,1,4000,Stadiumi Suva Reka,Robert Harvey,Leg 1 of 2,qualification,False,False,,,
Champions League,2022/23,2022,First qualifying round,,Tue,2022-07-05,20:45,mk,FK Shkupi,3,3–0,gi,Lincoln FC,0,2500,Stadion Čair,Sebastian Gishamer,Leg 1 of 2,qualification,False,False,,,
Champions League,2022/23,2022,First qualifying round,,Tue,2022-07-05,20:45,bg,Ludogorets,2,2–0,me,Sutjeska Nikšić,0,3963,Huvepharma Arena,Vítor Ferreira,Leg 1 of 2,qualification,False,False,,,
Champions League,2022/23,2022,First qualifying round,,Wed,2022-07-06,18:00,no,Bodø/Glimt,3,3–0,fo,KÍ Klaksvík,0,4227,Aspmyra Stadion,Mohammed Al Hakim,Leg 1 of 2,qualification,False,False,,,
Champions League,2022/23,2022,First qualifying round,,Wed,2022-07-06,19:00,fi,HJK Helsinki,1,1–0,lv,RFS,0,3874,Bolt Arena,Juxhin Xhaja,Leg 1 of 2,qualification,False,False,,,
Champions League,2022/23,2022,First qualifying round,,Wed,2022-07-06,19:00,kz,FC Tobol,0,0–0,hu,Ferencváros,0,8420,Tobol Arena,Dario Bel,Leg 1 of 2,qualification,False,False,,,
Champions League,2022/23,2022,First qualifying round,,Wed,2022-07-06,19:30,lu,F91 Dudelange,1,1–0,al,KF Tirana,0,1555,Stade Jos Nosbaum,Rohit Saggi,Leg 1 of 2,qualification,False,False,,,
Champions League,2022/23,2022,First qualifying round,,Wed,2022-07-06,20:00,ba,Zrinjski Mostar,0,0–0,md,Sheriff Tiraspol,0,5400,Stadion Bijeli Brijeg,Fabio Maresca,Leg 1 of 2,qualification,False,False,,,
Champions League,2022/23,2022,First qualifying round,,Wed,2022-07-06,20:15,si,NK Maribor,0,0–0,by,Shakhtyor,0,6450,Ljudski vrt,Anastasios Papapetrou,Leg 1 of 2,qualification,False,False,,,
Champions League,2022/23,2022,First qualifying round,,Wed,2022-07-06,20:30,sk,Slovan Bratislava,0,0–0,ge,Dinamo Batumi,0,10589,Štadión Tehelné pole,David Coote,Leg 1 of 2,qualification,False,False,,,
Champions League,2022/23,2022,First qualifying round,,Tue,2022-07-12,18:00,gi,Lincoln FC,2,2–0,mk,FK Shkupi,0,896,Victoria Stadium,Filip Glova,Leg 2 of 2; FK Shkupi won,qualification,False,False,,,
Champions League,2022/23,2022,First qualifying round,,Tue,2022-07-12,18:30,lv,RFS,2,(4) 2–1 (5),fi,HJK Helsinki,1,1631,LNK Sporta Parks,David Fuxman,Leg 2 of 2; HJK Helsinki won; HJK Helsinki won a penalty shoot-out following extra time,qualification,True,True,4 - 5,4,5
Champions League,2022/23,2022,First qualifying round,,Tue,2022-07-12,19:00,lt,Žalgiris,1,1–0,xk,Ballkani Therandë,0,3542,Lokomotyvas stadionas,Kristoffer Hagenes,Leg 2 of 2; Žalgiris won; Required Extra Time,qualification,True,False,,,
Champions League,2022/23,2022,First qualifying round,,Tue,2022-07-12,19:30,is,KV,3,3–3,se,Malmö,3,1080,Víkingsvöllur,John Beaton,Leg 2 of 2; Malmö won,qualification,False,False,,,
Champions League,2022/23,2022,First qualifying round,,Tue,2022-07-12,20:00,mt,Hibernians FC,0,0–0,ie,Shamrock,0,979,Tony Bezzina Stadium,Manfredas Lukjančukas,Leg 2 of 2; Shamrock won,qualification,False,False,,,
Champions League,2022/23,2022,First qualifying round,,Tue,2022-07-12,20:00,md,Sheriff Tiraspol,1,1–0,ba,Zrinjski Mostar,0,4242,Bolshaya Sportivnaya Arena,Radu Petrescu,Leg 2 of 2; Sheriff Tiraspol won,qualification,False,False,,,
Champions League,2022/23,2022,First qualifying round,,Tue,2022-07-12,20:00,az,Qarabağ,5,5–1,pl,Lech Poznań,1,27652,Azərsun Arena,Andy Madley,Leg 2 of 2; Qarabağ won,qualification,False,False,,,
Champions League,2022/23,2022,First qualifying round,,Tue,2022-07-12,20:00,al,KF Tirana,1,1–2,lu,F91 Dudelange,2,6000,Stadiumi Selman Stërmasi,César Soto,Leg 2 of 2; F91 Dudelange won,qualification,False,False,,,
Champions League,2022/23,2022,First qualifying round,,Tue,2022-07-12,21:00,me,Sutjeska Nikšić,0,0–1,bg,Ludogorets,1,1000,Stadion Kraj Bistrice,Gergő Bogár,Leg 2 of 2; Ludogorets won,qualification,False,False,,,
Champions League,2022/23,2022,First qualifying round,,Wed,2022-07-13,18:00,fo,KÍ Klaksvík,3,3–1,no,Bodø/Glimt,1,883,Við Djúpumýrar,Horațiu Fesnic,Leg 2 of 2; Bodø/Glimt won,qualification,False,False,,,
Champions League,2022/23,2022,First qualifying round,,Wed,2022-07-13,19:45,nir,Linfield FC,2,2–0,wls,The New Saints,0,2971,Windsor Park,Duje Strukan,Leg 2 of 2; Linfield FC won; Required Extra Time,qualification,True,False,,,
Champions League,2022/23,2022,First qualifying round,,Wed,2022-07-13,20:00,hu,Ferencváros,5,5–1,kz,FC Tobol,1,17347,Groupama Arena,Krzysztof Jakubik,Leg 2 of 2; Ferencváros won,qualification,False,False,,,
Champions League,2022/23,2022,First qualifying round,,Wed,2022-07-13,20:00,by,Shakhtyor,0,0–2,si,NK Maribor,2,,Sakarya Yeni Stadyumu,Enea Jorgji,Leg 2 of 2; NK Maribor won,qualification,False,False,,,
Champions League,2022/23,2022,First qualifying round,,Wed,2022-07-13,21:00,ge,Dinamo Batumi,1,1–2,sk,Slovan Bratislava,2,20022,Adjarabet Arena,António Nobre,Leg 2 of 2; Slovan Bratislava won; Required Extra Time,qualification,True,False,,,
Champions League,2022/23,2022,First qualifying round,,Wed,2022-07-13,21:30,ro,CFR Cluj,2,(3) 2–2 (4),am,Pyunik,2,7017,Stadionul Dr. Constantin Rădulescu,Michael Fabbri,Leg 2 of 2; Pyunik won; Pyunik won a penalty shoot-out following extra time,qualification,True,True,3 - 4,3,4
Champions League,2022/23,2022,Second qualifying round,,Tue,2022-07-19,19:00,lt,Žalgiris,1,1–0,se,Malmö,0,4918,Vilniaus LFF stadionas,Georgi Kabakov,Leg 1 of 2,qualification,False,False,,,
Champions League,2022/23,2022,Second qualifying round,,Tue,2022-07-19,19:45,dk,Midtjylland,1,1–1,cy,AEK Larnaca,1,7008,Hessel Arena Kunstgræs 1,Novak Simović,Leg 1 of 2,qualification,False,False,,,
Champions League,2022/23,2022,Second qualifying round,,Tue,2022-07-19,19:45,nir,Linfield FC,1,1–0,no,Bodø/Glimt,0,3168,Windsor Park,Andris Treimanis,Leg 1 of 2,qualification,False,False,,,
Champions League,2022/23,2022,Second qualifying round,,Tue,2022-07-19,20:00,am,Pyunik,0,0–1,lu,F91 Dudelange,1,9000,Vazgen Sargsyan anvan Hanrapetakan Marza...,Craig Pawson,Leg 1 of 2,qualification,False,False,,,
Champions League,2022/23,2022,Second qualifying round,,Tue,2022-07-19,20:00,az,Qarabağ,3,3–2,ch,Zürich,2,30782,Bakı Olimpiya Stadionu,Irfan Peljto,Leg 1 of 2,qualification,False,False,,,
Champions League,2022/23,2022,Second qualifying round,,Tue,2022-07-19,20:45,bg,Ludogorets,3,3–0,ie,Shamrock,0,4983,Huvepharma Arena,João Pinheiro,Leg 1 of 2,qualification,False,False,,,
Champions League,2022/23,2022,Second qualifying round,,Tue,2022-07-19,21:00,hr,Dinamo Zagreb,2,2–2,mk,FK Shkupi,2,7912,Stadion Maksimir,Radu Petrescu,Leg 1 of 2,qualification,False,False,,,
Champions League,2022/23,2022,Second qualifying round,,Wed,2022-07-20,19:00,fi,HJK Helsinki,1,1–2,cz,Viktoria Plzeň,2,5236,Helsingin olympiastadion,Nikola Dabanović,Leg 1 of 2,qualification,False,False,,,
Champions League,2022/23,2022,Second qualifying round,,Wed,2022-07-20,20:00,il,Maccabi Haifa,1,1–1,gr,Olympiacos,1,29654,Sammy Ofer Stadium,Sascha Stegemann,Leg 1 of 2,qualification,False,False,,,
Champions League,2022/23,2022,Second qualifying round,,Wed,2022-07-20,20:00,hu,Ferencváros,1,1–2,sk,Slovan Bratislava,2,20459,Szusza Ferenc Stadion,Ricardo de Burgos,Leg 1 of 2,qualification,False,False,,,
Champions League,2022/23,2022,Second qualifying round,,Wed,2022-07-20,20:15,si,NK Maribor,0,0–0,md,Sheriff Tiraspol,0,7150,Ljudski vrt,Harald Lechner,Leg 1 of 2,qualification,False,False,,,
Champions League,2022/23,2022,Second qualifying round,,Wed,2022-07-20,21:00,ua,Dynamo Kyiv,0,0–0,tr,Fenerbahçe,0,11603,Stadion Miejski Widzewa Łódź,Glenn Nyberg,Leg 1 of 2,qualification,False,False,,,
Champions League,2022/23,2022,Second qualifying round,,Tue,2022-07-26,18:30,cy,AEK Larnaca,1,(3) 1–1 (4),dk,Midtjylland,1,6163,AEK Arena - George Karapatakis,István Vad,Leg 2 of 2; Midtjylland won; Midtjylland won a penalty shoot-out following extra time,qualification,True,True,3 - 4,3,4
Champions League,2022/23,2022,Second qualifying round,,Tue,2022-07-26,19:00,cz,Viktoria Plzeň,5,5–0,fi,HJK Helsinki,0,10810,Doosan Arena,Aleksandar Stavrev,Leg 2 of 2; Viktoria Plzeň won,qualification,False,False,,,
Champions League,2022/23,2022,Second qualifying round,,Tue,2022-07-26,19:30,lu,F91 Dudelange,1,1–4,am,Pyunik,4,1495,Stade Jos Nosbaum,José Luis Munuera,Leg 2 of 2; Pyunik won,qualification,False,False,,,
Champions League,2022/23,2022,Second qualifying round,,Tue,2022-07-26,20:00,ie,Shamrock,2,2–1,bg,Ludogorets,1,6322,Tallaght Stadium,Fabio Maresca,Leg 2 of 2; Ludogorets won,qualification,False,False,,,
Champions League,2022/23,2022,Second qualifying round,,Tue,2022-07-26,20:00,md,Sheriff Tiraspol,1,1–0,si,NK Maribor,0,6738,Stadionul Zimbru,Tamás Bognár,Leg 2 of 2; Sheriff Tiraspol won,qualification,False,False,,,
Champions League,2022/23,2022,Second qualifying round,,Tue,2022-07-26,21:00,mk,FK Shkupi,0,0–1,hr,Dinamo Zagreb,1,12500,Nationala Arena Toše Proeski,Jakob Kehlet,Leg 2 of 2; Dinamo Zagreb won,qualification,False,False,,,
Champions League,2022/23,2022,Second qualifying round,,Wed,2022-07-27,18:00,no,Bodø/Glimt,8,8–0,nir,Linfield FC,0,5110,Aspmyra Stadion,Roi Reinshreiber,Leg 2 of 2; Bodø/Glimt won,qualification,False,False,,,
Champions League,2022/23,2022,Second qualifying round,,Wed,2022-07-27,19:00,ch,Zürich,2,2–2,az,Qarabağ,2,10237,Stadion Letzigrund,Allard Lindhout,Leg 2 of 2; Qarabağ won; Required Extra Time,qualification,True,False,,,
Champions League,2022/23,2022,Second qualifying round,,Wed,2022-07-27,19:00,se,Malmö,0,0–2,lt,Žalgiris,2,17234,Malmö Stadion,Kristo Tohver,Leg 2 of 2; Žalgiris won,qualification,False,False,,,
Champions League,2022/23,2022,Second qualifying round,,Wed,2022-07-27,20:00,tr,Fenerbahçe,1,1–2,ua,Dynamo Kyiv,2,40000,Ülker Stadyumu Fenerbahçe Şükrü Saracoğl...,Massimiliano Irrati,Leg 2 of 2; Dynamo Kyiv won; Required Extra Time,qualification,True,False,,,
Champions League,2022/23,2022,Second qualifying round,,Wed,2022-07-27,20:30,sk,Slovan Bratislava,1,1–4,hu,Ferencváros,4,21500,Štadión Tehelné pole,Marco Di Bello,Leg 2 of 2; Ferencváros won,qualification,False,False,,,
Champions League,2022/23,2022,Second qualifying round,,Wed,2022-07-27,22:00,gr,Olympiacos,0,0–4,il,Maccabi Haifa,4,21705,Stadio Georgios Karaiskáki,Daniel Stefański,Leg 2 of 2; Maccabi Haifa won,qualification,False,False,,,
Champions League,2022/23,2022,Third qualifying round,,Tue,2022-08-02,20:00,pt,Benfica,4,4–1,dk,Midtjylland,1,53346,Estádio do Sport Lisboa e Benfica,Alejandro Hernández,Leg 1 of 2,qualification,False,False,,,
Champions League,2022/23,2022,Third qualifying round,,Tue,2022-08-02,20:00,md,Sheriff Tiraspol,1,1–2,cz,Viktoria Plzeň,2,8153,Stadionul Zimbru,Danny Makkelie,Leg 1 of 2,qualification,False,False,,,
Champions League,2022/23,2022,Third qualifying round,,Tue,2022-08-02,20:00,fr,Monaco,1,1–1,nl,PSV,1,10802,Stade Louis II,Davide Massa,Leg 1 of 2,qualification,False,False,,,
Champions League,2022/23,2022,Third qualifying round,,Tue,2022-08-02,20:45,bg,Ludogorets,1,1–2,hr,Dinamo Zagreb,2,7505,Huvepharma Arena,Cüneyt Çakιr,Leg 1 of 2,qualification,False,False,,,
Champions League,2022/23,2022,Third qualifying round,,Tue,2022-08-02,20:45,be,Union SG,2,2–0,sct,Rangers,0,1100,King Power at Den Dreef Stadion,Irfan Peljto,Leg 1 of 2,qualification,False,False,,,
Champions League,2022/23,2022,Third qualifying round,,Wed,2022-08-03,18:00,no,Bodø/Glimt,5,5–0,lt,Žalgiris,0,6117,Aspmyra Stadion,István Vad,Leg 1 of 2,qualification,False,False,,,
Champions League,2022/23,2022,Third qualifying round,,Wed,2022-08-03,20:00,il,Maccabi Haifa,4,4–0,cy,Apollon Limassol,0,30000,Sammy Ofer Stadium,Maurizio Mariani,Leg 1 of 2,qualification,False,False,,,
Champions League,2022/23,2022,Third qualifying round,,Wed,2022-08-03,20:00,az,Qarabağ,1,1–1,hu,Ferencváros,1,31200,Tofiq Bəhramov adına Respublika stadionu,Andreas Ekberg,Leg 1 of 2,qualification,False,False,,,
Champions League,2022/23,2022,Third qualifying round,,Wed,2022-08-03,20:45,rs,Red Star,5,5–0,am,Pyunik,0,40456,Stadion Rajko Mitić,Artur Dias,Leg 1 of 2,qualification,False,False,,,
Champions League,2022/23,2022,Third qualifying round,,Wed,2022-08-03,21:00,ua,Dynamo Kyiv,1,1–0,at,Sturm Graz,0,6092,Stadion Miejski im. Władysława Króla,François Letexier,Leg 1 of 2,qualification,False,False,,,
Champions League,2022/23,2022,Third qualifying round,,Tue,2022-08-09,19:00,cz,Viktoria Plzeň,2,2–1,md,Sheriff Tiraspol,1,10770,Doosan Arena,Orel Grinfeeld,Leg 2 of 2; Viktoria Plzeň won,qualification,False,False,,,
Champions League,2022/23,2022,Third qualifying round,,Tue,2022-08-09,19:00,lt,Žalgiris,1,1–1,no,Bodø/Glimt,1,4629,Vilniaus LFF stadionas,Sandro Schärer,Leg 2 of 2; Bodø/Glimt won,qualification,False,False,,,
Champions League,2022/23,2022,Third qualifying round,,Tue,2022-08-09,19:45,dk,Midtjylland,1,1–3,pt,Benfica,3,5111,Cepheus Park Randers,Srđan Jovanović,Leg 2 of 2; Benfica won,qualification,False,False,,,
Champions League,2022/23,2022,Third qualifying round,,Tue,2022-08-09,19:45,sct,Rangers,3,3–0,be,Union SG,0,48454,Ibrox Stadium,Anastasios Sidiropoulos,Leg 2 of 2; Rangers won,qualification,False,False,,,
Champions League,2022/23,2022,Third qualifying round,,Tue,2022-08-09,20:00,hu,Ferencváros,1,1–3,az,Qarabağ,3,18875,Szusza Ferenc Stadion,Carlos del Cerro,Leg 2 of 2; Qarabağ won,qualification,False,False,,,
Champions League,2022/23,2022,Third qualifying round,,Tue,2022-08-09,20:00,cy,Apollon Limassol,2,2–0,il,Maccabi Haifa,0,3936,Neo GSP,Felix Zwayer,Leg 2 of 2; Maccabi Haifa won,qualification,False,False,,,
Champions League,2022/23,2022,Third qualifying round,,Tue,2022-08-09,20:00,hr,Dinamo Zagreb,4,4–2,bg,Ludogorets,2,13658,Stadion Maksimir,Benoît Bastien,Leg 2 of 2; Dinamo Zagreb won,qualification,False,False,,,
Champions League,2022/23,2022,Third qualifying round,,Tue,2022-08-09,20:30,nl,PSV,3,3–2,fr,Monaco,2,35000,Philips Stadion,Jesús Gil,Leg 2 of 2; PSV won; Required Extra Time,qualification,True,False,,,
Champions League,2022/23,2022,Third qualifying round,,Tue,2022-08-09,20:30,at,Sturm Graz,1,1–2,ua,Dynamo Kyiv,2,14007,Merkur Arena,Ivan Kružliak,Leg 2 of 2; Dynamo Kyiv won; Required Extra Time,qualification,True,False,,,
Champions League,2022/23,2022,Third qualifying round,,Tue,2022-08-09,21:00,am,Pyunik,0,0–2,rs,Red Star,2,6000,Vazgen Sargsyan anvan Hanrapetakan Marza...,William Collum,Leg 2 of 2; Red Star won,qualification,False,False,,,
Champions League,2022/23,2022,Play-off round,,Tue,2022-08-16,20:00,sct,Rangers,2,2–2,nl,PSV,2,49097,Ibrox Stadium,Daniele Orsato,Leg 1 of 2,qualification,False,False,,,
Champions League,2022/23,2022,Play-off round,,Tue,2022-08-16,21:00,no,Bodø/Glimt,1,1–0,hr,Dinamo Zagreb,0,7762,Aspmyra Stadion,Danny Makkelie,Leg 1 of 2,qualification,False,False,,,
Champions League,2022/23,2022,Play-off round,,Tue,2022-08-16,21:00,dk,FC Copenhagen,2,2–1,tr,Trabzonspor,1,27520,Parken,Michael Oliver,Leg 1 of 2,qualification,False,False,,,
Champions League,2022/23,2022,Play-off round,,Wed,2022-08-17,20:45,az,Qarabağ,0,0–0,cz,Viktoria Plzeň,0,31150,Tofiq Bəhramov adına Respublika stadionu,Slavko Vinčič,Leg 1 of 2,qualification,False,False,,,
Champions League,2022/23,2022,Play-off round,,Wed,2022-08-17,21:00,ua,Dynamo Kyiv,0,0–2,pt,Benfica,2,16450,Stadion Miejski im. Władysława Króla,Felix Zwayer,Leg 1 of 2,qualification,False,False,,,
Champions League,2022/23,2022,Play-off round,,Wed,2022-08-17,22:00,il,Maccabi Haifa,3,3–2,rs,Red Star,2,29132,Sammy Ofer Stadium,Carlos del Cerro,Leg 1 of 2,qualification,False,False,,,
Champions League,2022/23,2022,Play-off round,,Tue,2022-08-23,20:00,pt,Benfica,3,3–0,ua,Dynamo Kyiv,0,58705,Estádio do Sport Lisboa e Benfica,Clément Turpin,Leg 2 of 2; Benfica won,qualification,False,False,,,
Champions League,2022/23,2022,Play-off round,,Tue,2022-08-23,21:00,rs,Red Star,2,2–2,il,Maccabi Haifa,2,47731,Stadion Rajko Mitić,Anthony Taylor,Leg 2 of 2; Maccabi Haifa won,qualification,False,False,,,
Champions League,2022/23,2022,Play-off round,,Tue,2022-08-23,21:00,cz,Viktoria Plzeň,2,2–1,az,Qarabağ,1,10963,Doosan Arena,Artur Dias,Leg 2 of 2; Viktoria Plzeň won,qualification,False,False,,,
Champions League,2022/23,2022,Play-off round,,Wed,2022-08-24,21:00,hr,Dinamo Zagreb,4,4–1,no,Bodø/Glimt,1,18349,Stadion Maksimir,Antonio Matéu,Leg 2 of 2; Dinamo Zagreb won; Required Extra Time,qualification,True,False,,,
Champions League,2022/23,2022,Play-off round,,Wed,2022-08-24,21:00,nl,PSV,0,0–1,sct,Rangers,1,34893,Philips Stadion,Szymon Marciniak,Leg 2 of 2; Rangers won,qualification,False,False,,,
Champions League,2022/23,2022,Play-off round,,Wed,2022-08-24,22:00,tr,Trabzonspor,0,0–0,dk,FC Copenhagen,0,36128,Şenol Güneş Stadyumu,Danny Makkelie,Leg 2 of 2; FC Copenhagen won,qualification,False,False,,,
Champions League,2023/24,2023,Group stage,1,Tue,2023-09-19,18:45,it,Milan,0,0–0,eng,Newcastle,0,65695,Stadio Giuseppe Meazza,José Sánchez,,main stage,,,,,
Champions League,2023/24,2023,Group stage,1,Tue,2023-09-19,18:45,ch,Young Boys,1,1–3,de,RB Leipzig,3,31500,Stadion Wankdorf,Enea Jorgji,,main stage,,,,,
Champions League,2023/24,2023,Group stage,1,Tue,2023-09-19,20:00,eng,Manchester City,3,3–1,rs,Red Star,1,50204,Etihad Stadium,João Pinheiro,,main stage,,,,,
Champions League,2023/24,2023,Group stage,1,Tue,2023-09-19,21:00,fr,PSG,2,2–0,de,Dortmund,0,47379,Parc des Princes,Jesús Gil,,main stage,,,,,
Champions League,2023/24,2023,Group stage,1,Tue,2023-09-19,21:00,it,Lazio,1,1–1,es,Atlético Madrid,1,46168,Stadio Olimpico,Slavko Vinčič,,main stage,,,,,
Champions League,2023/24,2023,Group stage,1,Tue,2023-09-19,21:00,nl,Feyenoord,2,2–0,sct,Celtic,0,44008,Stadion Feijenoord,Irfan Peljto,,main stage,,,,,
Champions League,2023/24,2023,Group stage,1,Tue,2023-09-19,21:00,es,Barcelona,5,5–0,be,Antwerp,0,40989,Estadi Olímpic Lluís Companys,Radu Petrescu,,main stage,,,,,
Champions League,2023/24,2023,Group stage,1,Tue,2023-09-19,22:00,ua,Shakhtar D.,1,1–3,pt,Porto,3,46729,Volksparkstadion,Davide Massa,,main stage,,,,,
Champions League,2023/24,2023,Group stage,1,Wed,2023-09-20,18:45,es,Real Madrid,1,1–0,de,Union Berlin,0,65207,Estadio Santiago Bernabéu,Espen Eskås,,main stage,,,,,
Champions League,2023/24,2023,Group stage,1,Wed,2023-09-20,19:45,tr,Galatasaray,2,2–2,dk,FC Copenhagen,2,46911,RAMS Park,Georgi Kabakov,,main stage,,,,,
Champions League,2023/24,2023,Group stage,1,Wed,2023-09-20,20:00,pt,Braga,1,1–2,it,Napoli,2,18422,Estádio Municipal de Braga,Serdar Gözübüyük,,main stage,,,,,
Champions League,2023/24,2023,Group stage,1,Wed,2023-09-20,20:00,eng,Arsenal,4,4–0,nl,PSV,0,58860,Emirates Stadium,Felix Zwayer,,main stage,,,,,
Champions League,2023/24,2023,Group stage,1,Wed,2023-09-20,20:00,pt,Benfica,0,0–2,at,RB Salzburg,2,60917,Estádio do Sport Lisboa e Benfica,Halil Umut Meler,,main stage,,,,,
Champions League,2023/24,2023,Group stage,1,Wed,2023-09-20,21:00,es,Sevilla,1,1–1,fr,Lens,1,33544,Estadio Ramón Sánchez Pizjuán,Tobias Stieler,,main stage,,,,,
Champions League,2023/24,2023,Group stage,1,Wed,2023-09-20,21:00,de,Bayern Munich,4,4–3,eng,Manchester Utd,3,75000,Trainingsgelände Allianz Arena,Glenn Nyberg,,main stage,,,,,
Champions League,2023/24,2023,Group stage,1,Wed,2023-09-20,21:00,es,Real Sociedad,1,1–1,it,Inter,1,36591,Reale Arena,Michael Oliver,,main stage,,,,,
Champions League,2023/24,2023,Group stage,2,Tue,2023-10-03,18:45,at,RB Salzburg,0,0–2,es,Real Sociedad,2,28227,Red Bull Arena,Bartosz Frankowski,,main stage,,,,,
Champions League,2023/24,2023,Group stage,2,Tue,2023-10-03,18:45,de,Union Berlin,2,2–3,pt,Braga,3,73445,Olympiastadion Berlin,Srđan Jovanović,,main stage,,,,,
Champions League,2023/24,2023,Group stage,2,Tue,2023-10-03,20:00,eng,Manchester Utd,2,2–3,tr,Galatasaray,3,73204,Old Trafford,Ivan Kružliak,,main stage,,,,,
Champions League,2023/24,2023,Group stage,2,Tue,2023-10-03,21:00,nl,PSV,2,2–2,es,Sevilla,2,34206,Philips Stadion,Daniele Orsato,,main stage,,,,,
Champions League,2023/24,2023,Group stage,2,Tue,2023-10-03,21:00,it,Inter,1,1–0,pt,Benfica,0,66573,Stadio Giuseppe Meazza,Danny Makkelie,,main stage,,,,,
Champions League,2023/24,2023,Group stage,2,Tue,2023-10-03,21:00,dk,FC Copenhagen,1,1–2,de,Bayern Munich,2,35690,Parken,Orel Grinfeeld,,main stage,,,,,
Champions League,2023/24,2023,Group stage,2,Tue,2023-10-03,21:00,it,Napoli,2,2–3,es,Real Madrid,3,51649,Stadio Diego Armando Maradona,Clément Turpin,,main stage,,,,,
Champions League,2023/24,2023,Group stage,2,Tue,2023-10-03,21:00,fr,Lens,2,2–1,eng,Arsenal,1,37040,Stade Bollaert-Delelis,Marco Guida,,main stage,,,,,
Champions League,2023/24,2023,Group stage,2,Wed,2023-10-04,18:45,es,Atlético Madrid,3,3–2,nl,Feyenoord,2,61742,Estadio Cívitas Metropolitano,François Letexier,,main stage,,,,,
Champions League,2023/24,2023,Group stage,2,Wed,2023-10-04,18:45,be,Antwerp,2,2–3,ua,Shakhtar D.,3,13509,Bosuilstadion,Rade Obrenović,,main stage,,,,,
Champions League,2023/24,2023,Group stage,2,Wed,2023-10-04,20:00,eng,Newcastle,4,4–1,fr,PSG,1,52009,St James' Park,István Kovács,,main stage,,,,,
Champions League,2023/24,2023,Group stage,2,Wed,2023-10-04,20:00,pt,Porto,0,0–1,es,Barcelona,1,49722,Estádio Do Dragão,Anthony Taylor,,main stage,,,,,
Champions League,2023/24,2023,Group stage,2,Wed,2023-10-04,20:00,sct,Celtic,1,1–2,it,Lazio,2,56063,Celtic Park,Donatas Rumšas,,main stage,,,,,
Champions League,2023/24,2023,Group stage,2,Wed,2023-10-04,21:00,de,RB Leipzig,1,1–3,eng,Manchester City,3,45228,Red Bull Arena,Artur Soares Dias,,main stage,,,,,
Champions League,2023/24,2023,Group stage,2,Wed,2023-10-04,21:00,de,Dortmund,0,0–0,it,Milan,0,81365,Signal Iduna Park,Szymon Marciniak,,main stage,,,,,
Champions League,2023/24,2023,Group stage,2,Wed,2023-10-04,21:00,rs,Red Star,2,2–2,ch,Young Boys,2,47201,Stadion Rajko Mitić,William Collum,,main stage,,,,,
Champions League,2023/24,2023,Group stage,3,Tue,2023-10-24,18:45,it,Inter,2,2–1,at,RB Salzburg,1,71825,Stadio Giuseppe Meazza,François Letexier,,main stage,,,,,
Champions League,2023/24,2023,Group stage,3,Tue,2023-10-24,19:45,tr,Galatasaray,1,1–3,de,Bayern Munich,3,51776,RAMS Park,Davide Massa,,main stage,,,,,
Champions League,2023/24,2023,Group stage,3,Tue,2023-10-24,20:00,eng,Manchester Utd,1,1–0,dk,FC Copenhagen,0,73249,Old Trafford,Marco Guida,,main stage,,,,,
Champions League,2023/24,2023,Group stage,3,Tue,2023-10-24,20:00,pt,Benfica,0,0–1,es,Real Sociedad,1,56002,Estádio do Sport Lisboa e Benfica,Clément Turpin,,main stage,,,,,
Champions League,2023/24,2023,Group stage,3,Tue,2023-10-24,20:00,pt,Braga,1,1–2,es,Real Madrid,2,29820,Estádio Municipal de Braga,Michael Oliver,,main stage,,,,,
Champions League,2023/24,2023,Group stage,3,Tue,2023-10-24,21:00,es,Sevilla,1,1–2,eng,Arsenal,2,39595,Estadio Ramón Sánchez Pizjuán,Glenn Nyberg,,main stage,,,,,
Champions League,2023/24,2023,Group stage,3,Tue,2023-10-24,21:00,fr,Lens,1,1–1,nl,PSV,1,38133,Stade Bollaert-Delelis,Radu Petrescu,,main stage,,,,,
Champions League,2023/24,2023,Group stage,3,Tue,2023-10-24,21:00,de,Union Berlin,0,0–1,it,Napoli,1,72062,Olympiastadion Berlin,Irfan Peljto,,main stage,,,,,
Champions League,2023/24,2023,Group stage,3,Wed,2023-10-25,18:45,es,Barcelona,2,2–1,ua,Shakhtar D.,1,41409,Estadi Olímpic Lluís Companys,Ivan Kružliak,,main stage,,,,,
Champions League,2023/24,2023,Group stage,3,Wed,2023-10-25,18:45,nl,Feyenoord,3,3–1,it,Lazio,1,44031,Stadion Feijenoord,Tobias Stieler,,main stage,,,,,
Champions League,2023/24,2023,Group stage,3,Wed,2023-10-25,20:00,sct,Celtic,2,2–2,es,Atlético Madrid,2,55844,Celtic Park,Felix Zwayer,,main stage,,,,,
Champions League,2023/24,2023,Group stage,3,Wed,2023-10-25,20:00,eng,Newcastle,0,0–1,de,Dortmund,1,52024,St James' Park,Artur Soares Dias,,main stage,,,,,
Champions League,2023/24,2023,Group stage,3,Wed,2023-10-25,21:00,be,Antwerp,1,1–4,pt,Porto,4,13651,Bosuilstadion,Benoît Bastien,,main stage,,,,,
Champions League,2023/24,2023,Group stage,3,Wed,2023-10-25,21:00,ch,Young Boys,1,1–3,eng,Manchester City,3,31500,Stadion Wankdorf,Morten Krogh,,main stage,,,,,
Champions League,2023/24,2023,Group stage,3,Wed,2023-10-25,21:00,fr,PSG,3,3–0,it,Milan,0,45962,Parc des Princes,Slavko Vinčič,,main stage,,,,,
Champions League,2023/24,2023,Group stage,3,Wed,2023-10-25,21:00,de,RB Leipzig,3,3–1,rs,Red Star,1,42209,Red Bull Arena,José Sánchez,,main stage,,,,,
Champions League,2023/24,2023,Group stage,4,Tue,2023-11-07,18:45,de,Dortmund,2,2–0,eng,Newcastle,0,81365,Signal Iduna Park,Alejandro Hernández,,main stage,,,,,
Champions League,2023/24,2023,Group stage,4,Tue,2023-11-07,19:45,ua,Shakhtar D.,1,1–0,es,Barcelona,0,49147,Volksparkstadion,Irfan Peljto,,main stage,,,,,
Champions League,2023/24,2023,Group stage,4,Tue,2023-11-07,20:00,eng,Manchester City,3,3–0,ch,Young Boys,0,51049,Etihad Stadium,Erik Lambrechts,,main stage,,,,,
Champions League,2023/24,2023,Group stage,4,Tue,2023-11-07,20:00,pt,Porto,2,2–0,be,Antwerp,0,44830,Estádio Do Dragão,Maurizio Mariani,,main stage,,,,,
Champions League,2023/24,2023,Group stage,4,Tue,2023-11-07,21:00,rs,Red Star,1,1–2,de,RB Leipzig,2,41961,Stadion Rajko Mitić,Daniele Orsato,,main stage,,,,,
Champions League,2023/24,2023,Group stage,4,Tue,2023-11-07,21:00,it,Milan,2,2–1,fr,PSG,1,75649,Stadio Giuseppe Meazza,Jesús Gil,,main stage,,,,,
Champions League,2023/24,2023,Group stage,4,Tue,2023-11-07,21:00,es,Atlético Madrid,6,6–0,sct,Celtic,0,60863,Estadio Cívitas Metropolitano,Ivan Kružliak,,main stage,,,,,
Champions League,2023/24,2023,Group stage,4,Tue,2023-11-07,21:00,it,Lazio,1,1–0,nl,Feyenoord,0,36612,Stadio Olimpico,Szymon Marciniak,,main stage,,,,,
Champions League,2023/24,2023,Group stage,4,Wed,2023-11-08,18:45,es,Real Sociedad,3,3–1,pt,Benfica,1,36815,Reale Arena,Anthony Taylor,,main stage,,,,,
Champions League,2023/24,2023,Group stage,4,Wed,2023-11-08,18:45,it,Napoli,1,1–1,de,Union Berlin,1,42449,Stadio Diego Armando Maradona,Danny Makkelie,,main stage,,,,,
Champions League,2023/24,2023,Group stage,4,Wed,2023-11-08,20:00,eng,Arsenal,2,2–0,es,Sevilla,0,60024,Arsenal Stadium,István Kovács,,main stage,,,,,
Champions League,2023/24,2023,Group stage,4,Wed,2023-11-08,21:00,nl,PSV,1,1–0,fr,Lens,0,34200,Philips Stadion,Daniel Siebert,,main stage,,,,,
Champions League,2023/24,2023,Group stage,4,Wed,2023-11-08,21:00,at,RB Salzburg,0,0–1,it,Inter,1,30071,Red Bull Arena,Serdar Gözübüyük,,main stage,,,,,
Champions League,2023/24,2023,Group stage,4,Wed,2023-11-08,21:00,dk,FC Copenhagen,4,4–3,eng,Manchester Utd,3,36099,Parken,Donatas Rumšas,,main stage,,,,,
Champions League,2023/24,2023,Group stage,4,Wed,2023-11-08,21:00,de,Bayern Munich,2,2–1,tr,Galatasaray,1,75000,Allianz Arena,António Nobre,,main stage,,,,,
Champions League,2023/24,2023,Group stage,4,Wed,2023-11-08,21:00,es,Real Madrid,3,3–0,pt,Braga,0,68509,Estadio Santiago Bernabéu,Halil Umut Meler,,main stage,,,,,
Champions League,2023/24,2023,Group stage,5,Tue,2023-11-28,18:45,it,Lazio,2,2–0,sct,Celtic,0,50555,Stadio Olimpico,Halil Umut Meler,,main stage,,,,,
Champions League,2023/24,2023,Group stage,5,Tue,2023-11-28,19:45,ua,Shakhtar D.,1,1–0,be,Antwerp,0,47209,Volksparkstadion (1953),Bartosz Frankowski,,main stage,,,,,
Champions League,2023/24,2023,Group stage,5,Tue,2023-11-28,20:00,eng,Manchester City,3,3–2,de,RB Leipzig,2,51402,Etihad Stadium,Glenn Nyberg,,main stage,,,,,
Champions League,2023/24,2023,Group stage,5,Tue,2023-11-28,21:00,it,Milan,1,1–3,de,Dortmund,3,75292,Stadio Giuseppe Meazza,István Kovács,,main stage,,,,,
Champions League,2023/24,2023,Group stage,5,Tue,2023-11-28,21:00,fr,PSG,1,1–1,eng,Newcastle,1,46435,Parc des Princes,Szymon Marciniak,,main stage,,,,,
Champions League,2023/24,2023,Group stage,5,Tue,2023-11-28,21:00,nl,Feyenoord,1,1–3,es,Atlético Madrid,3,43992,Stadion Feijenoord,Anthony Taylor,,main stage,,,,,
Champions League,2023/24,2023,Group stage,5,Tue,2023-11-28,21:00,ch,Young Boys,2,2–0,rs,Red Star,0,31500,Stadion Wankdorf,Danny Makkelie,,main stage,,,,,
Champions League,2023/24,2023,Group stage,5,Tue,2023-11-28,21:00,es,Barcelona,2,2–1,pt,Porto,1,43533,Estadi Olímpic Lluís Companys,Daniele Orsato,,main stage,,,,,
Champions League,2023/24,2023,Group stage,5,Wed,2023-11-29,18:45,es,Sevilla,2,2–3,nl,PSV,3,29403,Estadio Ramón Sánchez Pizjuán,Davide Massa,,main stage,,,,,
Champions League,2023/24,2023,Group stage,5,Wed,2023-11-29,20:00,pt,Benfica,3,3–3,it,Inter,3,52944,Estádio do Sport Lisboa e Benfica,Andris Treimanis,,main stage,,,,,
Champions League,2023/24,2023,Group stage,5,Wed,2023-11-29,20:00,pt,Braga,1,1–1,de,Union Berlin,1,15855,Estádio Municipal de Braga,Clément Turpin,,main stage,,,,,
Champions League,2023/24,2023,Group stage,5,Wed,2023-11-29,20:00,eng,Arsenal,6,6–0,fr,Lens,0,59987,Emirates Stadium,Artur Soares Dias,,main stage,,,,,
Champions League,2023/24,2023,Group stage,5,Wed,2023-11-29,20:45,tr,Galatasaray,3,3–3,eng,Manchester Utd,3,51733,RAMS Park,José Sánchez,,main stage,,,,,
Champions League,2023/24,2023,Group stage,5,Wed,2023-11-29,21:00,de,Bayern Munich,0,0–0,dk,FC Copenhagen,0,75000,Allianz Arena,Stéphanie Frappart,,main stage,,,,,
Champions League,2023/24,2023,Group stage,5,Wed,2023-11-29,21:00,es,Real Madrid,4,4–2,it,Napoli,2,73562,Estadio Santiago Bernabéu,François Letexier,,main stage,,,,,
Champions League,2023/24,2023,Group stage,5,Wed,2023-11-29,21:00,es,Real Sociedad,0,0–0,at,RB Salzburg,0,34419,Reale Arena,Mykola Balakin,,main stage,,,,,
Champions League,2023/24,2023,Group stage,6,Tue,2023-12-12,18:45,fr,Lens,2,2–1,es,Sevilla,1,37456,Stade Bollaert-Delelis,Felix Zwayer,,main stage,,,,,
Champions League,2023/24,2023,Group stage,6,Tue,2023-12-12,18:45,nl,PSV,1,1–1,eng,Arsenal,1,35000,Philips Stadion,Tobias Stieler,,main stage,,,,,
Champions League,2023/24,2023,Group stage,6,Tue,2023-12-12,20:00,eng,Manchester Utd,0,0–1,de,Bayern Munich,1,73073,Old Trafford,Espen Eskås,,main stage,,,,,
Champions League,2023/24,2023,Group stage,6,Tue,2023-12-12,21:00,dk,FC Copenhagen,1,1–0,tr,Galatasaray,0,34726,Fælledparken Kunst,Daniele Orsato,,main stage,,,,,
Champions League,2023/24,2023,Group stage,6,Tue,2023-12-12,21:00,it,Inter,0,0–0,es,Real Sociedad,0,69010,Stadio Giuseppe Meazza,Sandro Schärer,,main stage,,,,,
Champions League,2023/24,2023,Group stage,6,Tue,2023-12-12,21:00,at,RB Salzburg,1,1–3,pt,Benfica,3,27134,Red Bull Arena,Daniel Siebert,,main stage,,,,,
Champions League,2023/24,2023,Group stage,6,Tue,2023-12-12,21:00,de,Union Berlin,2,2–3,es,Real Madrid,3,73420,Olympiastadion Berlin,Rade Obrenović,,main stage,,,,,
Champions League,2023/24,2023,Group stage,6,Tue,2023-12-12,21:00,it,Napoli,2,2–0,pt,Braga,0,37841,Stadio Diego Armando Maradona,Slavko Vinčič,,main stage,,,,,
Champions League,2023/24,2023,Group stage,6,Wed,2023-12-13,18:45,de,RB Leipzig,2,2–1,ch,Young Boys,1,43331,Red Bull Arena,Manfredas Lukjančukas,,main stage,,,,,
Champions League,2023/24,2023,Group stage,6,Wed,2023-12-13,18:45,rs,Red Star,2,2–3,eng,Manchester City,3,49443,Stadion Rajko Mitić,Əliyar Ağayev,,main stage,,,,,
Champions League,2023/24,2023,Group stage,6,Wed,2023-12-13,20:00,eng,Newcastle,1,1–2,it,Milan,2,52037,St James' Park,Danny Makkelie,,main stage,,,,,
Champions League,2023/24,2023,Group stage,6,Wed,2023-12-13,20:00,pt,Porto,5,5–3,ua,Shakhtar D.,3,48113,Estádio Do Dragão,István Kovács,,main stage,,,,,
Champions League,2023/24,2023,Group stage,6,Wed,2023-12-13,20:00,sct,Celtic,2,2–1,nl,Feyenoord,1,56391,Celtic Park,Benoît Bastien,,main stage,,,,,
Champions League,2023/24,2023,Group stage,6,Wed,2023-12-13,21:00,be,Antwerp,3,3–2,es,Barcelona,2,13550,Bosuilstadion,Marco Guida,,main stage,,,,,
Champions League,2023/24,2023,Group stage,6,Wed,2023-12-13,21:00,de,Dortmund,1,1–1,fr,PSG,1,81365,Signal Iduna Park,Glenn Nyberg,,main stage,,,,,
Champions League,2023/24,2023,Group stage,6,Wed,2023-12-13,21:00,es,Atlético Madrid,2,2–0,it,Lazio,0,63574,Stadium Metropolitano,Serdar Gözübüyük,,main stage,,,,,
Champions League,2023/24,2023,Round of 16,,Tue,2024-02-13,21:00,de,RB Leipzig,0,0–1,es,Real Madrid,1,45028,Red Bull Arena,Irfan Peljto,Leg 1 of 2,main stage,False,False,,,
Champions League,2023/24,2023,Round of 16,,Tue,2024-02-13,21:00,dk,FC Copenhagen,1,1–3,eng,Manchester City,3,35853,Parken,José Sánchez,Leg 1 of 2,main stage,False,False,,,
Champions League,2023/24,2023,Round of 16,,Wed,2024-02-14,21:00,it,Lazio,1,1–0,de,Bayern Munich,0,57470,Stadio Olimpico,François Letexier,Leg 1 of 2,main stage,False,False,,,
Champions League,2023/24,2023,Round of 16,,Wed,2024-02-14,21:00,fr,PSG,2,2–0,es,Real Sociedad,0,46435,Parc des Princes,Marco Guida,Leg 1 of 2,main stage,False,False,,,
Champions League,2023/24,2023,Round of 16,,Tue,2024-02-20,21:00,nl,PSV,1,1–1,de,Dortmund,1,34950,Philips Stadion,Srđan Jovanović,Leg 1 of 2,main stage,False,False,,,
Champions League,2023/24,2023,Round of 16,,Tue,2024-02-20,21:00,it,Inter,1,1–0,es,Atlético Madrid,0,73709,Stadio Giuseppe Meazza,István Kovács,Leg 1 of 2,main stage,False,False,,,
Champions League,2023/24,2023,Round of 16,,Wed,2024-02-21,20:00,pt,Porto,1,1–0,eng,Arsenal,0,49111,Estádio Do Dragão,Serdar Gözübüyük,Leg 1 of 2,main stage,False,False,,,
Champions League,2023/24,2023,Round of 16,,Wed,2024-02-21,21:00,it,Napoli,1,1–1,es,Barcelona,1,49529,Stadio Diego Armando Maradona,Felix Zwayer,Leg 1 of 2,main stage,False,False,,,
Champions League,2023/24,2023,Round of 16,,Tue,2024-03-05,21:00,de,Bayern Munich,3,3–0,it,Lazio,0,75000,Allianz Arena,Slavko Vinčič,Leg 2 of 2; Bayern Munich won,main stage,False,False,,,
Champions League,2023/24,2023,Round of 16,,Tue,2024-03-05,21:00,es,Real Sociedad,1,1–2,fr,PSG,2,39336,Reale Arena,Michael Oliver,Leg 2 of 2; PSG won,main stage,False,False,,,
Champions League,2023/24,2023,Round of 16,,Wed,2024-03-06,20:00,eng,Manchester City,3,3–1,dk,FC Copenhagen,1,51531,Etihad Stadium,Espen Eskås,Leg 2 of 2; Manchester City won,main stage,False,False,,,
Champions League,2023/24,2023,Round of 16,,Wed,2024-03-06,21:00,es,Real Madrid,1,1–1,de,RB Leipzig,1,76126,Estadio Santiago Bernabéu,Davide Massa,Leg 2 of 2; Real Madrid won,main stage,False,False,,,
Champions League,2023/24,2023,Round of 16,,Tue,2024-03-12,20:00,eng,Arsenal,1,(4) 1–0 (2),pt,Porto,0,60257,Emirates Stadium,Clément Turpin,Leg 2 of 2; Arsenal won; Arsenal won a penalty shoot-out following extra time,main stage,True,True,4 - 2,4,2
Champions League,2023/24,2023,Round of 16,,Tue,2024-03-12,21:00,es,Barcelona,3,3–1,it,Napoli,1,50301,Estadi Olímpic Lluís Companys,Danny Makkelie,Leg 2 of 2; Barcelona won,main stage,False,False,,,
Champions League,2023/24,2023,Round of 16,,Wed,2024-03-13,21:00,de,Dortmund,2,2–0,nl,PSV,0,81365,Signal Iduna Park,Daniele Orsato,Leg 2 of 2; Dortmund won,main stage,False,False,,,
Champions League,2023/24,2023,Round of 16,,Wed,2024-03-13,21:00,es,Atlético Madrid,2,(3) 2–1 (2),it,Inter,1,69196,Stadium Metropolitano,Szymon Marciniak,Leg 2 of 2; Atlético Madrid won; Atlético Madrid won a penalty shoot-out following extra time,main stage,True,True,3 - 2,3,2
Champions League,2023/24,2023,Quarter-finals,,Tue,2024-04-09,20:00,eng,Arsenal,2,2–2,de,Bayern Munich,2,60221,Emirates Stadium,Glenn Nyberg,Leg 1 of 2,main stage,False,False,,,
Champions League,2023/24,2023,Quarter-finals,,Tue,2024-04-09,21:00,es,Real Madrid,3,3–3,eng,Manchester City,3,76680,Estadio Santiago Bernabéu,François Letexier,Leg 1 of 2,main stage,False,False,,,
Champions League,2023/24,2023,Quarter-finals,,Wed,2024-04-10,21:00,es,Atlético Madrid,2,2–1,de,Dortmund,1,68641,Estadio Cívitas Metropolitano,Marco Guida,Leg 1 of 2,main stage,False,False,,,
Champions League,2023/24,2023,Quarter-finals,,Wed,2024-04-10,21:00,fr,PSG,2,2–3,es,Barcelona,3,47470,Parc des Princes,Anthony Taylor,Leg 1 of 2,main stage,False,False,,,
Champions League,2023/24,2023,Quarter-finals,,Tue,2024-04-16,21:00,es,Barcelona,1,1–4,fr,PSG,4,50309,Estadi Olímpic Lluís Companys,István Kovács,Leg 2 of 2; PSG won,main stage,False,False,,,
Champions League,2023/24,2023,Quarter-finals,,Tue,2024-04-16,21:00,de,Dortmund,4,4–2,es,Atlético Madrid,2,81365,Signal Iduna Park,Slavko Vinčič,Leg 2 of 2; Dortmund won,main stage,False,False,,,
Champions League,2023/24,2023,Quarter-finals,,Wed,2024-04-17,20:00,eng,Manchester City,1,(3) 1–1 (4),es,Real Madrid,1,52306,Etihad Stadium,Daniele Orsato,Leg 2 of 2; Real Madrid won; Real Madrid won a penalty shoot-out following extra time,main stage,True,True,3 - 4,3,4
Champions League,2023/24,2023,Quarter-finals,,Wed,2024-04-17,21:00,de,Bayern Munich,1,1–0,eng,Arsenal,0,75000,Allianz Arena,Danny Makkelie,Leg 2 of 2; Bayern Munich won,main stage,False,False,,,
Champions League,2023/24,2023,Semi-finals,,Tue,2024-04-30,21:00,de,Bayern Munich,2,2–2,es,Real Madrid,2,75000,Allianz Arena,Clément Turpin,Leg 1 of 2,main stage,False,False,,,
Champions League,2023/24,2023,Semi-finals,,Wed,2024-05-01,21:00,de,Dortmund,1,1–0,fr,PSG,0,81365,Signal Iduna Park,Anthony Taylor,Leg 1 of 2,main stage,False,False,,,
Champions League,2023/24,2023,Semi-finals,,Tue,2024-05-07,21:00,fr,PSG,0,0–1,de,Dortmund,1,46435,Parc des Princes,Daniele Orsato,Leg 2 of 2; Dortmund won,main stage,False,False,,,
Champions League,2023/24,2023,Semi-finals,,Wed,2024-05-08,21:00,es,Real Madrid,2,2–1,de,Bayern Munich,1,76579,Estadio Santiago Bernabéu,Szymon Marciniak,Leg 2 of 2; Real Madrid won,main stage,False,False,,,
Champions League,2023/24,2023,Final,,Sat,2024-06-01,20:00,de,Dortmund,0,0–2,es,Real Madrid,2,86212,Wembley Stadium connected by EE,Slavko Vinčič,,main stage,,,,,
Champions League,2023/24,2023,Preliminary round — Semi-finals,,Tue,2023-06-27,13:00,ad,Atlètic Escaldes,0,0–3,me,Budućnost,3,103,Kópavogsvöllur (Neutral Site),Marcel Bîrsan,,qualification,,,,,
Champions League,2023/24,2023,Preliminary round — Semi-finals,,Tue,2023-06-27,19:00,sm,S.P. Tre Penne,1,1–7,is,Breiðablik,7,621,Kópavogsvöllur (Neutral Site),Mads-Kristoffer Kristoffersen,,qualification,,,,,
Champions League,2023/24,2023,Preliminary round — Final,,Fri,2023-06-30,19:00,me,Budućnost,0,0–5,is,Breiðablik,5,845,Kópavogsvöllur (Neutral Site),Krzysztof Jakubik,,qualification,,,,,
Champions League,2023/24,2023,First qualifying round,,Tue,2023-07-11,17:30,gi,Lincoln FC,1,1–2,az,Qarabağ,2,683,Victoria Stadium,Vitālijs Spasjoņņikovs,Leg 1 of 2,qualification,False,False,,,
Champions League,2023/24,2023,First qualifying round,,Tue,2023-07-11,19:00,lt,Žalgiris,0,0–0,mk,Struga Trim-Lum,0,4647,Vilniaus LFF stadionas,Elçin Məsiyev,Leg 1 of 2,qualification,False,False,,,
Champions League,2023/24,2023,First qualifying round,,Tue,2023-07-11,19:00,am,Urartu,0,0–1,ba,Zrinjski Mostar,1,3900,Urartu Stadium,Philip Farrugia,Leg 1 of 2,qualification,False,False,,,
Champions League,2023/24,2023,First qualifying round,,Tue,2023-07-11,19:45,ie,Shamrock,0,0–1,is,Breiðablik,1,7216,Tallaght Stadium,Chrysovalantis Theouli,Leg 1 of 2,qualification,False,False,,,
Champions League,2023/24,2023,First qualifying round,,Tue,2023-07-11,19:45,fo,KÍ Klaksvík,0,0–0,hu,Ferencváros,0,1010,Við Djúpumýrar,Juri Frischer,Leg 1 of 2,qualification,False,False,,,
Champions League,2023/24,2023,First qualifying round,,Tue,2023-07-11,20:00,pl,Raków,1,1–0,ee,FC Flora,0,5242,Stadion Miejski w Częstochowie,Arda Kardeşler,Leg 1 of 2,qualification,False,False,,,
Champions League,2023/24,2023,First qualifying round,,Tue,2023-07-11,20:00,mt,Ħamrun Spartans,0,0–4,il,Maccabi Haifa,4,1627,MFA Centenary Stadium,Donald Robertson,Leg 1 of 2,qualification,False,False,,,
Champions League,2023/24,2023,First qualifying round,,Tue,2023-07-11,20:00,si,Olimpija,2,2–1,lv,Valmieras FK,1,4355,Stadion Stožice,Andrei Chivulete,Leg 1 of 2,qualification,False,False,,,
Champions League,2023/24,2023,First qualifying round,,Tue,2023-07-11,20:45,al,Partizani Tirana,1,1–1,by,BATE Borisov,1,5000,Air Albania Stadium,Nathan Verboomen,Leg 1 of 2,qualification,False,False,,,
Champions League,2023/24,2023,First qualifying round,,Tue,2023-07-11,20:45,xk,Ballkani Therandë,2,2–0,bg,Ludogorets,0,7656,Stadiumi Fadil Vokrri,Gal Leibovitz,Leg 1 of 2,qualification,False,False,,,
Champions League,2023/24,2023,First qualifying round,,Wed,2023-07-12,19:00,fi,HJK Helsinki,1,1–0,nir,Larne FC,0,10121,Bolt Arena,Goga Kikacheishvili,Leg 1 of 2,qualification,False,False,,,
Champions League,2023/24,2023,First qualifying round,,Wed,2023-07-12,19:00,se,BK Häcken,3,3–1,wls,The New Saints,1,4516,Bravida Arena,Henrik Nalbandyan,Leg 1 of 2,qualification,False,False,,,
Champions League,2023/24,2023,First qualifying round,,Wed,2023-07-12,20:00,kz,FC Astana,1,1–1,ge,Dinamo Tbilisi,1,27328,Astana Arena,Christian-Petru Ciochirca,Leg 1 of 2,qualification,False,False,,,
Champions League,2023/24,2023,First qualifying round,,Wed,2023-07-12,20:30,ro,Farul Constanța,1,1–0,md,Sheriff Tiraspol,0,4028,Stadionul Central,Sander van der Eijk,Leg 1 of 2,qualification,False,False,,,
Champions League,2023/24,2023,First qualifying round,,Wed,2023-07-12,20:30,sk,Slovan Bratislava,1,1–1,lu,Hesperange,1,14470,Štadión Tehelné pole,Viktor Kopievskii,Leg 1 of 2,qualification,False,False,,,
Champions League,2023/24,2023,First qualifying round,,Tue,2023-07-18,17:00,mk,Struga Trim-Lum,1,1–2,lt,Žalgiris,2,1400,Stadion Biljanini Izvori,Darren England,Leg 2 of 2; Žalgiris won,qualification,False,False,,,
Champions League,2023/24,2023,First qualifying round,,Tue,2023-07-18,19:00,wls,The New Saints,0,0–2,se,BK Häcken,2,1003,Park Hall Stadium,Dario Bel,Leg 2 of 2; BK Häcken won,qualification,False,False,,,
Champions League,2023/24,2023,First qualifying round,,Tue,2023-07-18,19:15,is,Breiðablik,2,2–1,ie,Shamrock,1,1320,Kópavogsvöllur,Adam Ladebäck,Leg 2 of 2; Breiðablik won,qualification,False,False,,,
Champions League,2023/24,2023,First qualifying round,,Tue,2023-07-18,20:00,md,Sheriff Tiraspol,3,3–0,ro,Farul Constanța,0,5792,Stadionul Zimbru,Miguel Nogueira,Leg 2 of 2; Sheriff Tiraspol won; Required Extra Time,qualification,True,False,,,
Champions League,2023/24,2023,First qualifying round,,Tue,2023-07-18,20:00,by,BATE Borisov,2,2–0,al,Partizani Tirana,0,,Városi Stadion,Kevin Clancy,Leg 2 of 2; BATE Borisov won,qualification,False,False,,,
Champions League,2023/24,2023,First qualifying round,,Tue,2023-07-18,20:00,il,Maccabi Haifa,2,2–1,mt,Ħamrun Spartans,1,29000,Sammy Ofer Stadium,Igor Pajač,Leg 2 of 2; Maccabi Haifa won,qualification,False,False,,,
Champions League,2023/24,2023,First qualifying round,,Tue,2023-07-18,20:00,ee,FC Flora,0,0–3,pl,Raków,3,3204,A. Le Coq Arena,Marian Barbu,Leg 2 of 2; Raków won,qualification,False,False,,,
Champions League,2023/24,2023,First qualifying round,,Tue,2023-07-18,20:00,ba,Zrinjski Mostar,2,(4) 2–3 (3),am,Urartu,3,5000,Stadion Bijeli Brijeg,Peter Kjaesgaard,Leg 2 of 2; Zrinjski Mostar won; Zrinjski Mostar won a penalty shoot-out following extra time,qualification,True,True,4 - 3,4,3
Champions League,2023/24,2023,First qualifying round,,Wed,2023-07-19,18:00,lv,Valmieras FK,1,1–2,si,Olimpija,2,1250,Jāņa Daliņa stadions,César Soto,Leg 2 of 2; Olimpija won,qualification,False,False,,,
Champions League,2023/24,2023,First qualifying round,,Wed,2023-07-19,18:00,hu,Ferencváros,0,0–3,fo,KÍ Klaksvík,3,18187,Groupama Arena,David Smajc,Leg 2 of 2; KÍ Klaksvík won,qualification,False,False,,,
Champions League,2023/24,2023,First qualifying round,,Wed,2023-07-19,19:30,nir,Larne FC,2,2–2,fi,HJK Helsinki,2,1993,Solitude,Aristotelis Diamantopoulos,Leg 2 of 2; HJK Helsinki won; Required Extra Time,qualification,True,False,,,
Champions League,2023/24,2023,First qualifying round,,Wed,2023-07-19,20:00,az,Qarabağ,4,4–0,gi,Lincoln FC,0,19453,Bakı Olimpiya Stadionu,Eldorjan Hamiti,Leg 2 of 2; Qarabağ won,qualification,False,False,,,
Champions League,2023/24,2023,First qualifying round,,Wed,2023-07-19,20:00,lu,Hesperange,0,0–2,sk,Slovan Bratislava,2,3054,Stade de Luxembourg,Abdulkadir Bitigen,Leg 2 of 2; Slovan Bratislava won,qualification,False,False,,,
Champions League,2023/24,2023,First qualifying round,,Wed,2023-07-19,20:00,ge,Dinamo Tbilisi,1,1–2,kz,FC Astana,2,10736,Boris Paichadze Stadioni,Stuart Attwell,Leg 2 of 2; FC Astana won,qualification,False,False,,,
Champions League,2023/24,2023,First qualifying round,,Wed,2023-07-19,21:00,bg,Ludogorets,4,4–0,xk,Ballkani Therandë,0,5353,Huvepharma Arena,Luca Pairetto,Leg 2 of 2; Ludogorets won,qualification,False,False,,,
Champions League,2023/24,2023,Second qualifying round,,Tue,2023-07-25,19:00,fi,HJK Helsinki,1,1–0,no,Molde,0,8154,Bolt Arena,Sven Jablonski,Leg 1 of 2,qualification,False,False,,,
Champions League,2023/24,2023,Second qualifying round,,Tue,2023-07-25,19:00,lt,Žalgiris,2,2–2,tr,Galatasaray,2,4864,Vilniaus LFF stadionas,Luís Godinho,Leg 1 of 2,qualification,False,False,,,
Champions League,2023/24,2023,Second qualifying round,,Tue,2023-07-25,19:15,is,Breiðablik,0,0–2,dk,FC Copenhagen,2,1485,Kópavogsvöllur,Gergő Bogár,Leg 1 of 2,qualification,False,False,,,
Champions League,2023/24,2023,Second qualifying round,,Tue,2023-07-25,20:00,hr,Dinamo Zagreb,4,4–0,kz,FC Astana,0,7123,Stadion Maksimir,Guillermo Cuadra,Leg 1 of 2,qualification,False,False,,,
Champions League,2023/24,2023,Second qualifying round,,Tue,2023-07-25,20:30,ch,Servette FC,1,1–1,be,Genk,1,18026,Stade de Genève,István Vad,Leg 1 of 2,qualification,False,False,,,
Champions League,2023/24,2023,Second qualifying round,,Tue,2023-07-25,21:00,ua,Dnipro-1,1,1–3,gr,Panathinaikos,3,5248,Košická Futbalová Aréna,Daniele Chiffi,Leg 1 of 2,qualification,False,False,,,
Champions League,2023/24,2023,Second qualifying round,,Tue,2023-07-25,21:00,ba,Zrinjski Mostar,0,0–1,sk,Slovan Bratislava,1,4900,Stadion Bijeli Brijeg,Bram Van Driessche,Leg 1 of 2,qualification,False,False,,,
Champions League,2023/24,2023,Second qualifying round,,Wed,2023-07-26,19:45,fo,KÍ Klaksvík,0,0–0,se,BK Häcken,0,1224,Við Djúpumýrar,Michal Očenáš,Leg 1 of 2,qualification,False,False,,,
Champions League,2023/24,2023,Second qualifying round,,Wed,2023-07-26,20:00,cy,Aris Limassol,6,6–2,by,BATE Borisov,2,3338,Alphamega Stadium,Igal Frid,Leg 1 of 2,qualification,False,False,,,
Champions League,2023/24,2023,Second qualifying round,,Wed,2023-07-26,20:00,md,Sheriff Tiraspol,1,1–0,il,Maccabi Haifa,0,7933,Bolshaya Sportivnaya Arena,Sebastian Gishamer,Leg 1 of 2,qualification,False,False,,,
Champions League,2023/24,2023,Second qualifying round,,Wed,2023-07-26,20:15,pl,Raków,3,3–2,az,Qarabağ,2,5451,Stadion Miejski w Częstochowie,Lukas Fähndrich,Leg 1 of 2,qualification,False,False,,,
Champions League,2023/24,2023,Second qualifying round,,Wed,2023-07-26,21:45,bg,Ludogorets,1,1–1,si,Olimpija,1,5532,Huvepharma Arena,Rohit Saggi,Leg 1 of 2,qualification,False,False,,,
Champions League,2023/24,2023,Second qualifying round,,Tue,2023-08-01,19:00,si,Olimpija,2,2–1,bg,Ludogorets,1,9265,Við Djúpumýrar,Christian Dingert,Leg 2 of 2; Olimpija won,qualification,False,False,,,
Champions League,2023/24,2023,Second qualifying round,,Tue,2023-08-01,20:00,by,BATE Borisov,3,3–5,cy,Aris Limassol,5,,Városi Stadion,Morten Krogh,Leg 2 of 2; Aris Limassol won,qualification,False,False,,,
Champions League,2023/24,2023,Second qualifying round,,Tue,2023-08-01,20:30,sk,Slovan Bratislava,2,2–2,ba,Zrinjski Mostar,2,20498,Štadión Tehelné pole,Jérémie Pignard,Leg 2 of 2; Slovan Bratislava won,qualification,False,False,,,
Champions League,2023/24,2023,Second qualifying round,,Tue,2023-08-01,20:30,gr,Panathinaikos,2,2–2,ua,Dnipro-1,2,14098,Stadio Apóstolos Nikolaidis,Bastian Dankert,Leg 2 of 2; Panathinaikos won,qualification,False,False,,,
Champions League,2023/24,2023,Second qualifying round,,Wed,2023-08-02,19:00,no,Molde,2,2–0,fi,HJK Helsinki,0,5205,Aker Stadion,Igor Pajač,Leg 2 of 2; Molde won,qualification,False,False,,,
Champions League,2023/24,2023,Second qualifying round,,Wed,2023-08-02,19:00,se,BK Häcken,3,(3) 3–3 (4),fo,KÍ Klaksvík,3,4396,Bravida Arena,Andy Madley,Leg 2 of 2; KÍ Klaksvík won; KÍ Klaksvík won a penalty shoot-out following extra time,qualification,True,True,3 - 4,3,4
Champions League,2023/24,2023,Second qualifying round,,Wed,2023-08-02,19:00,be,Genk,2,(1) 2–2 (4),ch,Servette FC,2,16280,Cegeka Arena,Novak Simović,Leg 2 of 2; Servette FC won; Servette FC won a penalty shoot-out following extra time,qualification,True,True,1 - 4,1,4
Champions League,2023/24,2023,Second qualifying round,,Wed,2023-08-02,20:00,az,Qarabağ,1,1–1,pl,Raków,1,31257,Bakı Olimpiya Stadionu,Sven Jablonski,Leg 2 of 2; Raków won,qualification,False,False,,,
Champions League,2023/24,2023,Second qualifying round,,Wed,2023-08-02,20:00,kz,FC Astana,0,0–2,hr,Dinamo Zagreb,2,26978,Astana Arena,Dennis Higler,Leg 2 of 2; Dinamo Zagreb won,qualification,False,False,,,
Champions League,2023/24,2023,Second qualifying round,,Wed,2023-08-02,20:00,dk,FC Copenhagen,6,6–3,is,Breiðablik,3,20886,Parken,Fabio Maresca,Leg 2 of 2; FC Copenhagen won,qualification,False,False,,,
Champions League,2023/24,2023,Second qualifying round,,Wed,2023-08-02,20:00,il,Maccabi Haifa,4,4–1,md,Sheriff Tiraspol,1,29000,Sammy Ofer Stadium,Damian Sylwestrzak,Leg 2 of 2; Maccabi Haifa won; Required Extra Time,qualification,True,False,,,
Champions League,2023/24,2023,Second qualifying round,,Wed,2023-08-02,21:30,tr,Galatasaray,1,1–0,lt,Žalgiris,0,41505,RAMS Park,Willy Delajod,Leg 2 of 2; Galatasaray won,qualification,False,False,,,
Champions League,2023/24,2023,Third qualifying round,,Tue,2023-08-08,19:45,fo,KÍ Klaksvík,2,2–1,no,Molde,1,4584,Tórsvøllur,Əliyar Ağayev,Leg 1 of 2,qualification,False,False,,,
Champions League,2023/24,2023,Third qualifying round,,Tue,2023-08-08,20:00,pl,Raków,2,2–1,cy,Aris Limassol,1,5500,Stadion Miejski w Częstochowie,Duje Strukan,Leg 1 of 2,qualification,False,False,,,
Champions League,2023/24,2023,Third qualifying round,,Tue,2023-08-08,20:00,dk,FC Copenhagen,0,0–0,cz,Sparta Prague,0,27170,Parken,Benoît Bastien,Leg 1 of 2,qualification,False,False,,,
Champions League,2023/24,2023,Third qualifying round,,Tue,2023-08-08,20:00,pt,Braga,3,3–0,rs,TSC,0,22186,Estádio Municipal de Braga,Harald Lechner,Leg 1 of 2,qualification,False,False,,,
Champions League,2023/24,2023,Third qualifying round,,Tue,2023-08-08,20:30,nl,PSV,4,4–1,at,Sturm Graz,1,31500,Philips Stadion,Radu Petrescu,Leg 1 of 2,qualification,False,False,,,
Champions League,2023/24,2023,Third qualifying round,,Tue,2023-08-08,21:00,si,Olimpija,0,0–3,tr,Galatasaray,3,13712,Stadion Stožice,Andreas Ekberg,Leg 1 of 2,qualification,False,False,,,
Champions League,2023/24,2023,Third qualifying round,,Wed,2023-08-09,19:45,sct,Rangers,2,2–1,ch,Servette FC,1,48956,Ibrox Stadium,Donatas Rumšas,Leg 1 of 2,qualification,False,False,,,
Champions League,2023/24,2023,Third qualifying round,,Wed,2023-08-09,20:30,sk,Slovan Bratislava,1,1–2,il,Maccabi Haifa,2,21375,Štadión Tehelné pole,Andris Treimanis,Leg 1 of 2,qualification,False,False,,,
Champions League,2023/24,2023,Third qualifying round,,Wed,2023-08-09,21:00,gr,Panathinaikos,1,1–0,fr,Marseille,0,11270,Stadio Apóstolos Nikolaidis,István Kovács,Leg 1 of 2,qualification,False,False,,,
Champions League,2023/24,2023,Third qualifying round,,Tue,2023-08-15,19:00,no,Molde,2,2–0,fo,KÍ Klaksvík,0,10346,Aker Stadion,Nikola Dabanović,Leg 2 of 2; Molde won; Required Extra Time,qualification,True,False,,,
Champions League,2023/24,2023,Third qualifying round,,Tue,2023-08-15,19:00,cz,Sparta Prague,3,(2) 3–3 (4),dk,FC Copenhagen,3,18109,epet Arena,Serdar Gözübüyük,Leg 2 of 2; FC Copenhagen won; FC Copenhagen won a penalty shoot-out following extra time,qualification,True,True,2 - 4,2,4
Champions League,2023/24,2023,Third qualifying round,,Tue,2023-08-15,20:00,rs,TSC,1,1–4,pt,Braga,4,4200,TSC Arena,Jakob Kehlet,Leg 2 of 2; Braga won,qualification,False,False,,,
Champions League,2023/24,2023,Third qualifying round,,Tue,2023-08-15,20:00,hr,Dinamo Zagreb,1,1–2,gr,AEK Athens,2,13311,Stadion Maksimir,João Pinheiro,Leg 1 of 2,qualification,False,False,,,
Champions League,2023/24,2023,Third qualifying round,,Tue,2023-08-15,20:00,cy,Aris Limassol,0,0–1,pl,Raków,1,3959,Alphamega Stadium,Matej Jug,Leg 2 of 2; Raków won,qualification,False,False,,,
Champions League,2023/24,2023,Third qualifying round,,Tue,2023-08-15,20:00,il,Maccabi Haifa,3,3–1,sk,Slovan Bratislava,1,29000,Sammy Ofer Stadium,Craig Pawson,Leg 2 of 2; Maccabi Haifa won,qualification,False,False,,,
Champions League,2023/24,2023,Third qualifying round,,Tue,2023-08-15,20:30,ch,Servette FC,1,1–1,sct,Rangers,1,26000,Stade de Genève,Maurizio Mariani,Leg 2 of 2; Rangers won,qualification,False,False,,,
Champions League,2023/24,2023,Third qualifying round,,Tue,2023-08-15,20:30,at,Sturm Graz,1,1–3,nl,PSV,3,12571,Merkur Arena,Srđan Jovanović,Leg 2 of 2; PSV won,qualification,False,False,,,
Champions League,2023/24,2023,Third qualifying round,,Tue,2023-08-15,21:00,tr,Galatasaray,1,1–0,si,Olimpija,0,38383,RAMS Park,Marco Guida,Leg 2 of 2; Galatasaray won,qualification,False,False,,,
Champions League,2023/24,2023,Third qualifying round,,Tue,2023-08-15,21:00,fr,Marseille,2,(3) 2–1 (5),gr,Panathinaikos,1,63050,Orange Vélodrome,Michael Oliver,Leg 2 of 2; Panathinaikos won; Panathinaikos won a penalty shoot-out following extra time,qualification,True,True,3 - 5,3,5
Champions League,2023/24,2023,Third qualifying round,,Sat,2023-08-19,21:45,gr,AEK Athens,2,2–2,hr,Dinamo Zagreb,2,30100,Agia Sophia Stadium,Espen Eskås,Leg 2 of 2; AEK Athens won,qualification,False,False,,,
Champions League,2023/24,2023,Play-off round,,Tue,2023-08-22,20:00,sct,Rangers,2,2–2,nl,PSV,2,47537,Ibrox Stadium,Clément Turpin,Leg 1 of 2,qualification,False,False,,,
Champions League,2023/24,2023,Play-off round,,Tue,2023-08-22,21:00,pl,Raków,0,0–1,dk,FC Copenhagen,1,11600,Stadion GKS-u,Irfan Peljto,Leg 1 of 2,qualification,False,False,,,
Champions League,2023/24,2023,Play-off round,,Tue,2023-08-22,21:00,be,Antwerp,1,1–0,gr,AEK Athens,0,13376,Bosuilstadion,François Letexier,Leg 1 of 2,qualification,False,False,,,
Champions League,2023/24,2023,Play-off round,,Wed,2023-08-23,20:00,pt,Braga,2,2–1,gr,Panathinaikos,1,23401,Estádio Municipal de Braga,Felix Zwayer,Leg 1 of 2,qualification,False,False,,,
Champions League,2023/24,2023,Play-off round,,Wed,2023-08-23,21:00,no,Molde,2,2–3,tr,Galatasaray,3,9553,Aker Stadion,Anthony Taylor,Leg 1 of 2,qualification,False,False,,,
Champions League,2023/24,2023,Play-off round,,Wed,2023-08-23,22:00,il,Maccabi Haifa,0,0–0,ch,Young Boys,0,29864,Sammy Ofer Stadium,Davide Massa,Leg 1 of 2,qualification,False,False,,,
Champions League,2023/24,2023,Play-off round,,Tue,2023-08-29,21:00,ch,Young Boys,3,3–0,il,Maccabi Haifa,0,31500,Stadion Wankdorf,Slavko Vinčič,Leg 2 of 2; Young Boys won,qualification,False,False,,,
Champions League,2023/24,2023,Play-off round,,Tue,2023-08-29,22:00,tr,Galatasaray,2,2–1,no,Molde,1,47845,RAMS Park,Szymon Marciniak,Leg 2 of 2; Galatasaray won,qualification,False,False,,,
Champions League,2023/24,2023,Play-off round,,Tue,2023-08-29,22:00,gr,Panathinaikos,0,0–1,pt,Braga,1,61390,Olympiako Stadio Spyros Louis,Daniele Orsato,Leg 2 of 2; Braga won,qualification,False,False,,,
Champions League,2023/24,2023,Play-off round,,Wed,2023-08-30,21:00,dk,FC Copenhagen,1,1–1,pl,Raków,1,34737,Parken,István Kovács,Leg 2 of 2; FC Copenhagen won,qualification,False,False,,,
Champions League,2023/24,2023,Play-off round,,Wed,2023-08-30,21:00,nl,PSV,5,5–1,sct,Rangers,1,34560,Philips Stadion,José Sánchez,Leg 2 of 2; PSV won,qualification,False,False,,,
Champions League,2023/24,2023,Play-off round,,Wed,2023-08-30,22:00,gr,AEK Athens,1,1–2,be,Antwerp,2,29300,Agia Sophia Stadium,Jesús Gil,Leg 2 of 2; Antwerp won,qualification,False,False,,,
Champions League,2024/25,2024,League phase,1,Tue,2024-09-17,18:45,ch,Young Boys,0,0–3,eng,Aston Villa,3,31500,Stadion Wankdorf,Georgi Kabakov,,main stage,,,,,
Champions League,2024/25,2024,League phase,1,Tue,2024-09-17,18:45,it,Juventus,3,3–1,nl,PSV,1,40417,Allianz Stadium,Alejandro Hernández,,main stage,,,,,
Champions League,2024/25,2024,League phase,1,Tue,2024-09-17,20:00,pt,Sporting CP,2,2–0,fr,Lille,0,40024,Estádio José Alvalade,Donatas Rumšas,,main stage,,,,,
Champions League,2024/25,2024,League phase,1,Tue,2024-09-17,21:00,es,Real Madrid,3,3–1,de,Stuttgart,1,71288,Estadio Santiago Bernabéu,Halil Umut Meler,,main stage,,,,,
Champions League,2024/25,2024,League phase,1,Tue,2024-09-17,21:00,it,Milan,1,1–3,eng,Liverpool,3,59826,Stadio Giuseppe Meazza,Espen Eskås,,main stage,,,,,
Champions League,2024/25,2024,League phase,1,Tue,2024-09-17,21:00,de,Bayern Munich,9,9–2,hr,Dinamo Zagreb,2,75000,Allianz Arena,Juan Martínez,,main stage,,,,,
Champions League,2024/25,2024,League phase,1,Wed,2024-09-18,18:45,it,Bologna,0,0–0,ua,Shakhtar D.,0,23130,Stadio Renato Dall'Ara,Rohit Saggi,,main stage,,,,,
Champions League,2024/25,2024,League phase,1,Wed,2024-09-18,18:45,cz,Sparta Prague,3,3–0,at,RB Salzburg,0,17612,epet Arena,Rade Obrenović,,main stage,,,,,
Champions League,2024/25,2024,League phase,1,Wed,2024-09-18,20:00,sct,Celtic,5,5–1,sk,Slovan Bratislava,1,56826,Celtic Park,Danny Makkelie,,main stage,,,,,
Champions League,2024/25,2024,League phase,1,Wed,2024-09-18,20:00,eng,Manchester City,0,0–0,it,Inter,0,50922,Etihad Stadium,Glenn Nyberg,,main stage,,,,,
Champions League,2024/25,2024,League phase,1,Wed,2024-09-18,21:00,fr,PSG,1,1–0,es,Girona,0,39951,Parc des Princes,Daniel Siebert,,main stage,,,,,
Champions League,2024/25,2024,League phase,1,Wed,2024-09-18,21:00,be,Club Brugge,0,0–3,de,Dortmund,3,19961,Jan Breydelstadion,Irfan Peljto,,main stage,,,,,
Champions League,2024/25,2024,League phase,1,Thu,2024-09-19,18:45,nl,Feyenoord,0,0–4,de,Leverkusen,4,42297,Stadion Feijenoord,Davide Massa,,main stage,,,,,
Champions League,2024/25,2024,League phase,1,Thu,2024-09-19,18:45,rs,Red Star,1,1–2,pt,Benfica,2,44238,Stadion Rajko Mitić,Michael Oliver,,main stage,,,,,
Champions League,2024/25,2024,League phase,1,Thu,2024-09-19,21:00,it,Atalanta,0,0–0,eng,Arsenal,0,22858,Gewiss Stadium,Clément Turpin,,main stage,,,,,
Champions League,2024/25,2024,League phase,1,Thu,2024-09-19,21:00,fr,Brest,2,2–1,at,Sturm Graz,1,14518,Stade du Roudourou,Nick Walsh,,main stage,,,,,
Champions League,2024/25,2024,League phase,1,Thu,2024-09-19,21:00,fr,Monaco,2,2–1,es,Barcelona,1,13296,Stade Louis II,Allard Lindhout,,main stage,,,,,
Champions League,2024/25,2024,League phase,1,Thu,2024-09-19,21:00,es,Atlético Madrid,2,2–1,de,RB Leipzig,1,57856,Riyadh Air Metropolitan Stadium,Ivan Kružliak,,main stage,,,,,
Champions League,2024/25,2024,League phase,2,Tue,2024-10-01,18:45,de,Stuttgart,1,1–1,cz,Sparta Prague,1,60000,MHPArena,Manfredas Lukjančukas,,main stage,,,,,
Champions League,2024/25,2024,League phase,2,Tue,2024-10-01,18:45,at,RB Salzburg,0,0–4,fr,Brest,4,20232,Red Bull Arena,Anthony Taylor,,main stage,,,,,
Champions League,2024/25,2024,League phase,2,Tue,2024-10-01,20:00,eng,Arsenal,2,2–0,fr,PSG,0,60103,Emirates Stadium,Slavko Vinčič,,main stage,,,,,
Champions League,2024/25,2024,League phase,2,Tue,2024-10-01,21:00,it,Inter,4,4–0,rs,Red Star,0,56391,Stadio Giuseppe Meazza,Felix Zwayer,,main stage,,,,,
Champions League,2024/25,2024,League phase,2,Tue,2024-10-01,21:00,de,Leverkusen,1,1–0,it,Milan,0,30210,BayArena,Sandro Schärer,,main stage,,,,,
Champions League,2024/25,2024,League phase,2,Tue,2024-10-01,21:00,de,Dortmund,7,7–1,sct,Celtic,1,81365,Signal Iduna Park,Jose Maria Sánchez,,main stage,,,,,
Champions League,2024/25,2024,League phase,2,Tue,2024-10-01,21:00,es,Barcelona,5,5–0,ch,Young Boys,0,45097,Estadi Olímpic Lluís Companys,Erik Lambrechts,,main stage,,,,,
Champions League,2024/25,2024,League phase,2,Tue,2024-10-01,21:00,nl,PSV,1,1–1,pt,Sporting CP,1,34400,Philips Stadion,Marco Guida,,main stage,,,,,
Champions League,2024/25,2024,League phase,2,Tue,2024-10-01,21:00,sk,Slovan Bratislava,0,0–4,eng,Manchester City,4,22500,Štadión Tehelné pole,Davide Massa,,main stage,,,,,
Champions League,2024/25,2024,League phase,2,Wed,2024-10-02,18:45,es,Girona,2,2–3,nl,Feyenoord,3,8752,Estadi Municipal de Montilivi,Urs Schnyder,,main stage,,,,,
Champions League,2024/25,2024,League phase,2,Wed,2024-10-02,18:45,ua,Shakhtar D.,0,0–3,it,Atalanta,3,21636,Veltins-Arena,João Pinheiro,,main stage,,,,,
Champions League,2024/25,2024,League phase,2,Wed,2024-10-02,20:00,eng,Aston Villa,1,1–0,de,Bayern Munich,0,38991,Villa Park,Radu Petrescu,,main stage,,,,,
Champions League,2024/25,2024,League phase,2,Wed,2024-10-02,20:00,eng,Liverpool,2,2–0,it,Bologna,0,59816,Anfield,Nikola Dabanović,,main stage,,,,,
Champions League,2024/25,2024,League phase,2,Wed,2024-10-02,20:00,pt,Benfica,4,4–0,es,Atlético Madrid,0,62028,Estádio do Sport Lisboa e Benfica,Serdar Gözübüyük,,main stage,,,,,
Champions League,2024/25,2024,League phase,2,Wed,2024-10-02,21:00,de,RB Leipzig,2,2–3,it,Juventus,3,45228,Red Bull Arena,François Letexier,,main stage,,,,,
Champions League,2024/25,2024,League phase,2,Wed,2024-10-02,21:00,fr,Lille,1,1–0,es,Real Madrid,0,48205,Decathlon Arena - Stade Pierre-Mauroy,Maurizio Mariani,,main stage,,,,,
Champions League,2024/25,2024,League phase,2,Wed,2024-10-02,21:00,at,Sturm Graz,0,0–1,be,Club Brugge,1,23205,Merkur Arena,Əliyar Ağayev,,main stage,,,,,
Champions League,2024/25,2024,League phase,2,Wed,2024-10-02,21:00,hr,Dinamo Zagreb,2,2–2,fr,Monaco,2,12462,Stadion Maksimir,Harm Osmers,,main stage,,,,,
Champions League,2024/25,2024,League phase,3,Tue,2024-10-22,18:45,fr,Monaco,5,5–1,rs,Red Star,1,9590,Stade Louis II,Tobias Stieler,,main stage,,,,,
Champions League,2024/25,2024,League phase,3,Tue,2024-10-22,18:45,it,Milan,3,3–1,be,Club Brugge,1,58649,Stadio Giuseppe Meazza,Felix Zwayer,,main stage,,,,,
Champions League,2024/25,2024,League phase,3,Tue,2024-10-22,20:00,eng,Arsenal,1,1–0,ua,Shakhtar D.,0,59594,Emirates Stadium,Benoît Bastien,,main stage,,,,,
Champions League,2024/25,2024,League phase,3,Tue,2024-10-22,20:00,eng,Aston Villa,2,2–0,it,Bologna,0,41847,Villa Park,João Pinheiro,,main stage,,,,,
Champions League,2024/25,2024,League phase,3,Tue,2024-10-22,21:00,it,Juventus,0,0–1,de,Stuttgart,1,41306,Allianz Stadium,Espen Eskås,,main stage,,,,,
Champions League,2024/25,2024,League phase,3,Tue,2024-10-22,21:00,at,Sturm Graz,0,0–2,pt,Sporting CP,2,23691,Merkur Arena,Giorgi Kruashvili,,main stage,,,,,
Champions League,2024/25,2024,League phase,3,Tue,2024-10-22,21:00,fr,PSG,1,1–1,nl,PSV,1,47511,Parc des Princes,Glenn Nyberg,,main stage,,,,,
Champions League,2024/25,2024,League phase,3,Tue,2024-10-22,21:00,es,Real Madrid,5,5–2,de,Dortmund,2,74642,Estadio Santiago Bernabéu,István Kovács,,main stage,,,,,
Champions League,2024/25,2024,League phase,3,Tue,2024-10-22,21:00,es,Girona,2,2–0,sk,Slovan Bratislava,0,9246,Estadi Municipal de Montilivi,Horațiu Fesnic,,main stage,,,,,
Champions League,2024/25,2024,League phase,3,Wed,2024-10-23,18:45,fr,Brest,1,1–1,de,Leverkusen,1,15510,Stade du Roudourou,Ivan Kružliak,,main stage,,,,,
Champions League,2024/25,2024,League phase,3,Wed,2024-10-23,18:45,it,Atalanta,0,0–0,sct,Celtic,0,21614,Gewiss Stadium,Irfan Peljto,,main stage,,,,,
Champions League,2024/25,2024,League phase,3,Wed,2024-10-23,20:00,pt,Benfica,1,1–3,nl,Feyenoord,3,61687,Estádio do Sport Lisboa e Benfica,Halil Umut Meler,,main stage,,,,,
Champions League,2024/25,2024,League phase,3,Wed,2024-10-23,20:00,eng,Manchester City,5,5–0,cz,Sparta Prague,0,50116,Etihad Stadium,Maurizio Mariani,,main stage,,,,,
Champions League,2024/25,2024,League phase,3,Wed,2024-10-23,21:00,at,RB Salzburg,0,0–2,hr,Dinamo Zagreb,2,24018,Red Bull Arena,Danny Makkelie,,main stage,,,,,
Champions League,2024/25,2024,League phase,3,Wed,2024-10-23,21:00,es,Barcelona,4,4–1,de,Bayern Munich,1,50312,Estadi Olímpic Lluís Companys,Slavko Vinčič,,main stage,,,,,
Champions League,2024/25,2024,League phase,3,Wed,2024-10-23,21:00,de,RB Leipzig,0,0–1,eng,Liverpool,1,45228,Red Bull Arena,Sandro Schärer,,main stage,,,,,
Champions League,2024/25,2024,League phase,3,Wed,2024-10-23,21:00,es,Atlético Madrid,1,1–3,fr,Lille,3,61197,Riyadh Air Metropolitan Stadium,Marco Guida,,main stage,,,,,
Champions League,2024/25,2024,League phase,3,Wed,2024-10-23,21:00,ch,Young Boys,0,0–1,it,Inter,1,31500,Stadion Wankdorf,Michael Oliver,,main stage,,,,,
Champions League,2024/25,2024,League phase,4,Tue,2024-11-05,18:45,sk,Slovan Bratislava,1,1–4,hr,Dinamo Zagreb,4,22132,Štadión Tehelné pole,Anthony Taylor,,main stage,,,,,
Champions League,2024/25,2024,League phase,4,Tue,2024-11-05,18:45,nl,PSV,4,4–0,es,Girona,0,34400,Philips Stadion,Michael Oliver,,main stage,,,,,
Champions League,2024/25,2024,League phase,4,Tue,2024-11-05,20:00,pt,Sporting CP,4,4–1,eng,Manchester City,1,47453,Estádio José Alvalade,Daniel Siebert,,main stage,,,,,
Champions League,2024/25,2024,League phase,4,Tue,2024-11-05,20:00,eng,Liverpool,4,4–0,de,Leverkusen,0,59790,Anfield,Danny Makkelie,,main stage,,,,,
Champions League,2024/25,2024,League phase,4,Tue,2024-11-05,20:00,sct,Celtic,3,3–1,de,RB Leipzig,1,57551,Celtic Park,Benoît Bastien,,main stage,,,,,
Champions League,2024/25,2024,League phase,4,Tue,2024-11-05,21:00,it,Bologna,0,0–1,fr,Monaco,1,23084,Stadio Renato Dall'Ara,Əliyar Ağayev,,main stage,,,,,
Champions League,2024/25,2024,League phase,4,Tue,2024-11-05,21:00,es,Real Madrid,1,1–3,it,Milan,3,75561,Estadio Santiago Bernabéu,Slavko Vinčič,,main stage,,,,,
Champions League,2024/25,2024,League phase,4,Tue,2024-11-05,21:00,fr,Lille,1,1–1,it,Juventus,1,48312,Decathlon Arena - Stade Pierre-Mauroy,Irfan Peljto,,main stage,,,,,
Champions League,2024/25,2024,League phase,4,Tue,2024-11-05,21:00,de,Dortmund,1,1–0,at,Sturm Graz,0,81365,Signal Iduna Park,Erik Lambrechts,,main stage,,,,,
Champions League,2024/25,2024,League phase,4,Wed,2024-11-06,18:45,be,Club Brugge,1,1–0,eng,Aston Villa,0,23466,Jan Breydelstadion,Tobias Stieler,,main stage,,,,,
Champions League,2024/25,2024,League phase,4,Wed,2024-11-06,19:45,ua,Shakhtar D.,2,2–1,ch,Young Boys,1,17420,Veltins-Arena,Orel Grinfeeld,,main stage,,,,,
Champions League,2024/25,2024,League phase,4,Wed,2024-11-06,21:00,de,Bayern Munich,1,1–0,pt,Benfica,0,75000,Allianz Arena,Davide Massa,,main stage,,,,,
Champions League,2024/25,2024,League phase,4,Wed,2024-11-06,21:00,nl,Feyenoord,1,1–3,at,RB Salzburg,3,42774,Stadion Feijenoord,Donatas Rumšas,,main stage,,,,,
Champions League,2024/25,2024,League phase,4,Wed,2024-11-06,21:00,it,Inter,1,1–0,eng,Arsenal,0,75222,Stadio Giuseppe Meazza,István Kovács,,main stage,,,,,
Champions League,2024/25,2024,League phase,4,Wed,2024-11-06,21:00,de,Stuttgart,0,0–2,it,Atalanta,2,60000,MHPArena,Rade Obrenović,,main stage,,,,,
Champions League,2024/25,2024,League phase,4,Wed,2024-11-06,21:00,rs,Red Star,2,2–5,es,Barcelona,5,48886,Stadion Rajko Mitić,Espen Eskås,,main stage,,,,,
Champions League,2024/25,2024,League phase,4,Wed,2024-11-06,21:00,cz,Sparta Prague,1,1–2,fr,Brest,2,18033,epet Arena,Mykola Balakin,,main stage,,,,,
Champions League,2024/25,2024,League phase,4,Wed,2024-11-06,21:00,fr,PSG,1,1–2,es,Atlético Madrid,2,47369,Parc des Princes,Szymon Marciniak,,main stage,,,,,
Champions League,2024/25,2024,League phase,5,Tue,2024-11-26,18:45,sk,Slovan Bratislava,2,2–3,it,Milan,3,22500,Štadión Tehelné pole,Jose Maria Sánchez,,main stage,,,,,
Champions League,2024/25,2024,League phase,5,Tue,2024-11-26,18:45,cz,Sparta Prague,0,0–6,es,Atlético Madrid,6,18110,epet Arena,Danny Makkelie,,main stage,,,,,
Champions League,2024/25,2024,League phase,5,Tue,2024-11-26,20:00,pt,Sporting CP,1,1–5,eng,Arsenal,5,47386,Estádio José Alvalade,Szymon Marciniak,,main stage,,,,,
Champions League,2024/25,2024,League phase,5,Tue,2024-11-26,20:00,eng,Manchester City,3,3–3,nl,Feyenoord,3,47011,Etihad Stadium,Radu Petrescu,,main stage,,,,,
Champions League,2024/25,2024,League phase,5,Tue,2024-11-26,21:00,it,Inter,1,1–0,de,RB Leipzig,0,63174,Stadio Giuseppe Meazza,João Pinheiro,,main stage,,,,,
Champions League,2024/25,2024,League phase,5,Tue,2024-11-26,21:00,de,Leverkusen,5,5–0,at,RB Salzburg,0,29211,BayArena,Mykola Balakin,,main stage,,,,,
Champions League,2024/25,2024,League phase,5,Tue,2024-11-26,21:00,de,Bayern Munich,1,1–0,fr,PSG,0,75000,Allianz Arena,István Kovács,,main stage,,,,,
Champions League,2024/25,2024,League phase,5,Tue,2024-11-26,21:00,ch,Young Boys,1,1–6,it,Atalanta,6,31500,Stadion Wankdorf,Manfredas Lukjančukas,,main stage,,,,,
Champions League,2024/25,2024,League phase,5,Tue,2024-11-26,21:00,es,Barcelona,3,3–0,fr,Brest,0,46317,Estadi Olímpic Lluís Companys,Irfan Peljto,,main stage,,,,,
Champions League,2024/25,2024,League phase,5,Wed,2024-11-27,18:45,rs,Red Star,5,5–1,de,Stuttgart,1,41372,Stadion Rajko Mitić,Erik Lambrechts,,main stage,,,,,
Champions League,2024/25,2024,League phase,5,Wed,2024-11-27,18:45,at,Sturm Graz,1,1–0,es,Girona,0,21502,Merkur Arena,Rohit Saggi,,main stage,,,,,
Champions League,2024/25,2024,League phase,5,Wed,2024-11-27,20:00,eng,Aston Villa,0,0–0,it,Juventus,0,42589,Villa Park,Jesús Gil,,main stage,,,,,
Champions League,2024/25,2024,League phase,5,Wed,2024-11-27,20:00,sct,Celtic,1,1–1,be,Club Brugge,1,57456,Celtic Park,Georgi Kabakov,,main stage,,,,,
Champions League,2024/25,2024,League phase,5,Wed,2024-11-27,20:00,eng,Liverpool,2,2–0,es,Real Madrid,0,59546,Anfield,François Letexier,,main stage,,,,,
Champions League,2024/25,2024,League phase,5,Wed,2024-11-27,21:00,hr,Dinamo Zagreb,0,0–3,de,Dortmund,3,20019,Stadion Maksimir,Clément Turpin,,main stage,,,,,
Champions League,2024/25,2024,League phase,5,Wed,2024-11-27,21:00,fr,Monaco,2,2–3,pt,Benfica,3,13581,Stade Louis II,Rade Obrenović,,main stage,,,,,
Champions League,2024/25,2024,League phase,5,Wed,2024-11-27,21:00,nl,PSV,3,3–2,ua,Shakhtar D.,2,35100,Philips Stadion,Urs Schnyder,,main stage,,,,,
Champions League,2024/25,2024,League phase,5,Wed,2024-11-27,21:00,it,Bologna,1,1–2,fr,Lille,2,22420,Stadio Renato Dall'Ara,Michael Oliver,,main stage,,,,,
Champions League,2024/25,2024,League phase,6,Tue,2024-12-10,18:45,es,Girona,0,0–1,eng,Liverpool,1,9241,Estadi Municipal de Montilivi,Benoît Bastien,,main stage,,,,,
Champions League,2024/25,2024,League phase,6,Tue,2024-12-10,18:45,hr,Dinamo Zagreb,0,0–0,sct,Celtic,0,18158,Stadion Maksimir,Felix Zwayer,,main stage,,,,,
Champions League,2024/25,2024,League phase,6,Tue,2024-12-10,21:00,be,Club Brugge,2,2–1,pt,Sporting CP,1,22254,Jan Breydelstadion,Anthony Taylor,,main stage,,,,,
Champions League,2024/25,2024,League phase,6,Tue,2024-12-10,21:00,at,RB Salzburg,0,0–3,fr,PSG,3,25065,Red Bull Arena,Michael Oliver,,main stage,,,,,
Champions League,2024/25,2024,League phase,6,Tue,2024-12-10,21:00,de,RB Leipzig,2,2–3,eng,Aston Villa,3,40406,Red Bull Arena,Maurizio Mariani,,main stage,,,,,
Champions League,2024/25,2024,League phase,6,Tue,2024-12-10,21:00,fr,Brest,1,1–0,nl,PSV,0,15778,Stade du Roudourou,Jose Maria Sánchez,,main stage,,,,,
Champions League,2024/25,2024,League phase,6,Tue,2024-12-10,21:00,de,Leverkusen,1,1–0,it,Inter,0,30210,BayArena,Slavko Vinčič,,main stage,,,,,
Champions League,2024/25,2024,League phase,6,Tue,2024-12-10,21:00,it,Atalanta,2,2–3,es,Real Madrid,3,22967,Gewiss Stadium,Szymon Marciniak,,main stage,,,,,
Champions League,2024/25,2024,League phase,6,Tue,2024-12-10,22:00,ua,Shakhtar D.,1,1–5,de,Bayern Munich,5,57079,Veltins-Arena,Halil Umut Meler,,main stage,,,,,
Champions League,2024/25,2024,League phase,6,Wed,2024-12-11,18:45,es,Atlético Madrid,3,3–1,sk,Slovan Bratislava,1,59134,Riyadh Air Metropolitan Stadium,Manfredas Lukjančukas,,main stage,,,,,
Champions League,2024/25,2024,League phase,6,Wed,2024-12-11,18:45,fr,Lille,3,3–2,at,Sturm Graz,2,45796,Decathlon Arena - Stade Pierre-Mauroy,Georgi Kabakov,,main stage,,,,,
Champions League,2024/25,2024,League phase,6,Wed,2024-12-11,20:00,pt,Benfica,0,0–0,it,Bologna,0,60650,Estádio do Sport Lisboa e Benfica,Radu Petrescu,,main stage,,,,,
Champions League,2024/25,2024,League phase,6,Wed,2024-12-11,20:00,eng,Arsenal,3,3–0,fr,Monaco,0,60157,Emirates Stadium,Davide Massa,,main stage,,,,,
Champions League,2024/25,2024,League phase,6,Wed,2024-12-11,21:00,it,Juventus,2,2–0,eng,Manchester City,0,40890,Allianz Stadium,Clément Turpin,,main stage,,,,,
Champions League,2024/25,2024,League phase,6,Wed,2024-12-11,21:00,de,Stuttgart,5,5–1,ch,Young Boys,1,60000,MHPArena,Giorgi Kruashvili,,main stage,,,,,
Champions League,2024/25,2024,League phase,6,Wed,2024-12-11,21:00,nl,Feyenoord,4,4–2,cz,Sparta Prague,2,45000,Stadion Feijenoord,Tobias Stieler,,main stage,,,,,
Champions League,2024/25,2024,League phase,6,Wed,2024-12-11,21:00,it,Milan,2,2–1,rs,Red Star,1,53717,Stadio Giuseppe Meazza,Jesús Gil,,main stage,,,,,
Champions League,2024/25,2024,League phase,6,Wed,2024-12-11,21:00,de,Dortmund,2,2–3,es,Barcelona,3,81365,Signal Iduna Park,François Letexier,,main stage,,,,,
Champions League,2024/25,2024,League phase,7,Tue,2025-01-21,18:45,it,Atalanta,5,5–0,at,Sturm Graz,0,19469,Gewiss Stadium,Donatas Rumšas,,main stage,,,,,
Champions League,2024/25,2024,League phase,7,Tue,2025-01-21,18:45,fr,Monaco,1,1–0,eng,Aston Villa,0,13508,Stade Louis II,Slavko Vinčič,,main stage,,,,,
Champions League,2024/25,2024,League phase,7,Tue,2025-01-21,20:00,eng,Liverpool,2,2–1,fr,Lille,1,59782,Anfield,Felix Zwayer,,main stage,,,,,
Champions League,2024/25,2024,League phase,7,Tue,2025-01-21,20:00,pt,Benfica,4,4–5,es,Barcelona,5,63225,Estádio do Sport Lisboa e Benfica,Danny Makkelie,,main stage,,,,,
Champions League,2024/25,2024,League phase,7,Tue,2025-01-21,21:00,es,Atlético Madrid,2,2–1,de,Leverkusen,1,66820,Riyadh Air Metropolitan Stadium,Davide Massa,,main stage,,,,,
Champions League,2024/25,2024,League phase,7,Tue,2025-01-21,21:00,be,Club Brugge,0,0–0,it,Juventus,0,26700,Jan Breydelstadion,Benoît Bastien,,main stage,,,,,
Champions League,2024/25,2024,League phase,7,Tue,2025-01-21,21:00,rs,Red Star,2,2–3,nl,PSV,3,36648,Stadion Rajko Mitić,István Kovács,,main stage,,,,,
Champions League,2024/25,2024,League phase,7,Tue,2025-01-21,21:00,sk,Slovan Bratislava,1,1–3,de,Stuttgart,3,22500,Štadión Tehelné pole,Chris Kavanagh,,main stage,,,,,
Champions League,2024/25,2024,League phase,7,Tue,2025-01-21,21:00,it,Bologna,2,2–1,de,Dortmund,1,26801,Stadio Renato Dall'Ara,Serdar Gözübüyük,,main stage,,,,,
Champions League,2024/25,2024,League phase,7,Wed,2025-01-22,18:45,de,RB Leipzig,2,2–1,pt,Sporting CP,1,33478,Red Bull Arena,Manfredas Lukjančukas,,main stage,,,,,
Champions League,2024/25,2024,League phase,7,Wed,2025-01-22,19:45,ua,Shakhtar D.,2,2–0,fr,Brest,0,15282,Veltins-Arena,Sandro Schärer,,main stage,,,,,
Champions League,2024/25,2024,League phase,7,Wed,2025-01-22,20:00,sct,Celtic,1,1–0,ch,Young Boys,0,56544,Celtic Park,Rohit Saggi,,main stage,,,,,
Champions League,2024/25,2024,League phase,7,Wed,2025-01-22,20:00,eng,Arsenal,3,3–0,hr,Dinamo Zagreb,0,60024,Emirates Stadium,Daniel Siebert,,main stage,,,,,
Champions League,2024/25,2024,League phase,7,Wed,2025-01-22,21:00,nl,Feyenoord,3,3–0,de,Bayern Munich,0,43106,Stadion Feijenoord,François Letexier,,main stage,,,,,
Champions League,2024/25,2024,League phase,7,Wed,2025-01-22,21:00,es,Real Madrid,5,5–1,at,RB Salzburg,1,73692,Estadio Santiago Bernabéu,Glenn Nyberg,,main stage,,,,,
Champions League,2024/25,2024,League phase,7,Wed,2025-01-22,21:00,cz,Sparta Prague,0,0–1,it,Inter,1,18010,epet Arena,Alejandro Hernández,,main stage,,,,,
Champions League,2024/25,2024,League phase,7,Wed,2025-01-22,21:00,it,Milan,1,1–0,es,Girona,0,66030,Stadio Giuseppe Meazza,Tobias Stieler,,main stage,,,,,
Champions League,2024/25,2024,League phase,7,Wed,2025-01-22,21:00,fr,PSG,4,4–2,eng,Manchester City,2,47818,Parc des Princes,Szymon Marciniak,,main stage,,,,,
Champions League,2024/25,2024,League phase,8,Wed,2025-01-29,20:00,eng,Aston Villa,4,4–2,sct,Celtic,2,42824,Villa Park,Clément Turpin,,main stage,,,,,
Champions League,2024/25,2024,League phase,8,Wed,2025-01-29,20:00,pt,Sporting CP,1,1–1,it,Bologna,1,37328,Estádio José Alvalade,Benoît Bastien,,main stage,,,,,
Champions League,2024/25,2024,League phase,8,Wed,2025-01-29,20:00,eng,Manchester City,3,3–1,be,Club Brugge,1,51237,Etihad Stadium,Jose Maria Sánchez,,main stage,,,,,
Champions League,2024/25,2024,League phase,8,Wed,2025-01-29,21:00,fr,Brest,0,0–3,es,Real Madrid,3,15405,Stade du Roudourou,Espen Eskås,,main stage,,,,,
Champions League,2024/25,2024,League phase,8,Wed,2025-01-29,21:00,it,Juventus,0,0–2,pt,Benfica,2,41402,Allianz Stadium,István Kovács,,main stage,,,,,
Champions League,2024/25,2024,League phase,8,Wed,2025-01-29,21:00,at,Sturm Graz,1,1–0,de,RB Leipzig,0,26851,28 Black Arena,Mykola Balakin,,main stage,,,,,
Champions League,2024/25,2024,League phase,8,Wed,2025-01-29,21:00,fr,Lille,6,6–1,nl,Feyenoord,1,44071,Decathlon Arena - Stade Pierre-Mauroy,Slavko Vinčič,,main stage,,,,,
Champions League,2024/25,2024,League phase,8,Wed,2025-01-29,21:00,de,Stuttgart,1,1–4,fr,PSG,4,60000,MHPArena,Davide Massa,,main stage,,,,,
Champions League,2024/25,2024,League phase,8,Wed,2025-01-29,21:00,at,RB Salzburg,1,1–4,es,Atlético Madrid,4,23389,Red Bull Arena,Anthony Taylor,,main stage,,,,,
Champions League,2024/25,2024,League phase,8,Wed,2025-01-29,21:00,de,Dortmund,3,3–1,ua,Shakhtar D.,1,81365,Signal Iduna Park,Glenn Nyberg,,main stage,,,,,
Champions League,2024/25,2024,League phase,8,Wed,2025-01-29,21:00,es,Barcelona,2,2–2,it,Atalanta,2,42728,Estadi Olímpic Lluís Companys,Michael Oliver,,main stage,,,,,
Champions League,2024/25,2024,League phase,8,Wed,2025-01-29,21:00,nl,PSV,3,3–2,eng,Liverpool,2,35000,Philips Stadion,Tobias Stieler,,main stage,,,,,
Champions League,2024/25,2024,League phase,8,Wed,2025-01-29,21:00,it,Inter,3,3–0,fr,Monaco,0,71601,Stadio Giuseppe Meazza,Irfan Peljto,,main stage,,,,,
Champions League,2024/25,2024,League phase,8,Wed,2025-01-29,21:00,de,Leverkusen,2,2–0,cz,Sparta Prague,0,30210,BayArena,Georgi Kabakov,,main stage,,,,,
Champions League,2024/25,2024,League phase,8,Wed,2025-01-29,21:00,ch,Young Boys,0,0–1,rs,Red Star,1,31500,Stadion Wankdorf,Halil Umut Meler,,main stage,,,,,
Champions League,2024/25,2024,League phase,8,Wed,2025-01-29,21:00,es,Girona,1,1–2,eng,Arsenal,2,9048,Estadi Municipal de Montilivi,Maurizio Mariani,,main stage,,,,,
Champions League,2024/25,2024,League phase,8,Wed,2025-01-29,21:00,de,Bayern Munich,3,3–1,sk,Slovan Bratislava,1,75000,Allianz Arena,João Pinheiro,,main stage,,,,,
Champions League,2024/25,2024,League phase,8,Wed,2025-01-29,21:00,hr,Dinamo Zagreb,2,2–1,it,Milan,1,18856,Stadion Maksimir,François Letexier,,main stage,,,,,
Champions League,2024/25,2024,Knockout phase play-offs,,Tue,2025-02-11,18:45,fr,Brest,0,0–3,fr,PSG,3,15831,Stade du Roudourou,Irfan Peljto,Leg 1 of 2,main stage,False,False,,,
Champions League,2024/25,2024,Knockout phase play-offs,,Tue,2025-02-11,20:00,eng,Manchester City,2,2–3,es,Real Madrid,3,52081,Etihad Stadium,Clément Turpin,Leg 1 of 2,main stage,False,False,,,
Champions League,2024/25,2024,Knockout phase play-offs,,Tue,2025-02-11,20:00,pt,Sporting CP,0,0–3,de,Dortmund,3,41543,Estádio José Alvalade,Espen Eskås,Leg 1 of 2,main stage,False,False,,,
Champions League,2024/25,2024,Knockout phase play-offs,,Tue,2025-02-11,21:00,it,Juventus,2,2–1,nl,PSV,1,39886,Allianz Stadium,Daniel Siebert,Leg 1 of 2,main stage,False,False,,,
Champions League,2024/25,2024,Knockout phase play-offs,,Wed,2025-02-12,18:45,be,Club Brugge,2,2–1,it,Atalanta,1,24242,Jan Breydelstadion,Halil Umut Meler,Leg 1 of 2,main stage,False,False,,,
Champions League,2024/25,2024,Knockout phase play-offs,,Wed,2025-02-12,20:00,sct,Celtic,1,1–2,de,Bayern Munich,2,57406,Celtic Park,Jesús Gil,Leg 1 of 2,main stage,False,False,,,
Champions League,2024/25,2024,Knockout phase play-offs,,Wed,2025-02-12,21:00,fr,Monaco,0,0–1,pt,Benfica,1,12159,Stade Louis II,Maurizio Mariani,Leg 1 of 2,main stage,False,False,,,
Champions League,2024/25,2024,Knockout phase play-offs,,Wed,2025-02-12,21:00,nl,Feyenoord,1,1–0,it,Milan,0,45000,Stadion Feijenoord,Jose Maria Sánchez,Leg 1 of 2,main stage,False,False,,,
Champions League,2024/25,2024,Knockout phase play-offs,,Tue,2025-02-18,18:45,it,Milan,1,1–1,nl,Feyenoord,1,54749,Stadio Giuseppe Meazza,Szymon Marciniak,Leg 2 of 2; Feyenoord won,main stage,False,False,,,
Champions League,2024/25,2024,Knockout phase play-offs,,Tue,2025-02-18,20:00,pt,Benfica,3,3–3,fr,Monaco,3,60776,Estádio do Sport Lisboa e Benfica,Glenn Nyberg,Leg 2 of 2; Benfica won,main stage,False,False,,,
Champions League,2024/25,2024,Knockout phase play-offs,,Tue,2025-02-18,21:00,de,Bayern Munich,1,1–1,sct,Celtic,1,75000,Allianz Arena,Benoît Bastien,Leg 2 of 2; Bayern Munich won,main stage,False,False,,,
Champions League,2024/25,2024,Knockout phase play-offs,,Tue,2025-02-18,21:00,it,Atalanta,1,1–3,be,Club Brugge,3,21727,Gewiss Stadium,Felix Zwayer,Leg 2 of 2; Club Brugge won,main stage,False,False,,,
Champions League,2024/25,2024,Knockout phase play-offs,,Wed,2025-02-19,18:45,de,Dortmund,0,0–0,pt,Sporting CP,0,80300,Signal Iduna Park,Davide Massa,Leg 2 of 2; Dortmund won,main stage,False,False,,,
Champions League,2024/25,2024,Knockout phase play-offs,,Wed,2025-02-19,21:00,nl,PSV,3,3–1,it,Juventus,1,35000,Philips Stadion,Slavko Vinčič,Leg 2 of 2; PSV won; Required Extra Time,main stage,True,False,,,
Champions League,2024/25,2024,Knockout phase play-offs,,Wed,2025-02-19,21:00,fr,PSG,7,7–0,fr,Brest,0,47211,Parc des Princes,Michael Oliver,Leg 2 of 2; PSG won,main stage,False,False,,,
Champions League,2024/25,2024,Knockout phase play-offs,,Wed,2025-02-19,21:00,es,Real Madrid,3,3–1,eng,Manchester City,1,77023,Estadio Santiago Bernabéu,István Kovács,Leg 2 of 2; Real Madrid won,main stage,False,False,,,
Champions League,2024/25,2024,Round of 16,,Tue,2025-03-04,18:45,be,Club Brugge,1,1–3,eng,Aston Villa,3,26890,Jan Breydelstadion,João Pinheiro,Leg 1 of 2,main stage,False,False,,,
Champions League,2024/25,2024,Round of 16,,Tue,2025-03-04,21:00,es,Real Madrid,2,2–1,es,Atlético Madrid,1,77261,Estadio Santiago Bernabéu,Clément Turpin,Leg 1 of 2,main stage,False,False,,,
Champions League,2024/25,2024,Round of 16,,Tue,2025-03-04,21:00,de,Dortmund,1,1–1,fr,Lille,1,81365,Signal Iduna Park,Jose Maria Sánchez,Leg 1 of 2,main stage,False,False,,,
Champions League,2024/25,2024,Round of 16,,Tue,2025-03-04,21:00,nl,PSV,1,1–7,eng,Arsenal,7,34400,Philips Stadion,Jesús Gil,Leg 1 of 2,main stage,False,False,,,
Champions League,2024/25,2024,Round of 16,,Wed,2025-03-05,18:45,nl,Feyenoord,0,0–2,it,Inter,2,43789,Stadion Feijenoord,Espen Eskås,Leg 1 of 2,main stage,False,False,,,
Champions League,2024/25,2024,Round of 16,,Wed,2025-03-05,20:00,pt,Benfica,0,0–1,es,Barcelona,1,62437,Estádio do Sport Lisboa e Benfica,Felix Zwayer,Leg 1 of 2,main stage,False,False,,,
Champions League,2024/25,2024,Round of 16,,Wed,2025-03-05,21:00,fr,PSG,0,0–1,eng,Liverpool,1,47511,Parc des Princes,Davide Massa,Leg 1 of 2,main stage,False,False,,,
Champions League,2024/25,2024,Round of 16,,Wed,2025-03-05,21:00,de,Bayern Munich,3,3–0,de,Leverkusen,0,75000,Allianz Arena,Michael Oliver,Leg 1 of 2,main stage,False,False,,,
Champions League,2024/25,2024,Round of 16,,Tue,2025-03-11,18:45,es,Barcelona,3,3–1,pt,Benfica,1,47111,Estadi Olímpic Lluís Companys,François Letexier,Leg 2 of 2; Barcelona won,main stage,False,False,,,
Champions League,2024/25,2024,Round of 16,,Tue,2025-03-11,20:00,eng,Liverpool,0,(1) 0–1 (4),fr,PSG,1,59765,Anfield,István Kovács,Leg 2 of 2; PSG won; PSG won a penalty shoot-out following extra time,main stage,True,True,1 - 4,1,4
Champions League,2024/25,2024,Round of 16,,Tue,2025-03-11,21:00,it,Inter,2,2–1,nl,Feyenoord,1,55536,Stadio Giuseppe Meazza,Ivan Kružliak,Leg 2 of 2; Inter won,main stage,False,False,,,
Champions League,2024/25,2024,Round of 16,,Tue,2025-03-11,21:00,de,Leverkusen,0,0–2,de,Bayern Munich,2,30210,BayArena,Slavko Vinčič,Leg 2 of 2; Bayern Munich won,main stage,False,False,,,
Champions League,2024/25,2024,Round of 16,,Wed,2025-03-12,18:45,fr,Lille,1,1–2,de,Dortmund,2,48042,Decathlon Arena - Stade Pierre-Mauroy,Sandro Schärer,Leg 2 of 2; Dortmund won,main stage,False,False,,,
Champions League,2024/25,2024,Round of 16,,Wed,2025-03-12,20:00,eng,Aston Villa,3,3–0,be,Club Brugge,0,42461,Villa Park,Daniel Siebert,Leg 2 of 2; Aston Villa won,main stage,False,False,,,
Champions League,2024/25,2024,Round of 16,,Wed,2025-03-12,20:00,eng,Arsenal,2,2–2,nl,PSV,2,59410,Emirates Stadium,Rade Obrenović,Leg 2 of 2; Arsenal won,main stage,False,False,,,
Champions League,2024/25,2024,Round of 16,,Wed,2025-03-12,21:00,es,Atlético Madrid,1,(2) 1–0 (4),es,Real Madrid,0,69304,Riyadh Air Metropolitan Stadium,Szymon Marciniak,Leg 2 of 2; Real Madrid won; Real Madrid won a penalty shoot-out following extra time,main stage,True,True,2 - 4,2,4
Champions League,2024/25,2024,Quarter-finals,,Tue,2025-04-08,20:00,eng,Arsenal,3,3–0,es,Real Madrid,0,60110,Emirates Stadium,Irfan Peljto,Leg 1 of 2,main stage,False,False,,,
Champions League,2024/25,2024,Quarter-finals,,Tue,2025-04-08,21:00,de,Bayern Munich,1,1–2,it,Inter,2,75000,Allianz Arena,Sandro Schärer,Leg 1 of 2,main stage,False,False,,,
Champions League,2024/25,2024,Quarter-finals,,Wed,2025-04-09,21:00,es,Barcelona,4,4–0,de,Dortmund,0,49760,Estadi Olímpic Lluís Companys,Espen Eskås,Leg 1 of 2,main stage,False,False,,,
Champions League,2024/25,2024,Quarter-finals,,Wed,2025-04-09,21:00,fr,PSG,3,3–1,eng,Aston Villa,1,47681,Parc des Princes,Maurizio Mariani,Leg 1 of 2,main stage,False,False,,,
Champions League,2024/25,2024,Quarter-finals,,Tue,2025-04-15,20:00,eng,Aston Villa,3,3–2,fr,PSG,2,42535,Villa Park,Jose Maria Sánchez,Leg 2 of 2; PSG won,main stage,False,False,,,
Champions League,2024/25,2024,Quarter-finals,,Tue,2025-04-15,21:00,de,Dortmund,3,3–1,es,Barcelona,1,81365,Signal Iduna Park,Maurizio Mariani,Leg 2 of 2; Barcelona won,main stage,False,False,,,
Champions League,2024/25,2024,Quarter-finals,,Wed,2025-04-16,21:00,it,Inter,2,2–2,de,Bayern Munich,2,75625,Stadio Giuseppe Meazza,Slavko Vinčič,Leg 2 of 2; Inter won,main stage,False,False,,,
Champions League,2024/25,2024,Quarter-finals,,Wed,2025-04-16,21:00,es,Real Madrid,1,1–2,eng,Arsenal,2,77073,Estadio Santiago Bernabéu,François Letexier,Leg 2 of 2; Arsenal won,main stage,False,False,,,
Champions League,2024/25,2024,Semi-finals,,Tue,2025-04-29,20:00,eng,Arsenal,0,0–1,fr,PSG,1,59664,Emirates Stadium,Slavko Vinčič,Leg 1 of 2,main stage,False,False,,,
Champions League,2024/25,2024,Semi-finals,,Wed,2025-04-30,21:00,es,Barcelona,3,3–3,it,Inter,3,50314,Estadi Olímpic Lluís Companys,Clément Turpin,Leg 1 of 2,main stage,False,False,,,
Champions League,2024/25,2024,Semi-finals,,Tue,2025-05-06,21:00,it,Inter,4,4–3,es,Barcelona,3,75504,Stadio Giuseppe Meazza,Szymon Marciniak,Leg 2 of 2; Inter won; Required Extra Time,main stage,True,False,,,
Champions League,2024/25,2024,Semi-finals,,Wed,2025-05-07,21:00,fr,PSG,2,2–1,eng,Arsenal,1,47511,Parc des Princes,Felix Zwayer,Leg 2 of 2; PSG won,main stage,False,False,,,
Champions League,2024/25,2024,Final,,Sat,2025-05-31,21:00,fr,PSG,5,5–0,it,Inter,0,64327,Allianz Arena (Neutral Site),István Kovács,,main stage,,,,,
Champions League,2024/25,2024,First qualifying round,,Tue,2024-07-09,18:30,lt,FK Panevėžys,3,3–0,fi,HJK Helsinki,0,1100,Aukštaitijos stadionas,Luca Cibelli,Leg 1 of 2,qualification,False,False,,,
Champions League,2024/25,2024,First qualifying round,,Tue,2024-07-09,18:45,is,KV,0,0–0,ie,Shamrock,0,1108,Víkingsvöllur,Sigurd Smehus Kringstad,Leg 1 of 2,qualification,False,False,,,
Champions League,2024/25,2024,First qualifying round,,Tue,2024-07-09,18:45,mt,Ħamrun Spartans,0,0–1,gi,Lincoln FC,1,1342,MFA Centenary Stadium,Aleksandar Stavrev,Leg 1 of 2,qualification,False,False,,,
Champions League,2024/25,2024,First qualifying round,,Tue,2024-07-09,19:00,wls,The New Saints,3,3–0,me,FK Dečić,0,963,Park Hall Stadium,Bram Van Driessche,Leg 1 of 2,qualification,False,False,,,
Champions League,2024/25,2024,First qualifying round,,Tue,2024-07-09,20:00,ad,Santa Coloma,1,1–2,xk,Ballkani Therandë,2,445,Estadi Nacional,Marcel Bîrsan,Leg 1 of 2,qualification,False,False,,,
Champions League,2024/25,2024,First qualifying round,,Tue,2024-07-09,21:00,sm,AC Virtus,1,1–7,ro,FCSB,7,1863,San Marino Stadium,Antoni Bandić,Leg 1 of 2,qualification,False,False,,,
Champions League,2024/25,2024,First qualifying round,,Wed,2024-07-10,19:00,sk,Slovan Bratislava,4,4–2,mk,Struga Trim-Lum,2,11259,Štadión Tehelné pole,Stéphanie Frappart,Leg 1 of 2,qualification,False,False,,,
Champions League,2024/25,2024,First qualifying round,,Wed,2024-07-10,19:00,ee,FC Flora,0,0–5,si,NK Celje,5,2002,A. Le Coq Arena,Alejandro Muñíz,Leg 1 of 2,qualification,False,False,,,
Champions League,2024/25,2024,First qualifying round,,Wed,2024-07-10,19:00,fo,KÍ Klaksvík,2,2–0,lu,Differdange,0,1161,Við Djúpumýrar,David Munro,Leg 1 of 2,qualification,False,False,,,
Champions League,2024/25,2024,First qualifying round,,Wed,2024-07-10,20:00,lv,RFS,3,3–0,nir,Larne FC,0,1700,LNK Sporta Parks 2,Ondřej Berka,Leg 1 of 2,qualification,False,False,,,
Champions League,2024/25,2024,First qualifying round,,Wed,2024-07-10,21:00,kz,FC Ordabasy,0,0–0,md,Petrocub,0,16500,Stadion Qajimuqan Muñaytpasov,Patrik Kolarić,Leg 1 of 2,qualification,False,False,,,
Champions League,2024/25,2024,First qualifying round,,Wed,2024-07-10,21:00,ba,B. Banja Luka,1,1–0,al,FK Egnatia,0,7832,Gradski Stadion,Daniel Stefański,Leg 1 of 2,qualification,False,False,,,
Champions League,2024/25,2024,First qualifying round,,Wed,2024-07-10,21:00,bg,Ludogorets,3,3–1,ge,Dinamo Batumi,1,4561,Huvepharma Arena,Robert Schröder,Leg 1 of 2,qualification,False,False,,,
Champions League,2024/25,2024,First qualifying round,,Wed,2024-07-10,21:45,by,Dinamo Minsk,0,0–0,am,Pyunik,0,3487,Városi Stadion,Volen Chinkov,Leg 1 of 2,qualification,False,False,,,
Champions League,2024/25,2024,First qualifying round,,Tue,2024-07-16,16:30,xk,Ballkani Therandë,1,(5) 1–2 (6),ad,Santa Coloma,2,1000,Stadiumi i Qytetit,Oleksii Derevinskyi,Leg 2 of 2; Santa Coloma won; Santa Coloma won a penalty shoot-out following extra time,qualification,True,True,5 - 6,5,6
Champions League,2024/25,2024,First qualifying round,,Tue,2024-07-16,18:00,gi,Lincoln FC,0,(5) 0–1 (4),mt,Ħamrun Spartans,1,720,Europa Point Stadium,Eric Wattellier,Leg 2 of 2; Lincoln FC won; Lincoln FC won a penalty shoot-out following extra time,qualification,True,True,5 - 4,5,4
Champions League,2024/25,2024,First qualifying round,,Tue,2024-07-16,19:00,fi,HJK Helsinki,1,1–1,lt,FK Panevėžys,1,5292,Bolt Arena,Craig Pawson,Leg 2 of 2; FK Panevėžys won,qualification,False,False,,,
Champions League,2024/25,2024,First qualifying round,,Tue,2024-07-16,19:00,si,NK Celje,2,2–1,ee,FC Flora,1,2382,Stadion Z'dežele,Goga Kikacheishvili,Leg 2 of 2; NK Celje won,qualification,False,False,,,
Champions League,2024/25,2024,First qualifying round,,Tue,2024-07-16,20:00,ie,Shamrock,2,2–1,is,KV,1,7632,Tallaght Stadium,Jarred Gillett,Leg 2 of 2; Shamrock won,qualification,False,False,,,
Champions League,2024/25,2024,First qualifying round,,Tue,2024-07-16,20:00,am,Pyunik,0,0–1,by,Dinamo Minsk,1,7400,Vazgen Sargsyan anvan Hanrapetakan Marza...,Snir Levi,Leg 2 of 2; Dinamo Minsk won,qualification,False,False,,,
Champions League,2024/25,2024,First qualifying round,,Tue,2024-07-16,20:30,ro,FCSB,4,4–0,sm,AC Virtus,0,7262,Arena Naţională,Stefan Ebner,Leg 2 of 2; FCSB won,qualification,False,False,,,
Champions League,2024/25,2024,First qualifying round,,Tue,2024-07-16,21:00,me,FK Dečić,1,1–1,wls,The New Saints,1,1400,Stadion Pod Goricom,Atilla Karaoğlan,Leg 2 of 2; The New Saints won,qualification,False,False,,,
Champions League,2024/25,2024,First qualifying round,,Wed,2024-07-17,17:00,mk,Struga Trim-Lum,1,1–2,sk,Slovan Bratislava,2,1223,Stadion Biljanini Izvori,Ricardo de Burgos,Leg 2 of 2; Slovan Bratislava won,qualification,False,False,,,
Champions League,2024/25,2024,First qualifying round,,Wed,2024-07-17,19:00,lu,Differdange,0,0–0,fo,KÍ Klaksvík,0,1950,Stade Parc des Sports,Javier Alberola,Leg 2 of 2; KÍ Klaksvík won,qualification,False,False,,,
Champions League,2024/25,2024,First qualifying round,,Wed,2024-07-17,20:00,md,Petrocub,1,1–0,kz,FC Ordabasy,0,6752,Stadionul Zimbru,Miloš Milanović,Leg 2 of 2; Petrocub won,qualification,False,False,,,
Champions League,2024/25,2024,First qualifying round,,Wed,2024-07-17,20:00,nir,Larne FC,0,0–4,lv,RFS,4,2030,Inver Park,Gustavo Correia,Leg 2 of 2; RFS won,qualification,False,False,,,
Champions League,2024/25,2024,First qualifying round,,Wed,2024-07-17,21:00,al,FK Egnatia,2,(1) 2–1 (4),ba,B. Banja Luka,1,2000,Elbasan Arena,Fabio Maresca,Leg 2 of 2; B. Banja Luka won; B. Banja Luka won a penalty shoot-out following extra time,qualification,True,True,1 - 4,1,4
Champions League,2024/25,2024,First qualifying round,,Wed,2024-07-17,21:00,ge,Dinamo Batumi,1,1–0,bg,Ludogorets,0,14967,Adjarabet Arena,Dario Bel,Leg 2 of 2; Ludogorets won,qualification,False,False,,,
Champions League,2024/25,2024,Second qualifying round,,Tue,2024-07-23,17:00,no,Bodø/Glimt,4,4–0,lv,RFS,0,5427,Aspmyra Stadion,Donald Robertson,Leg 1 of 2,qualification,False,False,,,
Champions League,2024/25,2024,Second qualifying round,,Tue,2024-07-23,18:00,gi,Lincoln FC,0,0–2,az,Qarabağ,2,724,Victoria Stadium,István Vad,Leg 1 of 2,qualification,False,False,,,
Champions League,2024/25,2024,Second qualifying round,,Tue,2024-07-23,18:30,lt,FK Panevėžys,0,0–4,pl,Jagiellonia,4,3580,Aukštaitijos stadionas,Novak Simović,Leg 1 of 2,qualification,False,False,,,
Champions League,2024/25,2024,Second qualifying round,,Tue,2024-07-23,19:00,se,Malmö,4,4–1,fo,KÍ Klaksvík,1,18432,Eleda Stadion,Lukas Fähndrich,Leg 1 of 2,qualification,False,False,,,
Champions League,2024/25,2024,Second qualifying round,,Tue,2024-07-23,20:00,hu,Ferencváros,5,5–0,wls,The New Saints,0,16231,Groupama Arena,Guillermo Cuadra,Leg 1 of 2,qualification,False,False,,,
Champions League,2024/25,2024,Second qualifying round,,Tue,2024-07-23,20:00,cy,APOEL FC,1,1–0,md,Petrocub,0,13801,Neo GSP,Robert Schröder,Leg 1 of 2,qualification,False,False,,,
Champions League,2024/25,2024,Second qualifying round,,Tue,2024-07-23,20:00,ad,Santa Coloma,0,0–3,dk,Midtjylland,3,664,Estadi Nacional,Abdulkadir Bitigen,Leg 1 of 2,qualification,False,False,,,
Champions League,2024/25,2024,Second qualifying round,,Tue,2024-07-23,20:00,ie,Shamrock,0,0–2,cz,Sparta Prague,2,9684,Tallaght Stadium,Joey Kooij,Leg 1 of 2,qualification,False,False,,,
Champions League,2024/25,2024,Second qualifying round,,Tue,2024-07-23,20:30,ro,FCSB,1,1–1,il,Maccabi Tel Aviv,1,26235,Arena Naţională,Gergő Bogár,Leg 1 of 2,qualification,False,False,,,
Champions League,2024/25,2024,Second qualifying round,,Tue,2024-07-23,20:30,ch,Lugano,3,3–4,tr,Fenerbahçe,4,6009,Stockhorn Arena,Tiago Martins,Leg 1 of 2,qualification,False,False,,,
Champions League,2024/25,2024,Second qualifying round,,Tue,2024-07-23,21:00,ua,Dynamo Kyiv,6,6–2,rs,Partizan,2,4712,Natsionalnyi Sportyvnyi Kompleks 'Olimpi...,Christian Dingert,Leg 1 of 2,qualification,False,False,,,
Champions League,2024/25,2024,Second qualifying round,,Wed,2024-07-24,20:15,si,NK Celje,1,1–1,sk,Slovan Bratislava,1,4382,Stadion Z'dežele,Darren England,Leg 1 of 2,qualification,False,False,,,
Champions League,2024/25,2024,Second qualifying round,,Wed,2024-07-24,20:30,gr,PAOK,3,3–2,ba,B. Banja Luka,2,16135,Stadio Toumbas,David Smajc,Leg 1 of 2,qualification,False,False,,,
Champions League,2024/25,2024,Second qualifying round,,Wed,2024-07-24,21:00,bg,Ludogorets,2,2–0,by,Dinamo Minsk,0,5323,Huvepharma Arena,Eldorjan Hamiti,Leg 1 of 2,qualification,False,False,,,
Champions League,2024/25,2024,Second qualifying round,,Tue,2024-07-30,19:00,wls,The New Saints,1,1–2,hu,Ferencváros,2,1022,Park Hall Stadium,Damian Sylwestrzak,Leg 2 of 2; Ferencváros won,qualification,False,False,,,
Champions League,2024/25,2024,Second qualifying round,,Tue,2024-07-30,19:00,cz,Sparta Prague,4,4–2,ie,Shamrock,2,17367,epet Arena,Simone Sozza,Leg 2 of 2; Sparta Prague won,qualification,False,False,,,
Champions League,2024/25,2024,Second qualifying round,,Tue,2024-07-30,19:45,fo,KÍ Klaksvík,3,3–2,se,Malmö,2,1247,Við Djúpumýrar,Vitālijs Spasjoņņikovs,Leg 2 of 2; Malmö won,qualification,False,False,,,
Champions League,2024/25,2024,Second qualifying round,,Tue,2024-07-30,20:00,md,Petrocub,1,1–1,cy,APOEL FC,1,7500,Stadionul Municipal,Fedayi San,Leg 2 of 2; APOEL FC won,qualification,False,False,,,
Champions League,2024/25,2024,Second qualifying round,,Tue,2024-07-30,20:00,tr,Fenerbahçe,2,2–1,ch,Lugano,1,37281,Ülker Stadyumu Fenerbahçe Şükrü Saracoğl...,Robert Jones,Leg 2 of 2; Fenerbahçe won,qualification,False,False,,,
Champions League,2024/25,2024,Second qualifying round,,Tue,2024-07-30,20:00,az,Qarabağ,5,5–0,gi,Lincoln FC,0,23700,Tofiq Bəhramov adına Respublika stadionu,Jakob Sundberg,Leg 2 of 2; Qarabağ won,qualification,False,False,,,
Champions League,2024/25,2024,Second qualifying round,,Tue,2024-07-30,20:30,sk,Slovan Bratislava,5,5–0,si,NK Celje,0,17197,Štadión Tehelné pole,Fabio Maresca,Leg 2 of 2; Slovan Bratislava won,qualification,False,False,,,
Champions League,2024/25,2024,Second qualifying round,,Wed,2024-07-31,19:15,dk,Midtjylland,1,1–0,ad,Santa Coloma,0,7917,MCH Arena,Robert Hennessy,Leg 2 of 2; Midtjylland won,qualification,False,False,,,
Champions League,2024/25,2024,Second qualifying round,,Wed,2024-07-31,20:00,rs,Partizan,0,0–3,ua,Dynamo Kyiv,3,10,Stadion Partizana,Marian Barbu,Leg 2 of 2; Dynamo Kyiv won,qualification,False,False,,,
Champions League,2024/25,2024,Second qualifying round,,Wed,2024-07-31,20:00,lv,RFS,1,1–3,no,Bodø/Glimt,3,1678,Stadions Arkādija Grass,Viktor Kopievskii,Leg 2 of 2; Bodø/Glimt won,qualification,False,False,,,
Champions League,2024/25,2024,Second qualifying round,,Wed,2024-07-31,20:00,il,Maccabi Tel Aviv,0,0–1,ro,FCSB,1,643,Bozsik Aréna,Jérémie Pignard,Leg 2 of 2; FCSB won,qualification,False,False,,,
Champions League,2024/25,2024,Second qualifying round,,Wed,2024-07-31,20:30,pl,Jagiellonia,3,3–1,lt,FK Panevėžys,1,17589,Chorten Arena,Vassilis Fotias,Leg 2 of 2; Jagiellonia won,qualification,False,False,,,
Champions League,2024/25,2024,Second qualifying round,,Wed,2024-07-31,21:00,ba,B. Banja Luka,0,0–1,gr,PAOK,1,9500,Gradski Stadion,Sander van der Eijk,Leg 2 of 2; PAOK won,qualification,False,False,,,
Champions League,2024/25,2024,Second qualifying round,,Wed,2024-07-31,21:45,by,Dinamo Minsk,1,1–0,bg,Ludogorets,0,10,Városi Stadion,Igal Frid,Leg 2 of 2; Ludogorets won,qualification,False,False,,,
Champions League,2024/25,2024,Third qualifying round,,Tue,2024-08-06,19:00,se,Malmö,2,2–2,gr,PAOK,2,18658,Eleda Stadion,John Beaton,Leg 1 of 2,qualification,False,False,,,
Champions League,2024/25,2024,Third qualifying round,,Tue,2024-08-06,19:15,dk,Midtjylland,2,2–0,hu,Ferencváros,0,8449,MCH Arena,Matej Jug,Leg 1 of 2,qualification,False,False,,,
Champions League,2024/25,2024,Third qualifying round,,Tue,2024-08-06,20:00,cz,Sparta Prague,1,1–1,ro,FCSB,1,17229,epet Arena,Rohit Saggi,Leg 1 of 2,qualification,False,False,,,
Champions League,2024/25,2024,Third qualifying round,,Tue,2024-08-06,20:00,ua,Dynamo Kyiv,1,1–1,sct,Rangers,1,8315,Motor Lublin Arena,Donatas Rumšas,Leg 1 of 2,qualification,False,False,,,
Champions League,2024/25,2024,Third qualifying round,,Tue,2024-08-06,20:00,az,Qarabağ,1,1–2,bg,Ludogorets,2,29300,Tofiq Bəhramov adına Respublika stadionu,Urs Schnyder,Leg 1 of 2,qualification,False,False,,,
Champions League,2024/25,2024,Third qualifying round,,Tue,2024-08-06,20:30,fr,Lille,2,2–1,tr,Fenerbahçe,1,12908,Stade du Hainaut,István Kovács,Leg 1 of 2,qualification,False,False,,,
Champions League,2024/25,2024,Third qualifying round,,Tue,2024-08-06,20:45,at,RB Salzburg,2,2–1,nl,Twente,1,17381,Red Bull Arena,António Nobre,Leg 1 of 2,qualification,False,False,,,
Champions League,2024/25,2024,Third qualifying round,,Wed,2024-08-07,19:00,cz,Slavia Prague,3,3–1,be,Union SG,1,18470,Fortuna Arena,Tobias Stieler,Leg 1 of 2,qualification,False,False,,,
Champions League,2024/25,2024,Third qualifying round,,Wed,2024-08-07,20:30,sk,Slovan Bratislava,2,2–0,cy,APOEL FC,0,20404,Štadión Tehelné pole (old),Allard Lindhout,Leg 1 of 2,qualification,False,False,,,
Champions League,2024/25,2024,Third qualifying round,,Wed,2024-08-07,20:45,pl,Jagiellonia,0,0–1,no,Bodø/Glimt,1,19447,Chorten Arena,Sven Jablonski,Leg 1 of 2,qualification,False,False,,,
Champions League,2024/25,2024,Third qualifying round,,Tue,2024-08-13,19:00,nl,Twente,3,3–3,at,RB Salzburg,3,29200,De Grolsch Veste,Irfan Peljto,Leg 2 of 2; RB Salzburg won,qualification,False,False,,,
Champions League,2024/25,2024,Third qualifying round,,Tue,2024-08-13,19:00,no,Bodø/Glimt,4,4–1,pl,Jagiellonia,1,7228,Aspmyra Stadion,Benoît Bastien,Leg 2 of 2; Bodø/Glimt won,qualification,False,False,,,
Champions League,2024/25,2024,Third qualifying round,,Tue,2024-08-13,19:45,sct,Rangers,0,0–2,ua,Dynamo Kyiv,2,39180,Hampden Park,Marco Guida,Leg 2 of 2; Dynamo Kyiv won,qualification,False,False,,,
Champions League,2024/25,2024,Third qualifying round,,Tue,2024-08-13,20:00,tr,Fenerbahçe,1,1–1,fr,Lille,1,40474,Ülker Stadyumu Fenerbahçe Şükrü Saracoğl...,Jose Maria Sánchez,Leg 2 of 2; Lille won; Required Extra Time,qualification,True,False,,,
Champions League,2024/25,2024,Third qualifying round,,Tue,2024-08-13,20:00,cy,APOEL FC,0,0–0,sk,Slovan Bratislava,0,13507,Stadio GSP (1902),Sascha Stegemann,Leg 2 of 2; Slovan Bratislava won,qualification,False,False,,,
Champions League,2024/25,2024,Third qualifying round,,Tue,2024-08-13,20:00,hu,Ferencváros,1,1–1,dk,Midtjylland,1,18027,Groupama Arena,Orel Grinfeeld,Leg 2 of 2; Midtjylland won,qualification,False,False,,,
Champions League,2024/25,2024,Third qualifying round,,Tue,2024-08-13,20:30,be,Union SG,0,0–1,cz,Slavia Prague,1,5499,Stade Joseph Mariën,Srđan Jovanović,Leg 2 of 2; Slavia Prague won,qualification,False,False,,,
Champions League,2024/25,2024,Third qualifying round,,Tue,2024-08-13,20:30,gr,PAOK,3,3–4,se,Malmö,4,17678,Stadio Toumbas,Marco Di Bello,Leg 2 of 2; Malmö won; Required Extra Time,qualification,True,False,,,
Champions League,2024/25,2024,Third qualifying round,,Tue,2024-08-13,21:00,bg,Ludogorets,2,2–7,az,Qarabağ,7,7700,Huvepharma Arena,Simone Sozza,Leg 2 of 2; Qarabağ won; Required Extra Time,qualification,True,False,,,
Champions League,2024/25,2024,Third qualifying round,,Tue,2024-08-13,21:30,ro,FCSB,2,2–3,cz,Sparta Prague,3,28875,Stadionul Steaua,Morten Krogh,Leg 2 of 2; Sparta Prague won,qualification,False,False,,,
Champions League,2024/25,2024,Play-off round,,Tue,2024-08-20,21:00,hr,Dinamo Zagreb,3,3–0,az,Qarabağ,0,14073,Stadion Maksimir,Glenn Nyberg,Leg 1 of 2,qualification,False,False,,,
Champions League,2024/25,2024,Play-off round,,Tue,2024-08-20,21:00,no,Bodø/Glimt,2,2–1,rs,Red Star,1,7909,Aspmyra Stadion,Ivan Kružliak,Leg 1 of 2,qualification,False,False,,,
Champions League,2024/25,2024,Play-off round,,Tue,2024-08-20,21:00,fr,Lille,2,2–0,cz,Slavia Prague,0,15019,Stade du Hainaut,Szymon Marciniak,Leg 1 of 2,qualification,False,False,,,
Champions League,2024/25,2024,Play-off round,,Wed,2024-08-21,21:00,ua,Dynamo Kyiv,0,0–2,at,RB Salzburg,2,7126,Motor Lublin Arena,Sandro Schärer,Leg 1 of 2,qualification,False,False,,,
Champions League,2024/25,2024,Play-off round,,Wed,2024-08-21,21:00,se,Malmö,0,0–2,cz,Sparta Prague,2,20589,Eleda Stadion,Jesús Gil,Leg 1 of 2,qualification,False,False,,,
Champions League,2024/25,2024,Play-off round,,Wed,2024-08-21,21:00,dk,Midtjylland,1,1–1,sk,Slovan Bratislava,1,9202,MCH Arena,Alejandro Hernández,Leg 1 of 2,qualification,False,False,,,
Champions League,2024/25,2024,Play-off round,,Wed,2024-08-21,21:00,ch,Young Boys,3,3–2,tr,Galatasaray,2,31500,Stadion Wankdorf,Daniel Siebert,Leg 1 of 2,qualification,False,False,,,
Champions League,2024/25,2024,Play-off round,,Tue,2024-08-27,21:00,at,RB Salzburg,1,1–1,ua,Dynamo Kyiv,1,23289,Red Bull Arena,Halil Umut Meler,Leg 2 of 2; RB Salzburg won,qualification,False,False,,,
Champions League,2024/25,2024,Play-off round,,Tue,2024-08-27,21:00,cz,Sparta Prague,2,2–0,se,Malmö,0,18215,epet Arena,Clément Turpin,Leg 2 of 2; Sparta Prague won,qualification,False,False,,,
Champions League,2024/25,2024,Play-off round,,Tue,2024-08-27,22:00,tr,Galatasaray,0,0–1,ch,Young Boys,1,46827,Ali Sami Yen Stadyumu,Espen Eskås,Leg 2 of 2; Young Boys won,qualification,False,False,,,
Champions League,2024/25,2024,Play-off round,,Wed,2024-08-28,20:45,az,Qarabağ,0,0–2,hr,Dinamo Zagreb,2,29800,Tofiq Bəhramov adına Respublika stadionu,Michael Oliver,Leg 2 of 2; Dinamo Zagreb won,qualification,False,False,,,
Champions League,2024/25,2024,Play-off round,,Wed,2024-08-28,21:00,rs,Red Star,2,2–0,no,Bodø/Glimt,0,46167,Stadion Rajko Mitić,Davide Massa,Leg 2 of 2; Red Star won,qualification,False,False,,,
Champions League,2024/25,2024,Play-off round,,Wed,2024-08-28,21:00,cz,Slavia Prague,2,2–1,fr,Lille,1,18848,Fortuna Arena,Slavko Vinčič,Leg 2 of 2; Lille won,qualification,False,False,,,
Champions League,2024/25,2024,Play-off round,,Wed,2024-08-28,21:00,sk,Slovan Bratislava,3,3–2,dk,Midtjylland,2,21609,Štadión Tehelné pole (old),Tobias Stieler,Leg 2 of 2; Slovan Bratislava won,qualification,False,False,,,
Champions League,2025/26,2025,League phase,1,Tue,2025-09-16,18:45,nl,PSV,1,1–3,be,Union SG,3,35000,Philips Stadion,Anthony Taylor,,main stage,,,,,
Champions League,2025/26,2025,League phase,1,Tue,2025-09-16,18:45,es,Athletic Club,0,0–2,eng,Arsenal,2,51059,San Mamés,Donatas Rumšas,,main stage,,,,,
Champions League,2025/26,2025,League phase,1,Tue,2025-09-16,20:00,pt,Benfica,2,2–3,az,Qarabağ,3,53257,Estádio do Sport Lisboa e Benfica,Erik Lambrechts,,main stage,,,,,
Champions League,2025/26,2025,League phase,1,Tue,2025-09-16,20:00,eng,Tottenham,1,1–0,es,Villarreal,0,54755,Tottenham Hotspur Stadium,Rade Obrenović,,main stage,,,,,
Champions League,2025/26,2025,League phase,1,Tue,2025-09-16,21:00,es,Real Madrid,2,2–1,fr,Marseille,1,74610,Estadio Santiago Bernabéu,Irfan Peljto,,main stage,,,,,
Champions League,2025/26,2025,League phase,1,Tue,2025-09-16,21:00,it,Juventus,4,4–4,de,Dortmund,4,41497,Allianz Stadium,François Letexier,,main stage,,,,,
Champions League,2025/26,2025,League phase,1,Wed,2025-09-17,18:45,cz,Slavia Prague,2,2–2,no,Bodø/Glimt,2,18922,Fortuna Arena,Marian Barbu,,main stage,,,,,
Champions League,2025/26,2025,League phase,1,Wed,2025-09-17,19:45,gr,Olympiacos,0,0–0,cy,Pafos FC,0,32050,Stadio Georgios Karaiskáki,István Kovács,,main stage,,,,,
Champions League,2025/26,2025,League phase,1,Wed,2025-09-17,20:00,eng,Liverpool,3,3–2,es,Atlético Madrid,2,59507,Anfield,Maurizio Mariani,,main stage,,,,,
Champions League,2025/26,2025,League phase,1,Wed,2025-09-17,21:00,fr,PSG,4,4–0,it,Atalanta,0,47151,Parc des Princes,Sandro Schärer,,main stage,,,,,
Champions League,2025/26,2025,League phase,1,Wed,2025-09-17,21:00,de,Bayern Munich,3,3–1,eng,Chelsea,1,75000,Allianz Arena,Jose Maria Sánchez,,main stage,,,,,
Champions League,2025/26,2025,League phase,1,Wed,2025-09-17,21:00,nl,Ajax,0,0–2,it,Inter,2,52288,Johan Cruijff Arena,Michael Oliver,,main stage,,,,,
Champions League,2025/26,2025,League phase,1,Thu,2025-09-18,18:45,dk,FC Copenhagen,2,2–2,de,Leverkusen,2,34504,Parken,Əliyar Ağayev,,main stage,,,,,
Champions League,2025/26,2025,League phase,1,Thu,2025-09-18,18:45,be,Club Brugge,4,4–1,fr,Monaco,1,25007,Jan Breydelstadion,Simone Sozza,,main stage,,,,,
Champions League,2025/26,2025,League phase,1,Thu,2025-09-18,20:00,eng,Newcastle,1,1–2,es,Barcelona,2,52084,St James' Park,Glenn Nyberg,,main stage,,,,,
Champions League,2025/26,2025,League phase,1,Thu,2025-09-18,20:00,pt,Sporting CP,4,4–1,kz,FC Kairat,1,38696,Estádio José Alvalade,Damian Sylwestrzak,,main stage,,,,,
Champions League,2025/26,2025,League phase,1,Thu,2025-09-18,20:00,eng,Manchester City,2,2–0,it,Napoli,0,49531,Etihad Stadium,Felix Zwayer,,main stage,,,,,
Champions League,2025/26,2025,League phase,1,Thu,2025-09-18,21:00,de,Frankfurt,5,5–1,tr,Galatasaray,1,58700,Deutsche Bank Park,Marco Guida,,main stage,,,,,
Champions League,2025/26,2025,League phase,2,Tue,2025-09-30,18:45,it,Atalanta,2,2–1,be,Club Brugge,1,21950,New Balance Arena,Espen Eskås,,main stage,,,,,
Champions League,2025/26,2025,League phase,2,Tue,2025-09-30,20:00,eng,Chelsea,1,1–0,pt,Benfica,0,38636,Stamford Bridge,Daniel Siebert,,main stage,,,,,
Champions League,2025/26,2025,League phase,2,Tue,2025-09-30,21:00,it,Inter,3,3–0,cz,Slavia Prague,0,62317,Stadio Giuseppe Meazza,Chris Kavanagh,,main stage,,,,,
Champions League,2025/26,2025,League phase,2,Tue,2025-09-30,21:00,no,Bodø/Glimt,2,2–2,eng,Tottenham,2,7988,Aspmyra Stadion,Ivan Kružliak,,main stage,,,,,
Champions League,2025/26,2025,League phase,2,Tue,2025-09-30,21:00,fr,Marseille,4,4–0,nl,Ajax,0,65771,Orange Vélodrome,Anthony Taylor,,main stage,,,,,
Champions League,2025/26,2025,League phase,2,Tue,2025-09-30,21:00,es,Atlético Madrid,5,5–1,de,Frankfurt,1,59401,Riyadh Air Metropolitano,Slavko Vinčič,,main stage,,,,,
Champions League,2025/26,2025,League phase,2,Tue,2025-09-30,21:45,kz,FC Kairat,0,0–5,es,Real Madrid,5,22788,Ortalıq Stadion,Marco Guida,,main stage,,,,,
Champions League,2025/26,2025,League phase,2,Tue,2025-09-30,22:00,cy,Pafos FC,1,1–5,de,Bayern Munich,5,9187,Alphamega Stadium,Manfredas Lukjančukas,,main stage,,,,,
Champions League,2025/26,2025,League phase,2,Tue,2025-09-30,22:00,tr,Galatasaray,1,1–0,eng,Liverpool,0,50651,RAMS Park,Clément Turpin,,main stage,,,,,
Champions League,2025/26,2025,League phase,2,Wed,2025-10-01,18:45,be,Union SG,0,0–4,eng,Newcastle,4,16038,Lotto Park,Urs Schnyder,,main stage,,,,,
Champions League,2025/26,2025,League phase,2,Wed,2025-10-01,20:00,eng,Arsenal,2,2–0,gr,Olympiacos,0,56820,Emirates Stadium,François Letexier,,main stage,,,,,
Champions League,2025/26,2025,League phase,2,Wed,2025-10-01,20:45,az,Qarabağ,2,2–0,dk,FC Copenhagen,0,30250,Tofiq Bəhramov adına Respublika stadionu,Serdar Gözübüyük,,main stage,,,,,
Champions League,2025/26,2025,League phase,2,Wed,2025-10-01,21:00,es,Barcelona,1,1–2,fr,PSG,2,50207,Estadi Olímpic Lluís Companys,Michael Oliver,,main stage,,,,,
Champions League,2025/26,2025,League phase,2,Wed,2025-10-01,21:00,it,Napoli,2,2–1,pt,Sporting CP,1,47364,Stadio Diego Armando Maradona,Danny Makkelie,,main stage,,,,,
Champions League,2025/26,2025,League phase,2,Wed,2025-10-01,21:00,de,Dortmund,4,4–1,es,Athletic Club,1,81365,Signal Iduna Park,Szymon Marciniak,,main stage,,,,,
Champions League,2025/26,2025,League phase,2,Wed,2025-10-01,21:00,es,Villarreal,2,2–2,it,Juventus,2,20087,Estadio de la Cerámica,István Kovács,,main stage,,,,,
Champions League,2025/26,2025,League phase,2,Wed,2025-10-01,21:00,fr,Monaco,2,2–2,eng,Manchester City,2,11275,Stade Louis II,Jesús Gil,,main stage,,,,,
Champions League,2025/26,2025,League phase,2,Wed,2025-10-01,21:00,de,Leverkusen,1,1–1,nl,PSV,1,30210,BayArena,Glenn Nyberg,,main stage,,,,,
Champions League,2025/26,2025,League phase,3,Tue,2025-10-21,18:45,es,Barcelona,6,6–1,gr,Olympiacos,1,46264,Estadi Olímpic Lluís Companys,Urs Schnyder,,main stage,,,,,
Champions League,2025/26,2025,League phase,3,Tue,2025-10-21,20:00,eng,Newcastle,3,3–0,pt,Benfica,0,52073,St James' Park,Szymon Marciniak,,main stage,,,,,
Champions League,2025/26,2025,League phase,3,Tue,2025-10-21,20:00,eng,Arsenal,4,4–0,es,Atlético Madrid,0,59200,Emirates Stadium,Davide Massa,,main stage,,,,,
Champions League,2025/26,2025,League phase,3,Tue,2025-10-21,21:00,dk,FC Copenhagen,2,2–4,de,Dortmund,4,35058,Parken,Danny Makkelie,,main stage,,,,,
Champions League,2025/26,2025,League phase,3,Tue,2025-10-21,21:00,be,Union SG,0,0–4,it,Inter,4,16632,Lotto Park,Glenn Nyberg,,main stage,,,,,
Champions League,2025/26,2025,League phase,3,Tue,2025-10-21,21:00,es,Villarreal,0,0–2,eng,Manchester City,2,20539,Estadio de la Cerámica,Serdar Gözübüyük,,main stage,,,,,
Champions League,2025/26,2025,League phase,3,Tue,2025-10-21,21:00,de,Leverkusen,2,2–7,fr,PSG,7,30210,BayArena,Jesús Gil,,main stage,,,,,
Champions League,2025/26,2025,League phase,3,Tue,2025-10-21,21:00,nl,PSV,6,6–2,it,Napoli,2,34700,Philips Stadion,Daniel Siebert,,main stage,,,,,
Champions League,2025/26,2025,League phase,3,Tue,2025-10-21,21:45,kz,FC Kairat,0,0–0,cy,Pafos FC,0,16478,Ortalıq Stadion,Chris Kavanagh,,main stage,,,,,
Champions League,2025/26,2025,League phase,3,Wed,2025-10-22,18:45,es,Athletic Club,3,3–1,az,Qarabağ,1,50741,San Mamés,Igor Pajač,,main stage,,,,,
Champions League,2025/26,2025,League phase,3,Wed,2025-10-22,19:45,tr,Galatasaray,3,3–1,no,Bodø/Glimt,1,45275,RAMS Park,Michael Oliver,,main stage,,,,,
Champions League,2025/26,2025,League phase,3,Wed,2025-10-22,20:00,eng,Chelsea,5,5–1,nl,Ajax,1,38947,Stamford Bridge,Felix Zwayer,,main stage,,,,,
Champions League,2025/26,2025,League phase,3,Wed,2025-10-22,20:00,pt,Sporting CP,2,2–1,fr,Marseille,1,46766,Estádio José Alvalade,Rade Obrenović,,main stage,,,,,
Champions League,2025/26,2025,League phase,3,Wed,2025-10-22,21:00,de,Bayern Munich,4,4–0,be,Club Brugge,0,75000,Allianz Arena,Donatas Rumšas,,main stage,,,,,
Champions League,2025/26,2025,League phase,3,Wed,2025-10-22,21:00,de,Frankfurt,1,1–5,eng,Liverpool,5,58700,Deutsche Bank Park,François Letexier,,main stage,,,,,
Champions League,2025/26,2025,League phase,3,Wed,2025-10-22,21:00,it,Atalanta,0,0–0,cz,Slavia Prague,0,22152,New Balance Arena,Ricardo de Burgos,,main stage,,,,,
Champions League,2025/26,2025,League phase,3,Wed,2025-10-22,21:00,fr,Monaco,0,0–0,eng,Tottenham,0,11365,Stade Louis II,Marco Guida,,main stage,,,,,
Champions League,2025/26,2025,League phase,3,Wed,2025-10-22,21:00,es,Real Madrid,1,1–0,it,Juventus,0,76521,Estadio Santiago Bernabéu,Slavko Vinčič,,main stage,,,,,
Champions League,2025/26,2025,League phase,4,Tue,2025-11-04,18:45,it,Napoli,0,0–0,de,Frankfurt,0,45840,Stadio Diego Armando Maradona,João Pinheiro,,main stage,,,,,
Champions League,2025/26,2025,League phase,4,Tue,2025-11-04,18:45,cz,Slavia Prague,0,0–3,eng,Arsenal,3,19222,Fortuna Arena,Əliyar Ağayev,,main stage,,,,,
Champions League,2025/26,2025,League phase,4,Tue,2025-11-04,20:00,eng,Tottenham,4,4–0,dk,FC Copenhagen,0,49565,Tottenham Hotspur Stadium,Erik Lambrechts,,main stage,,,,,
Champions League,2025/26,2025,League phase,4,Tue,2025-11-04,20:00,eng,Liverpool,1,1–0,es,Real Madrid,0,59916,Anfield,István Kovács,,main stage,,,,,
Champions League,2025/26,2025,League phase,4,Tue,2025-11-04,21:00,fr,PSG,1,1–2,de,Bayern Munich,2,45747,Parc des Princes,Maurizio Mariani,,main stage,,,,,
Champions League,2025/26,2025,League phase,4,Tue,2025-11-04,21:00,it,Juventus,1,1–1,pt,Sporting CP,1,40729,Allianz Stadium,Daniel Siebert,,main stage,,,,,
Champions League,2025/26,2025,League phase,4,Tue,2025-11-04,21:00,es,Atlético Madrid,3,3–1,be,Union SG,1,59347,Riyadh Air Metropolitano,Espen Eskås,,main stage,,,,,
Champions League,2025/26,2025,League phase,4,Tue,2025-11-04,21:00,no,Bodø/Glimt,0,0–1,fr,Monaco,1,7842,Aspmyra Stadion,Damian Sylwestrzak,,main stage,,,,,
Champions League,2025/26,2025,League phase,4,Tue,2025-11-04,22:00,gr,Olympiacos,1,1–1,nl,PSV,1,32570,Stadio Georgios Karaiskáki,Clément Turpin,,main stage,,,,,
Champions League,2025/26,2025,League phase,4,Wed,2025-11-05,19:45,cy,Pafos FC,1,1–0,es,Villarreal,0,6314,Alphamega Stadium,Sven Jablonski,,main stage,,,,,
Champions League,2025/26,2025,League phase,4,Wed,2025-11-05,20:00,eng,Manchester City,4,4–1,de,Dortmund,1,50513,Etihad Stadium,Szymon Marciniak,,main stage,,,,,
Champions League,2025/26,2025,League phase,4,Wed,2025-11-05,20:00,eng,Newcastle,2,2–0,es,Athletic Club,0,51923,St James' Park,Ivan Kružliak,,main stage,,,,,
Champions League,2025/26,2025,League phase,4,Wed,2025-11-05,20:00,pt,Benfica,0,0–1,de,Leverkusen,1,55796,Estádio do Sport Lisboa e Benfica,Simone Sozza,,main stage,,,,,
Champions League,2025/26,2025,League phase,4,Wed,2025-11-05,21:00,fr,Marseille,0,0–1,it,Atalanta,1,64319,Orange Vélodrome,Jose Maria Sánchez,,main stage,,,,,
Champions League,2025/26,2025,League phase,4,Wed,2025-11-05,21:00,nl,Ajax,0,0–3,tr,Galatasaray,3,51000,Johan Cruijff Arena,Benoît Bastien,,main stage,,,,,
Champions League,2025/26,2025,League phase,4,Wed,2025-11-05,21:00,it,Inter,2,2–1,kz,FC Kairat,1,69983,Stadio Giuseppe Meazza,Luís Godinho,,main stage,,,,,
Champions League,2025/26,2025,League phase,4,Wed,2025-11-05,21:00,be,Club Brugge,3,3–3,es,Barcelona,3,27037,Jan Breydelstadion,Anthony Taylor,,main stage,,,,,
Champions League,2025/26,2025,League phase,4,Wed,2025-11-05,21:45,az,Qarabağ,2,2–2,eng,Chelsea,2,30887,Tofiq Bəhramov adına Respublika stadionu,Sebastian Gishamer,,main stage,,,,,
Champions League,2025/26,2025,League phase,5,Tue,2025-11-25,18:45,nl,Ajax,0,0–2,pt,Benfica,2,51154,Johan Cruijff Arena,Sven Jablonski,,main stage,,,,,
Champions League,2025/26,2025,League phase,5,Tue,2025-11-25,20:00,eng,Chelsea,3,3–0,es,Barcelona,0,39323,Stamford Bridge,Slavko Vinčič,,main stage,,,,,
Champions League,2025/26,2025,League phase,5,Tue,2025-11-25,20:00,eng,Manchester City,0,0–2,de,Leverkusen,2,50592,Etihad Stadium,João Pinheiro,,main stage,,,,,
Champions League,2025/26,2025,League phase,5,Tue,2025-11-25,20:45,tr,Galatasaray,0,0–1,be,Union SG,1,45444,RAMS Park,Jose Maria Sánchez,,main stage,,,,,
Champions League,2025/26,2025,League phase,5,Tue,2025-11-25,21:00,no,Bodø/Glimt,2,2–3,it,Juventus,3,7824,Aspmyra Stadion,Danny Makkelie,,main stage,,,,,
Champions League,2025/26,2025,League phase,5,Tue,2025-11-25,21:00,it,Napoli,2,2–0,az,Qarabağ,0,32019,Stadio Diego Armando Maradona,Szymon Marciniak,,main stage,,,,,
Champions League,2025/26,2025,League phase,5,Tue,2025-11-25,21:00,de,Dortmund,4,4–0,es,Villarreal,0,81365,Signal Iduna Park,Davide Massa,,main stage,,,,,
Champions League,2025/26,2025,League phase,5,Tue,2025-11-25,21:00,cz,Slavia Prague,0,0–0,es,Athletic Club,0,19169,Fortuna Arena,Donatas Rumšas,,main stage,,,,,
Champions League,2025/26,2025,League phase,5,Tue,2025-11-25,21:00,fr,Marseille,2,2–1,eng,Newcastle,1,64521,Orange Vélodrome,Maurizio Mariani,,main stage,,,,,
Champions League,2025/26,2025,League phase,5,Wed,2025-11-26,18:45,dk,FC Copenhagen,3,3–2,kz,FC Kairat,2,30231,Parken,Nick Walsh,,main stage,,,,,
Champions League,2025/26,2025,League phase,5,Wed,2025-11-26,19:45,cy,Pafos FC,2,2–2,fr,Monaco,2,8347,Alphamega Stadium,Ivan Kružliak,,main stage,,,,,
Champions League,2025/26,2025,League phase,5,Wed,2025-11-26,20:00,pt,Sporting CP,3,3–0,be,Club Brugge,0,41634,Estádio José Alvalade,Tobias Stieler,,main stage,,,,,
Champions League,2025/26,2025,League phase,5,Wed,2025-11-26,20:00,eng,Arsenal,3,3–1,de,Bayern Munich,1,58780,Emirates Stadium,Marco Guida,,main stage,,,,,
Champions League,2025/26,2025,League phase,5,Wed,2025-11-26,20:00,eng,Liverpool,1,1–4,nl,PSV,4,59964,Anfield,Alejandro Hernández,,main stage,,,,,
Champions League,2025/26,2025,League phase,5,Wed,2025-11-26,21:00,es,Atlético Madrid,2,2–1,it,Inter,1,68069,Riyadh Air Metropolitano,François Letexier,,main stage,,,,,
Champions League,2025/26,2025,League phase,5,Wed,2025-11-26,21:00,de,Frankfurt,0,0–3,it,Atalanta,3,59500,Deutsche Bank Park,Chris Kavanagh,,main stage,,,,,
Champions League,2025/26,2025,League phase,5,Wed,2025-11-26,21:00,fr,PSG,5,5–3,eng,Tottenham,3,47574,Parc des Princes,Felix Zwayer,,main stage,,,,,
Champions League,2025/26,2025,League phase,5,Wed,2025-11-26,22:00,gr,Olympiacos,3,3–4,es,Real Madrid,4,32325,Stadio Georgios Karaiskáki,Michael Oliver,,main stage,,,,,
Champions League,2025/26,2025,League phase,6,Tue,2025-12-09,18:45,de,Bayern Munich,3,3–1,pt,Sporting CP,1,75000,Allianz Arena,Nick Walsh,,main stage,,,,,
Champions League,2025/26,2025,League phase,6,Tue,2025-12-09,20:00,eng,Tottenham,3,3–0,cz,Slavia Prague,0,47281,Tottenham Hotspur Stadium,Benoît Bastien,,main stage,,,,,
Champions League,2025/26,2025,League phase,6,Tue,2025-12-09,20:30,kz,FC Kairat,0,0–1,gr,Olympiacos,1,19463,Astana Arena,Juan Martínez,,main stage,,,,,
Champions League,2025/26,2025,League phase,6,Tue,2025-12-09,21:00,nl,PSV,2,2–3,es,Atlético Madrid,3,34800,Philips Stadion,Michael Oliver,,main stage,,,,,
Champions League,2025/26,2025,League phase,6,Tue,2025-12-09,21:00,it,Inter,0,0–1,eng,Liverpool,1,73892,Stadio Giuseppe Meazza,Felix Zwayer,,main stage,,,,,
Champions League,2025/26,2025,League phase,6,Tue,2025-12-09,21:00,fr,Monaco,1,1–0,tr,Galatasaray,0,9887,Stade Louis II,Danny Makkelie,,main stage,,,,,
Champions League,2025/26,2025,League phase,6,Tue,2025-12-09,21:00,be,Union SG,2,2–3,fr,Marseille,3,16214,Lotto Park,João Pinheiro,,main stage,,,,,
Champions League,2025/26,2025,League phase,6,Tue,2025-12-09,21:00,it,Atalanta,2,2–1,eng,Chelsea,1,20685,New Balance Arena,Alejandro Hernández,,main stage,,,,,
Champions League,2025/26,2025,League phase,6,Tue,2025-12-09,21:00,es,Barcelona,2,2–1,de,Frankfurt,1,38439,Spotify Camp Nou,Davide Massa,,main stage,,,,,
Champions League,2025/26,2025,League phase,6,Wed,2025-12-10,18:45,es,Villarreal,2,2–3,dk,FC Copenhagen,3,17023,Estadio de la Cerámica,Ivan Kružliak,,main stage,,,,,
Champions League,2025/26,2025,League phase,6,Wed,2025-12-10,20:00,pt,Benfica,2,2–0,it,Napoli,0,54353,Estádio do Sport Lisboa e Benfica,Slavko Vinčič,,main stage,,,,,
Champions League,2025/26,2025,League phase,6,Wed,2025-12-10,21:00,de,Dortmund,2,2–2,no,Bodø/Glimt,2,81365,Signal Iduna Park,Erik Lambrechts,,main stage,,,,,
Champions League,2025/26,2025,League phase,6,Wed,2025-12-10,21:00,be,Club Brugge,0,0–3,eng,Arsenal,3,26464,Jan Breydelstadion,Sven Jablonski,,main stage,,,,,
Champions League,2025/26,2025,League phase,6,Wed,2025-12-10,21:00,de,Leverkusen,2,2–2,eng,Newcastle,2,30210,BayArena,Serdar Gözübüyük,,main stage,,,,,
Champions League,2025/26,2025,League phase,6,Wed,2025-12-10,21:00,es,Athletic Club,0,0–0,fr,PSG,0,51772,San Mamés,Daniel Siebert,,main stage,,,,,
Champions League,2025/26,2025,League phase,6,Wed,2025-12-10,21:00,es,Real Madrid,1,1–2,eng,Manchester City,2,76977,Estadio Santiago Bernabéu,Clément Turpin,,main stage,,,,,
Champions League,2025/26,2025,League phase,6,Wed,2025-12-10,21:00,it,Juventus,2,2–0,cy,Pafos FC,0,40336,Allianz Stadium,Jesús Gil,,main stage,,,,,
Champions League,2025/26,2025,League phase,6,Wed,2025-12-10,21:45,az,Qarabağ,2,2–4,nl,Ajax,4,31090,Tofiq Bəhramov adına Respublika stadionu,Rade Obrenović,,main stage,,,,,
Champions League,2025/26,2025,League phase,7,Tue,2026-01-20,18:45,no,Bodø/Glimt,3,3–1,eng,Manchester City,1,8016,Aspmyra Stadion,Sven Jablonski,,main stage,,,,,
Champions League,2025/26,2025,League phase,7,Tue,2026-01-20,20:00,eng,Tottenham,2,2–0,de,Dortmund,0,52713,Tottenham Hotspur Stadium,Glenn Nyberg,,main stage,,,,,
Champions League,2025/26,2025,League phase,7,Tue,2026-01-20,20:00,pt,Sporting CP,2,2–1,fr,PSG,1,51428,Estádio José Alvalade,Anthony Taylor,,main stage,,,,,
Champions League,2025/26,2025,League phase,7,Tue,2026-01-20,20:30,kz,FC Kairat,1,1–4,be,Club Brugge,4,11324,Astana Arena,Donatas Rumšas,,main stage,,,,,
Champions League,2025/26,2025,League phase,7,Tue,2026-01-20,21:00,dk,FC Copenhagen,1,1–1,it,Napoli,1,35022,Parken,Irfan Peljto,,main stage,,,,,
Champions League,2025/26,2025,League phase,7,Tue,2026-01-20,21:00,it,Inter,1,1–3,eng,Arsenal,3,72649,Stadio Giuseppe Meazza,João Pinheiro,,main stage,,,,,
Champions League,2025/26,2025,League phase,7,Tue,2026-01-20,21:00,es,Real Madrid,6,6–1,fr,Monaco,1,73599,Estadio Santiago Bernabéu,Espen Eskås,,main stage,,,,,
Champions League,2025/26,2025,League phase,7,Tue,2026-01-20,21:00,es,Villarreal,1,1–2,nl,Ajax,2,14023,Estadio de la Cerámica,Nick Walsh,,main stage,,,,,
Champions League,2025/26,2025,League phase,7,Tue,2026-01-20,22:00,gr,Olympiacos,2,2–0,de,Leverkusen,0,32400,Stadio Georgios Karaiskáki,Maurizio Mariani,,main stage,,,,,
Champions League,2025/26,2025,League phase,7,Wed,2026-01-21,20:00,eng,Chelsea,1,1–0,cy,Pafos FC,0,30744,Stamford Bridge,Erik Lambrechts,,main stage,,,,,
Champions League,2025/26,2025,League phase,7,Wed,2026-01-21,20:00,eng,Newcastle,3,3–0,nl,PSV,0,52076,St James' Park,Daniel Siebert,,main stage,,,,,
Champions League,2025/26,2025,League phase,7,Wed,2026-01-21,20:45,tr,Galatasaray,1,1–1,es,Atlético Madrid,1,48443,RAMS Park,István Kovács,,main stage,,,,,
Champions League,2025/26,2025,League phase,7,Wed,2026-01-21,21:00,it,Atalanta,2,2–3,es,Athletic Club,3,21462,New Balance Arena,Danny Makkelie,,main stage,,,,,
Champions League,2025/26,2025,League phase,7,Wed,2026-01-21,21:00,it,Juventus,2,2–0,pt,Benfica,0,41626,Allianz Stadium,Serdar Gözübüyük,,main stage,,,,,
Champions League,2025/26,2025,League phase,7,Wed,2026-01-21,21:00,de,Bayern Munich,2,2–0,be,Union SG,0,66000,Allianz Arena,Rade Obrenović,,main stage,,,,,
Champions League,2025/26,2025,League phase,7,Wed,2026-01-21,21:00,fr,Marseille,0,0–3,eng,Liverpool,3,65631,Orange Vélodrome,Slavko Vinčič,,main stage,,,,,
Champions League,2025/26,2025,League phase,7,Wed,2026-01-21,21:00,cz,Slavia Prague,2,2–4,es,Barcelona,4,19242,Fortuna Arena,Chris Kavanagh,,main stage,,,,,
Champions League,2025/26,2025,League phase,7,Wed,2026-01-21,21:45,az,Qarabağ,3,3–2,de,Frankfurt,2,27820,Tofiq Bəhramov adına Respublika stadionu,Sandro Schärer,,main stage,,,,,
Champions League,2025/26,2025,League phase,8,Wed,2026-01-28,20:00,eng,Liverpool,6,6–0,az,Qarabağ,0,60043,Anfield,Ivan Kružliak,,main stage,,,,,
Champions League,2025/26,2025,League phase,8,Wed,2026-01-28,20:00,pt,Benfica,4,4–2,es,Real Madrid,2,64305,Estádio do Sport Lisboa e Benfica,Davide Massa,,main stage,,,,,
Champions League,2025/26,2025,League phase,8,Wed,2026-01-28,20:00,eng,Manchester City,2,2–0,tr,Galatasaray,0,35259,Etihad Stadium,Alejandro Hernández,,main stage,,,,,
Champions League,2025/26,2025,League phase,8,Wed,2026-01-28,20:00,eng,Arsenal,3,3–2,kz,FC Kairat,2,50200,Emirates Stadium,Urs Schnyder,,main stage,,,,,
Champions League,2025/26,2025,League phase,8,Wed,2026-01-28,21:00,es,Barcelona,4,4–1,dk,FC Copenhagen,1,44609,Spotify Camp Nou,Benoît Bastien,,main stage,,,,,
Champions League,2025/26,2025,League phase,8,Wed,2026-01-28,21:00,it,Napoli,2,2–3,eng,Chelsea,3,46513,Stadio Diego Armando Maradona,Clément Turpin,,main stage,,,,,
Champions League,2025/26,2025,League phase,8,Wed,2026-01-28,21:00,fr,Monaco,0,0–0,it,Juventus,0,10287,Stade Louis II,Jose Maria Sánchez,,main stage,,,,,
Champions League,2025/26,2025,League phase,8,Wed,2026-01-28,21:00,de,Frankfurt,0,0–2,eng,Tottenham,2,58000,Deutsche Bank Park,Jesús Gil,,main stage,,,,,
Champions League,2025/26,2025,League phase,8,Wed,2026-01-28,21:00,es,Atlético Madrid,1,1–2,no,Bodø/Glimt,2,58910,Riyadh Air Metropolitano,Maurizio Mariani,,main stage,,,,,
Champions League,2025/26,2025,League phase,8,Wed,2026-01-28,21:00,de,Leverkusen,3,3–0,es,Villarreal,0,30210,BayArena,Espen Eskås,,main stage,,,,,
Champions League,2025/26,2025,League phase,8,Wed,2026-01-28,21:00,fr,PSG,1,1–1,eng,Newcastle,1,47637,Parc des Princes,Slavko Vinčič,,main stage,,,,,
Champions League,2025/26,2025,League phase,8,Wed,2026-01-28,21:00,be,Club Brugge,3,3–0,fr,Marseille,0,26361,Jan Breydelstadion,Marco Guida,,main stage,,,,,
Champions League,2025/26,2025,League phase,8,Wed,2026-01-28,21:00,de,Dortmund,0,0–2,it,Inter,2,81365,Signal Iduna Park,István Kovács,,main stage,,,,,
Champions League,2025/26,2025,League phase,8,Wed,2026-01-28,21:00,nl,PSV,1,1–2,de,Bayern Munich,2,35000,Philips Stadion,João Pinheiro,,main stage,,,,,
Champions League,2025/26,2025,League phase,8,Wed,2026-01-28,21:00,nl,Ajax,1,1–2,gr,Olympiacos,2,51719,Johan Cruijff Arena,François Letexier,,main stage,,,,,
Champions League,2025/26,2025,League phase,8,Wed,2026-01-28,21:00,es,Athletic Club,2,2–3,pt,Sporting CP,3,52065,San Mamés,Felix Zwayer,,main stage,,,,,
Champions League,2025/26,2025,League phase,8,Wed,2026-01-28,21:00,be,Union SG,1,1–0,it,Atalanta,0,15010,Lotto Park,Michael Oliver,,main stage,,,,,
Champions League,2025/26,2025,League phase,8,Wed,2026-01-28,22:00,cy,Pafos FC,4,4–1,cz,Slavia Prague,1,5109,Alphamega Stadium,Tobias Stieler,,main stage,,,,,
Champions League,2025/26,2025,Knockout phase play-offs,,Tue,2026-02-17,20:00,pt,Benfica,0,0–1,es,Real Madrid,1,66387,Estádio do Sport Lisboa e Benfica,François Letexier,Leg 1 of 2,main stage,False,False,,,
Champions League,2025/26,2025,Knockout phase play-offs,,Tue,2026-02-17,20:45,tr,Galatasaray,5,5–2,it,Juventus,2,49977,RAMS Park,Danny Makkelie,Leg 1 of 2,main stage,False,False,,,
Champions League,2025/26,2025,Knockout phase play-offs,,Tue,2026-02-17,21:00,fr,Monaco,2,2–3,fr,PSG,3,10287,Stade Louis II,Jesús Gil,Leg 1 of 2,main stage,False,False,,,
Champions League,2025/26,2025,Knockout phase play-offs,,Tue,2026-02-17,21:15,de,Dortmund,2,2–0,it,Atalanta,0,76900,Signal Iduna Park,Serdar Gözübüyük,Leg 1 of 2,main stage,False,False,,,
Champions League,2025/26,2025,Knockout phase play-offs,,Wed,2026-02-18,21:00,no,Bodø/Glimt,3,3–1,it,Inter,1,7845,Aspmyra Stadion,Daniel Siebert,Leg 1 of 2,main stage,False,False,,,
Champions League,2025/26,2025,Knockout phase play-offs,,Wed,2026-02-18,21:00,be,Club Brugge,3,3–3,es,Atlético Madrid,3,25235,Jan Breydelstadion,Glenn Nyberg,Leg 1 of 2,main stage,False,False,,,
Champions League,2025/26,2025,Knockout phase play-offs,,Wed,2026-02-18,21:45,az,Qarabağ,1,1–6,eng,Newcastle,6,28861,Tofiq Bəhramov adına Respublika stadionu,Espen Eskås,Leg 1 of 2,main stage,False,False,,,
Champions League,2025/26,2025,Knockout phase play-offs,,Wed,2026-02-18,22:00,gr,Olympiacos,0,0–2,de,Leverkusen,2,32300,Stadio Georgios Karaiskáki,João Pinheiro,Leg 1 of 2,main stage,False,False,,,
Champions League,2025/26,2025,Knockout phase play-offs,,Tue,2026-02-24,18:45,es,Atlético Madrid,4,4–1,be,Club Brugge,1,66756,Riyadh Air Metropolitano,Clément Turpin,Leg 2 of 2; Atlético Madrid won,main stage,False,False,,,
Champions League,2025/26,2025,Knockout phase play-offs,,Tue,2026-02-24,20:00,eng,Newcastle,3,3–2,az,Qarabağ,2,50068,St James' Park,Davide Massa,Leg 2 of 2; Newcastle won,main stage,False,False,,,
Champions League,2025/26,2025,Knockout phase play-offs,,Tue,2026-02-24,21:00,it,Inter,1,1–2,no,Bodø/Glimt,2,70441,Stadio Giuseppe Meazza,Alejandro Hernández,Leg 2 of 2; Bodø/Glimt won,main stage,False,False,,,
Champions League,2025/26,2025,Knockout phase play-offs,,Tue,2026-02-24,21:00,de,Leverkusen,0,0–0,gr,Olympiacos,0,30210,BayArena,Michael Oliver,Leg 2 of 2; Leverkusen won,main stage,False,False,,,
Champions League,2025/26,2025,Knockout phase play-offs,,Wed,2026-02-25,18:45,it,Atalanta,4,4–1,de,Dortmund,1,21234,New Balance Arena,Jose Maria Sánchez,Leg 2 of 2; Atalanta won,main stage,False,False,,,
Champions League,2025/26,2025,Knockout phase play-offs,,Wed,2026-02-25,21:00,fr,PSG,2,2–2,fr,Monaco,2,47511,Parc des Princes,István Kovács,Leg 2 of 2; PSG won,main stage,False,False,,,
Champions League,2025/26,2025,Knockout phase play-offs,,Wed,2026-02-25,21:00,it,Juventus,3,3–2,tr,Galatasaray,2,41421,Allianz Stadium,João Pinheiro,Leg 2 of 2; Galatasaray won; Required Extra Time,main stage,True,False,,,
Champions League,2025/26,2025,Knockout phase play-offs,,Wed,2026-02-25,21:00,es,Real Madrid,2,2–1,pt,Benfica,1,76745,Estadio Santiago Bernabéu,Slavko Vinčič,Leg 2 of 2; Real Madrid won,main stage,False,False,,,
Champions League,2025/26,2025,Round of 16,,Tue,2026-03-10,20:00,eng,Newcastle,1,1–1,es,Barcelona,1,52103,St James' Park,Marco Guida,Leg 1 of 2,main stage,False,False,,,
Champions League,2025/26,2025,Round of 16,,Tue,2026-03-10,20:45,tr,Galatasaray,1,1–0,eng,Liverpool,0,51373,RAMS Park,Jesús Gil,Leg 1 of 2,main stage,False,False,,,
Champions League,2025/26,2025,Round of 16,,Tue,2026-03-10,21:00,it,Atalanta,1,1–6,de,Bayern Munich,6,22557,New Balance Arena,Espen Eskås,Leg 1 of 2,main stage,False,False,,,
Champions League,2025/26,2025,Round of 16,,Tue,2026-03-10,21:00,es,Atlético Madrid,5,5–2,eng,Tottenham,2,64168,Riyadh Air Metropolitano,Serdar Gözübüyük,Leg 1 of 2,main stage,False,False,,,
Champions League,2025/26,2025,Round of 16,,Wed,2026-03-11,18:45,de,Leverkusen,1,1–1,eng,Arsenal,1,30210,BayArena,Halil Umut Meler,Leg 1 of 2,main stage,False,False,,,
Champions League,2025/26,2025,Round of 16,,Wed,2026-03-11,21:00,no,Bodø/Glimt,3,3–0,pt,Sporting CP,0,7971,Aspmyra Stadion,Ivan Kružliak,Leg 1 of 2,main stage,False,False,,,
Champions League,2025/26,2025,Round of 16,,Wed,2026-03-11,21:00,fr,PSG,5,5–2,eng,Chelsea,2,47566,Parc des Princes,Alejandro Hernández,Leg 1 of 2,main stage,False,False,,,
Champions League,2025/26,2025,Round of 16,,Wed,2026-03-11,21:00,es,Real Madrid,3,3–0,eng,Manchester City,0,76066,Estadio Santiago Bernabéu,Maurizio Mariani,Leg 1 of 2,main stage,False,False,,,
Champions League,2025/26,2025,Round of 16,,Tue,2026-03-17,17:45,pt,Sporting CP,5,5–0,no,Bodø/Glimt,0,49155,Estádio José Alvalade,Sandro Schärer,Leg 2 of 2; Sporting CP won; Required Extra Time,main stage,True,False,,,
Champions League,2025/26,2025,Round of 16,,Tue,2026-03-17,20:00,eng,Manchester City,1,1–2,es,Real Madrid,2,51103,Etihad Stadium,Clément Turpin,Leg 2 of 2; Real Madrid won,main stage,False,False,,,
Champions League,2025/26,2025,Round of 16,,Tue,2026-03-17,20:00,eng,Chelsea,0,0–3,fr,PSG,3,35811,Stamford Bridge,Slavko Vinčič,Leg 2 of 2; PSG won,main stage,False,False,,,
Champions League,2025/26,2025,Round of 16,,Tue,2026-03-17,20:00,eng,Arsenal,2,2–0,de,Leverkusen,0,57537,Emirates Stadium,Danny Makkelie,Leg 2 of 2; Arsenal won,main stage,False,False,,,
Champions League,2025/26,2025,Round of 16,,Wed,2026-03-18,18:45,es,Barcelona,7,7–2,eng,Newcastle,2,56662,Spotify Camp Nou,François Letexier,Leg 2 of 2; Barcelona won,main stage,False,False,,,
Champions League,2025/26,2025,Round of 16,,Wed,2026-03-18,20:00,eng,Tottenham,3,3–2,es,Atlético Madrid,2,49568,Tottenham Hotspur Stadium,Daniel Siebert,Leg 2 of 2; Atlético Madrid won,main stage,False,False,,,
Champions League,2025/26,2025,Round of 16,,Wed,2026-03-18,20:00,eng,Liverpool,4,4–0,tr,Galatasaray,0,59980,Anfield,Paweł Raczkowski,Leg 2 of 2; Liverpool won,main stage,False,False,,,
Champions League,2025/26,2025,Round of 16,,Wed,2026-03-18,21:00,de,Bayern Munich,4,4–1,it,Atalanta,1,75000,Allianz Arena,Benoît Bastien,Leg 2 of 2; Bayern Munich won,main stage,False,False,,,
Champions League,2025/26,2025,Quarter-finals,,Tue,2026-04-07,20:00,pt,Sporting CP,0,0–1,eng,Arsenal,1,50804,Estádio José Alvalade,Daniel Siebert,Leg 1 of 2,main stage,False,False,,,
Champions League,2025/26,2025,Quarter-finals,,Tue,2026-04-07,21:00,es,Real Madrid,1,1–2,de,Bayern Munich,2,77106,Estadio Santiago Bernabéu,Michael Oliver,Leg 1 of 2,main stage,False,False,,,
Champions League,2025/26,2025,Quarter-finals,,Wed,2026-04-08,21:00,es,Barcelona,0,0–2,es,Atlético Madrid,2,59522,Spotify Camp Nou,István Kovács,Leg 1 of 2,main stage,False,False,,,
Champions League,2025/26,2025,Quarter-finals,,Wed,2026-04-08,21:00,fr,PSG,2,2–0,eng,Liverpool,0,47511,Parc des Princes,Jose Maria Sánchez,Leg 1 of 2,main stage,False,False,,,
Champions League,2025/26,2025,Quarter-finals,,Tue,2026-04-14,20:00,eng,Liverpool,0,0–2,fr,PSG,2,59627,Anfield,Maurizio Mariani,Leg 2 of 2; PSG won,main stage,False,False,,,
Champions League,2025/26,2025,Quarter-finals,,Tue,2026-04-14,21:00,es,Atlético Madrid,1,1–2,es,Barcelona,2,69268,Riyadh Air Metropolitano,Clément Turpin,Leg 2 of 2; Atlético Madrid won,main stage,False,False,,,
Champions League,2025/26,2025,Quarter-finals,,Wed,2026-04-15,20:00,eng,Arsenal,0,0–0,pt,Sporting CP,0,58249,Emirates Stadium,François Letexier,Leg 2 of 2; Arsenal won,main stage,False,False,,,
Champions League,2025/26,2025,Quarter-finals,,Wed,2026-04-15,21:00,de,Bayern Munich,4,4–3,es,Real Madrid,3,75000,Allianz Arena,Slavko Vinčič,Leg 2 of 2; Bayern Munich won,main stage,False,False,,,
Champions League,2025/26,2025,Semi-finals,,Tue,2026-04-28,21:00,fr,PSG,5,5–4,de,Bayern Munich,4,47511,Parc des Princes,Sandro Schärer,Leg 1 of 2,main stage,False,False,,,
Champions League,2025/26,2025,Semi-finals,,Wed,2026-04-29,21:00,es,Atlético Madrid,1,1–1,eng,Arsenal,1,68421,Riyadh Air Metropolitano,Danny Makkelie,Leg 1 of 2,main stage,False,False,,,
Champions League,2025/26,2025,Semi-finals,,Tue,2026-05-05,20:00,eng,Arsenal,1,1–0,es,Atlético Madrid,0,58874,Emirates Stadium,Daniel Siebert,Leg 2 of 2; Arsenal won,main stage,False,False,,,
Champions League,2025/26,2025,Semi-finals,,Wed,2026-05-06,21:00,de,Bayern Munich,1,1–1,fr,PSG,1,75000,Allianz Arena,João Pinheiro,Leg 2 of 2; PSG won,main stage,False,False,,,
Champions League,2025/26,2025,Final,,Sat,2026-05-30,18:00,fr,PSG,1,(4) 1–1 (3),eng,Arsenal,1,61035,Puskás Aréna (Neutral Site),Daniel Siebert,PSG won a penalty shoot-out following extra time,main stage,True,True,4 - 3,4,3
Champions League,2025/26,2025,First qualifying round,,Tue,2025-07-08,18:00,fi,KuPS,1,1–0,md,FC Milsami Orhei,0,2316,Väre Areena,Vitālijs Spasjoņņikovs,Leg 1 of 2,qualification,False,False,,,
Champions League,2025/26,2025,First qualifying round,,Tue,2025-07-08,19:00,si,Olimpija,1,1–1,kz,FC Kairat,1,4877,Stadion Stožice,Christos Vergetis,Leg 1 of 2,qualification,False,False,,,
Champions League,2025/26,2025,First qualifying round,,Tue,2025-07-08,19:00,fo,Víkingur Gøta,2,2–3,gi,Lincoln FC,3,740,Við Djúpumýrar,Lothar D'Hondt,Leg 1 of 2,qualification,False,False,,,
Champions League,2025/26,2025,First qualifying round,,Tue,2025-07-08,19:00,wls,The New Saints,0,0–0,mk,FK Shkëndija,0,1090,Park Hall Stadium,Robert Hennessy,Leg 1 of 2,qualification,False,False,,,
Champions League,2025/26,2025,First qualifying round,,Tue,2025-07-08,19:30,ee,Levadia,0,0–1,lv,RFS,1,2895,A. Le Coq Arena,Tom Owen,Leg 1 of 2,qualification,False,False,,,
Champions League,2025/26,2025,First qualifying round,,Tue,2025-07-08,20:00,ge,Iberia 1999,1,1–3,se,Malmö,3,7449,Mikheil Meskhis Sakhelobis Stadioni,Igor Stojchevski,Leg 1 of 2,qualification,False,False,,,
Champions League,2025/26,2025,First qualifying round,,Tue,2025-07-08,20:00,am,FC Noah,1,1–0,me,Budućnost,0,2905,Kotaik,Volen Chinkov,Leg 1 of 2,qualification,False,False,,,
Champions League,2025/26,2025,First qualifying round,,Tue,2025-07-08,20:00,xk,KF Drita,1,1–0,lu,Differdange,0,4156,Stadiumi Fadil Vokrri,Zorbay Küçük,Leg 1 of 2,qualification,False,False,,,
Champions League,2025/26,2025,First qualifying round,,Tue,2025-07-08,21:00,sm,AC Virtus,0,0–2,ba,Zrinjski Mostar,2,864,San Marino Stadium,Roman Jitari,Leg 1 of 2,qualification,False,False,,,
Champions League,2025/26,2025,First qualifying round,,Tue,2025-07-08,21:00,al,FK Egnatia,1,1–0,is,Breiðablik,0,3563,Egnatia Arena,Antoni Bandić,Leg 1 of 2,qualification,False,False,,,
Champions League,2025/26,2025,First qualifying round,,Wed,2025-07-09,19:00,lt,Žalgiris,2,2–0,mt,Ħamrun Spartans,0,3176,FK „Žalgiris“ Namų Stadionas,Sandi Putros,Leg 1 of 2,qualification,False,False,,,
Champions League,2025/26,2025,First qualifying round,,Wed,2025-07-09,19:45,ie,Shelbourne FC,1,1–0,nir,Linfield FC,0,3655,Tolka Park,Luís Godinho,Leg 1 of 2,qualification,False,False,,,
Champions League,2025/26,2025,First qualifying round,,Wed,2025-07-09,20:30,ro,FCSB,3,3–1,ad,Inter d'Escaldes,1,13080,Stadionul Steaua,Danilo Nikolić,Leg 1 of 2,qualification,False,False,,,
Champions League,2025/26,2025,First qualifying round,,Wed,2025-07-09,20:30,bg,Ludogorets,1,1–0,by,Dinamo Minsk,0,4522,Huvepharma Arena,Christian-Petru Ciochirca,Leg 1 of 2,qualification,False,False,,,
Champions League,2025/26,2025,First qualifying round,,Tue,2025-07-15,17:30,gi,Lincoln FC,1,1–0,fo,Víkingur Gøta,0,758,Europa Point Stadium,Ben McMaster,Leg 2 of 2; Lincoln FC won,qualification,False,False,,,
Champions League,2025/26,2025,First qualifying round,,Tue,2025-07-15,19:00,is,Breiðablik,5,5–0,al,FK Egnatia,0,1150,Kópavogsvöllur,David Dickinson,Leg 2 of 2; Breiðablik won,qualification,False,False,,,
Champions League,2025/26,2025,First qualifying round,,Tue,2025-07-15,19:00,se,Malmö,3,3–1,ge,Iberia 1999,1,13819,Eleda Stadion,Romain Lissorgue,Leg 2 of 2; Malmö won,qualification,False,False,,,
Champions League,2025/26,2025,First qualifying round,,Tue,2025-07-15,19:00,mt,Ħamrun Spartans,2,(11) 2–0 (10),lt,Žalgiris,0,1247,Ta'Qali National Stadium,Matteo Marcenaro,Leg 2 of 2; Ħamrun Spartans won; Ħamrun Spartans won a penalty shoot-out following extra time,qualification,True,True,11 - 10,11,10
Champions League,2025/26,2025,First qualifying round,,Tue,2025-07-15,20:00,lv,RFS,1,1–0,ee,Levadia,0,1700,LNK Sporta Parks,Andrei Chivulete,Leg 2 of 2; RFS won,qualification,False,False,,,
Champions League,2025/26,2025,First qualifying round,,Tue,2025-07-15,20:00,kz,FC Kairat,2,2–0,si,Olimpija,0,22800,Ortalıq Stadion,Matteo Marchetti,Leg 2 of 2; FC Kairat won,qualification,False,False,,,
Champions League,2025/26,2025,First qualifying round,,Tue,2025-07-15,20:00,mk,FK Shkëndija,2,2–1,wls,The New Saints,1,2589,Nationala Arena Toše Proeski,Sayat Karabaev,Leg 2 of 2; FK Shkëndija won; Required Extra Time,qualification,True,False,,,
Champions League,2025/26,2025,First qualifying round,,Tue,2025-07-15,20:00,md,FC Milsami Orhei,0,0–0,fi,KuPS,0,3105,Complexul Sportiv Raional,Mihály Káprály,Leg 2 of 2; KuPS won,qualification,False,False,,,
Champions League,2025/26,2025,First qualifying round,,Tue,2025-07-15,20:00,lu,Differdange,2,2–3,xk,KF Drita,3,1922,Stade Parc des Sports,Viktor Kopievskii,Leg 2 of 2; KF Drita won,qualification,False,False,,,
Champions League,2025/26,2025,First qualifying round,,Tue,2025-07-15,20:30,ad,Inter d'Escaldes,2,2–1,ro,FCSB,1,509,Estadi de la FAF,Ishmael Barbara,Leg 2 of 2; FCSB won,qualification,False,False,,,
Champions League,2025/26,2025,First qualifying round,,Tue,2025-07-15,21:00,ba,Zrinjski Mostar,2,2–1,sm,AC Virtus,1,4600,Stadion Bijeli Brijeg,Visar Kastrati,Leg 2 of 2; Zrinjski Mostar won,qualification,False,False,,,
Champions League,2025/26,2025,First qualifying round,,Tue,2025-07-15,21:00,me,Budućnost,2,2–2,am,FC Noah,2,6150,Stadion Pod Goricom,Matthias Jöllenbeck,Leg 2 of 2; FC Noah won,qualification,False,False,,,
Champions League,2025/26,2025,First qualifying round,,Wed,2025-07-16,19:45,nir,Linfield FC,1,1–1,ie,Shelbourne FC,1,7137,Windsor Park,Andy Madley,Leg 2 of 2; Shelbourne FC won,qualification,False,False,,,
Champions League,2025/26,2025,First qualifying round,,Wed,2025-07-16,20:45,by,Dinamo Minsk,2,2–2,bg,Ludogorets,2,,Városi Stadion,Goga Kikacheishvili,Leg 2 of 2; Ludogorets won; Required Extra Time,qualification,True,False,,,
Champions League,2025/26,2025,Second qualifying round,,Tue,2025-07-22,18:00,gi,Lincoln FC,0,0–1,rs,Red Star,1,622,Europa Point Stadium,Damian Kos,Leg 1 of 2,qualification,False,False,,,
Champions League,2025/26,2025,Second qualifying round,,Tue,2025-07-22,18:00,fi,KuPS,2,2–0,kz,FC Kairat,0,2912,Väre Areena,Alejandro Muñíz,Leg 1 of 2,qualification,False,False,,,
Champions League,2025/26,2025,Second qualifying round,,Tue,2025-07-22,19:00,cz,Viktoria Plzeň,0,0–1,ch,Servette FC,1,11055,Doosan Arena,Nikola Dabanović,Leg 1 of 2,qualification,False,False,,,
Champions League,2025/26,2025,Second qualifying round,,Tue,2025-07-22,19:00,dk,FC Copenhagen,2,2–0,xk,KF Drita,0,17897,Parken,Martin Matoša,Leg 1 of 2,qualification,False,False,,,
Champions League,2025/26,2025,Second qualifying round,,Tue,2025-07-22,19:00,mt,Ħamrun Spartans,0,0–3,ua,Dynamo Kyiv,3,1760,MFA Centenary Stadium,César Soto,Leg 1 of 2,qualification,False,False,,,
Champions League,2025/26,2025,Second qualifying round,,Tue,2025-07-22,19:45,sct,Rangers,2,2–0,gr,Panathinaikos,0,49548,Ibrox Stadium,Donatas Rumšas,Leg 1 of 2,qualification,False,False,,,
Champions League,2025/26,2025,Second qualifying round,,Tue,2025-07-22,20:00,cy,Pafos FC,1,1–1,il,Maccabi Tel Aviv,1,4557,Alphamega Stadium,Mykola Balakin,Leg 1 of 2,qualification,False,False,,,
Champions League,2025/26,2025,Second qualifying round,,Tue,2025-07-22,20:00,mk,FK Shkëndija,1,1–0,ro,FCSB,0,4438,Nationala Arena Toše Proeski,Nathan Verboomen,Leg 1 of 2,qualification,False,False,,,
Champions League,2025/26,2025,Second qualifying round,,Tue,2025-07-22,20:00,am,FC Noah,1,1–2,hu,Ferencváros,2,2800,Kotaik,Ricardo de Burgos,Leg 1 of 2,qualification,False,False,,,
Champions League,2025/26,2025,Second qualifying round,,Tue,2025-07-22,20:00,lv,RFS,1,1–4,se,Malmö,4,1674,LNK Sporta Parks,Miloš Milanović,Leg 1 of 2,qualification,False,False,,,
Champions League,2025/26,2025,Second qualifying round,,Tue,2025-07-22,20:15,sk,Slovan Bratislava,4,4–0,ba,Zrinjski Mostar,0,18257,Štadión Tehelné pole,Jérémie Pignard,Leg 1 of 2,qualification,False,False,,,
Champions League,2025/26,2025,Second qualifying round,,Tue,2025-07-22,20:30,pl,Lech Poznań,7,7–1,is,Breiðablik,1,24859,ENEA Stadion,Jasper Vergoote,Leg 1 of 2,qualification,False,False,,,
Champions League,2025/26,2025,Second qualifying round,,Tue,2025-07-22,20:45,hr,Rijeka,0,0–0,bg,Ludogorets,0,7731,Stadion HNK Rijeka,Elçin Məsiyev,Leg 1 of 2,qualification,False,False,,,
Champions League,2025/26,2025,Second qualifying round,,Wed,2025-07-23,19:00,no,Brann,1,1–4,at,RB Salzburg,4,14587,Brann Stadion,Damian Sylwestrzak,Leg 1 of 2,qualification,False,False,,,
Champions League,2025/26,2025,Second qualifying round,,Wed,2025-07-23,19:45,ie,Shelbourne FC,0,0–3,az,Qarabağ,3,3650,Tolka Park,Ante Čulina,Leg 1 of 2,qualification,False,False,,,
Champions League,2025/26,2025,Second qualifying round,,Tue,2025-07-29,20:00,kz,FC Kairat,3,3–0,fi,KuPS,0,22800,Ortalıq Stadion,Radoslav Gidzhenov,Leg 2 of 2; FC Kairat won,qualification,False,False,,,
Champions League,2025/26,2025,Second qualifying round,,Tue,2025-07-29,20:00,xk,KF Drita,0,0–1,dk,FC Copenhagen,1,7255,Stadiumi Fadil Vokrri,Miguel Nogueira,Leg 2 of 2; FC Copenhagen won,qualification,False,False,,,
Champions League,2025/26,2025,Second qualifying round,,Tue,2025-07-29,20:00,ua,Dynamo Kyiv,3,3–0,mt,Ħamrun Spartans,0,2035,Motor Lublin Arena,Jakob Sundberg,Leg 2 of 2; Dynamo Kyiv won,qualification,False,False,,,
Champions League,2025/26,2025,Second qualifying round,,Tue,2025-07-29,21:00,rs,Red Star,5,5–1,gi,Lincoln FC,1,31241,Stadion Rajko Mitić,António Nobre,Leg 2 of 2; Red Star won,qualification,False,False,,,
Champions League,2025/26,2025,Second qualifying round,,Tue,2025-07-29,21:00,ba,Zrinjski Mostar,2,2–2,sk,Slovan Bratislava,2,4100,Stadion Bijeli Brijeg,Arda Kardeşler,Leg 2 of 2; Slovan Bratislava won,qualification,False,False,,,
Champions League,2025/26,2025,Second qualifying round,,Wed,2025-07-30,18:30,is,Breiðablik,0,0–1,pl,Lech Poznań,1,1471,Kópavogsvöllur,Adam Ladebäck,Leg 2 of 2; Lech Poznań won,qualification,False,False,,,
Champions League,2025/26,2025,Second qualifying round,,Wed,2025-07-30,19:00,se,Malmö,1,1–0,lv,RFS,0,14255,Eleda Stadion,Joey Kooij,Leg 2 of 2; Malmö won,qualification,False,False,,,
Champions League,2025/26,2025,Second qualifying round,,Wed,2025-07-30,20:00,az,Qarabağ,1,1–0,ie,Shelbourne FC,0,25573,Tofiq Bəhramov adına Respublika stadionu,Andrea Colombo,Leg 2 of 2; Qarabağ won,qualification,False,False,,,
Champions League,2025/26,2025,Second qualifying round,,Wed,2025-07-30,20:00,il,Maccabi Tel Aviv,0,0–1,cy,Pafos FC,1,421,TSC Arena,Radu Petrescu,Leg 2 of 2; Pafos FC won,qualification,False,False,,,
Champions League,2025/26,2025,Second qualifying round,,Wed,2025-07-30,20:00,hu,Ferencváros,4,4–3,am,FC Noah,3,17039,Groupama Arena,Robert Jones,Leg 2 of 2; Ferencváros won,qualification,False,False,,,
Champions League,2025/26,2025,Second qualifying round,,Wed,2025-07-30,20:30,bg,Ludogorets,3,3–1,hr,Rijeka,1,6382,Huvepharma Arena,John Beaton,Leg 2 of 2; Ludogorets won; Required Extra Time,qualification,True,False,,,
Champions League,2025/26,2025,Second qualifying round,,Wed,2025-07-30,20:30,ro,FCSB,1,1–2,mk,FK Shkëndija,2,32457,Arena Naţională,Oleksii Derevinskyi,Leg 2 of 2; FK Shkëndija won,qualification,False,False,,,
Champions League,2025/26,2025,Second qualifying round,,Wed,2025-07-30,20:45,at,RB Salzburg,1,1–1,no,Brann,1,11949,Red Bull Arena,Rade Obrenović,Leg 2 of 2; RB Salzburg won,qualification,False,False,,,
Champions League,2025/26,2025,Second qualifying round,,Wed,2025-07-30,21:00,ch,Servette FC,1,1–3,cz,Viktoria Plzeň,3,11716,Stade de Genève,Alejandro Muñíz,Leg 2 of 2; Viktoria Plzeň won,qualification,False,False,,,
Champions League,2025/26,2025,Second qualifying round,,Wed,2025-07-30,21:00,gr,Panathinaikos,1,1–1,sct,Rangers,1,36121,Olympiako Stadio Spyros Louis,Simone Sozza,Leg 2 of 2; Rangers won,qualification,False,False,,,
Champions League,2025/26,2025,Third qualifying round,,Tue,2025-08-05,19:00,se,Malmö,0,0–0,dk,FC Copenhagen,0,20175,Eleda Stadion,João Pinheiro,Leg 1 of 2,qualification,False,False,,,
Champions League,2025/26,2025,Third qualifying round,,Tue,2025-08-05,19:45,sct,Rangers,3,3–0,cz,Viktoria Plzeň,0,45730,Ibrox Stadium,Clément Turpin,Leg 1 of 2,qualification,False,False,,,
Champions League,2025/26,2025,Third qualifying round,,Tue,2025-08-05,20:00,mk,FK Shkëndija,0,0–1,az,Qarabağ,1,15930,Nationala Arena Toše Proeski,Ivan Kružliak,Leg 1 of 2,qualification,False,False,,,
Champions League,2025/26,2025,Third qualifying round,,Tue,2025-08-05,21:00,ua,Dynamo Kyiv,0,0–1,cy,Pafos FC,1,2020,Motor Lublin Arena,Sandro Schärer,Leg 1 of 2,qualification,False,False,,,
Champions League,2025/26,2025,Third qualifying round,,Wed,2025-08-06,19:00,at,RB Salzburg,0,0–1,be,Club Brugge,1,12782,Red Bull Arena,Srđan Jovanović,Leg 1 of 2,qualification,False,False,,,
Champions League,2025/26,2025,Third qualifying round,,Wed,2025-08-06,20:00,kz,FC Kairat,1,1–0,sk,Slovan Bratislava,0,22800,Ortalıq Stadion,Serdar Gözübüyük,Leg 1 of 2,qualification,False,False,,,
Champions League,2025/26,2025,Third qualifying round,,Wed,2025-08-06,20:30,pl,Lech Poznań,1,1–3,rs,Red Star,3,39743,ENEA Stadion,Tobias Stieler,Leg 1 of 2,qualification,False,False,,,
Champions League,2025/26,2025,Third qualifying round,,Wed,2025-08-06,20:30,bg,Ludogorets,0,0–0,hu,Ferencváros,0,6746,Huvepharma Arena,Espen Eskås,Leg 1 of 2,qualification,False,False,,,
Champions League,2025/26,2025,Third qualifying round,,Wed,2025-08-06,21:00,fr,Nice,0,0–2,pt,Benfica,2,26443,Allianz Riviera,Michael Oliver,Leg 1 of 2,qualification,False,False,,,
Champions League,2025/26,2025,Third qualifying round,,Wed,2025-08-06,21:00,nl,Feyenoord,2,2–1,tr,Fenerbahçe,1,42180,Stadion Feijenoord,Glenn Nyberg,Leg 1 of 2,qualification,False,False,,,
Champions League,2025/26,2025,Third qualifying round,,Tue,2025-08-12,19:00,cz,Viktoria Plzeň,2,2–1,sct,Rangers,1,11341,Doosan Arena,Szymon Marciniak,Leg 2 of 2; Rangers won,qualification,False,False,,,
Champions League,2025/26,2025,Third qualifying round,,Tue,2025-08-12,19:00,dk,FC Copenhagen,5,5–0,se,Malmö,0,34233,Parken,Jose Maria Sánchez,Leg 2 of 2; FC Copenhagen won,qualification,False,False,,,
Champions League,2025/26,2025,Third qualifying round,,Tue,2025-08-12,19:30,be,Club Brugge,3,3–2,at,RB Salzburg,2,23736,Jan Breydelstadion,Irfan Peljto,Leg 2 of 2; Club Brugge won,qualification,False,False,,,
Champions League,2025/26,2025,Third qualifying round,,Tue,2025-08-12,20:00,az,Qarabağ,5,5–1,mk,FK Shkëndija,1,30252,Tofiq Bəhramov adına Respublika stadionu,Danny Makkelie,Leg 2 of 2; Qarabağ won,qualification,False,False,,,
Champions League,2025/26,2025,Third qualifying round,,Tue,2025-08-12,20:00,pt,Benfica,2,2–0,fr,Nice,0,64511,Estádio do Sport Lisboa e Benfica,Marco Guida,Leg 2 of 2; Benfica won,qualification,False,False,,,
Champions League,2025/26,2025,Third qualifying round,,Tue,2025-08-12,20:00,tr,Fenerbahçe,5,5–2,nl,Feyenoord,2,39497,Ülker Stadyumu Fenerbahçe Şükrü Saracoğl...,István Kovács,Leg 2 of 2; Fenerbahçe won,qualification,False,False,,,
Champions League,2025/26,2025,Third qualifying round,,Tue,2025-08-12,20:00,cy,Pafos FC,2,2–0,ua,Dynamo Kyiv,0,7601,Alphamega Stadium,Davide Massa,Leg 2 of 2; Pafos FC won,qualification,False,False,,,
Champions League,2025/26,2025,Third qualifying round,,Tue,2025-08-12,20:15,sk,Slovan Bratislava,1,(3) 1–0 (4),kz,FC Kairat,0,21005,Štadión Tehelné pole,Benoît Bastien,Leg 2 of 2; FC Kairat won; FC Kairat won a penalty shoot-out following extra time,qualification,True,True,3 - 4,3,4
Champions League,2025/26,2025,Third qualifying round,,Tue,2025-08-12,20:15,hu,Ferencváros,3,3–0,bg,Ludogorets,0,19111,Groupama Arena,Alejandro Hernández,Leg 2 of 2; Ferencváros won,qualification,False,False,,,
Champions League,2025/26,2025,Third qualifying round,,Tue,2025-08-12,21:00,rs,Red Star,1,1–1,pl,Lech Poznań,1,45371,Stadion Rajko Mitić,François Letexier,Leg 2 of 2; Red Star won,qualification,False,False,,,
Champions League,2025/26,2025,Play-off round,,Tue,2025-08-19,20:00,sct,Rangers,1,1–3,be,Club Brugge,3,43731,Ibrox Stadium,François Letexier,Leg 1 of 2,qualification,False,False,,,
Champions League,2025/26,2025,Play-off round,,Tue,2025-08-19,21:00,hu,Ferencváros,1,1–3,az,Qarabağ,3,19675,Groupama Arena,João Pinheiro,Leg 1 of 2,qualification,False,False,,,
Champions League,2025/26,2025,Play-off round,,Tue,2025-08-19,21:00,rs,Red Star,1,1–2,cy,Pafos FC,2,43411,Stadion Rajko Mitić,Alejandro Hernández,Leg 1 of 2,qualification,False,False,,,
Champions League,2025/26,2025,Play-off round,,Wed,2025-08-20,20:00,sct,Celtic,0,0–0,kz,FC Kairat,0,56182,Celtic Park,Espen Eskås,Leg 1 of 2,qualification,False,False,,,
Champions League,2025/26,2025,Play-off round,,Wed,2025-08-20,21:00,no,Bodø/Glimt,5,5–0,at,Sturm Graz,0,7896,Aspmyra Stadion,Sandro Schärer,Leg 1 of 2,qualification,False,False,,,
Champions League,2025/26,2025,Play-off round,,Wed,2025-08-20,21:00,ch,Basel,1,1–1,dk,FC Copenhagen,1,25847,St. Jakob-Park,Anthony Taylor,Leg 1 of 2,qualification,False,False,,,
Champions League,2025/26,2025,Play-off round,,Wed,2025-08-20,22:00,tr,Fenerbahçe,0,0–0,pt,Benfica,0,41258,Ülker Stadyumu Fenerbahçe Şükrü Saracoğl...,Daniel Siebert,Leg 1 of 2,qualification,False,False,,,
Champions League,2025/26,2025,Play-off round,,Tue,2025-08-26,21:00,at,Sturm Graz,2,2–1,no,Bodø/Glimt,1,9050,28 Black Arena,Szymon Marciniak,Leg 2 of 2; Bodø/Glimt won,qualification,False,False,,,
Champions League,2025/26,2025,Play-off round,,Tue,2025-08-26,21:45,kz,FC Kairat,0,(3) 0–0 (2),sct,Celtic,0,22800,Ortalıq Stadion,Maurizio Mariani,Leg 2 of 2; FC Kairat won; FC Kairat won a penalty shoot-out following extra time,qualification,True,True,3 - 2,3,2
Champions League,2025/26,2025,Play-off round,,Tue,2025-08-26,22:00,cy,Pafos FC,1,1–1,rs,Red Star,1,8422,Alphamega Stadium,Michael Oliver,Leg 2 of 2; Pafos FC won,qualification,False,False,,,
Champions League,2025/26,2025,Play-off round,,Wed,2025-08-27,20:00,pt,Benfica,1,1–0,tr,Fenerbahçe,0,64323,Estádio do Sport Lisboa e Benfica,Slavko Vinčič,Leg 2 of 2; Benfica won,qualification,False,False,,,
Champions League,2025/26,2025,Play-off round,,Wed,2025-08-27,20:45,az,Qarabağ,2,2–3,hu,Ferencváros,3,29744,Tofiq Bəhramov adına Respublika stadionu,Clément Turpin,Leg 2 of 2; Qarabağ won,qualification,False,False,,,
Champions League,2025/26,2025,Play-off round,,Wed,2025-08-27,21:00,be,Club Brugge,6,6–0,sct,Rangers,0,26252,Jan Breydelstadion,Felix Zwayer,Leg 2 of 2; Club Brugge won,qualification,False,False,,,
Champions League,2025/26,2025,Play-off round,,Wed,2025-08-27,21:00,dk,FC Copenhagen,2,2–0,ch,Basel,0,34854,Parken,István Kovács,Leg 2 of 2; FC Copenhagen won,qualification,False,False,,,
Champions League,2026/27,2026,,1,Tue,2026-09-08,18:45,be,Club Brugge,2,2–3,eng,Aston Villa,3,24286,Jan Breydelstadion,Sandro Schärer,,,,,,,
Champions League,2026/27,2026,,1,Tue,2026-09-08,19:45,gr,AEK Athens,1,1–0,at,LASK,0,30221,Agia Sophia Stadium,Luís Godinho,,,,,,,
Champions League,2026/27,2026,,1,Tue,2026-09-08,20:00,pt,Porto,0,0–2,eng,Manchester City,2,49106,Estádio do Dragão,Szymon Marciniak,,,,,,,
Champions League,2026/27,2026,,1,Tue,2026-09-08,21:00,fr,Lille,2,2–3,es,Real Betis,3,38587,Decathlon Arena - Stade Pierre-Mauroy,Georgi Kabakov,,,,,,,
Champions League,2026/27,2026,,1,Tue,2026-09-08,21:00,de,Dortmund,3,3–2,es,Villarreal,2,77500,Signal Iduna Park,Simone Sozza,,,,,,,
Champions League,2026/27,2026,,1,Tue,2026-09-08,21:00,es,Real Madrid,2,2–1,it,Inter,1,74858,Estadio Santiago Bernabéu,Michael Oliver,,,,,,,
Champions League,2026/27,2026,,1,Wed,2026-09-09,18:45,es,Barcelona,5,5–1,nl,Feyenoord,1,45838,Spotify Camp Nou,Sven Jablonski,,,,,,,
Champions League,2026/27,2026,,1,Wed,2026-09-09,18:45,de,Stuttgart,3,3–1,no,Viking,1,57500,MHPArena,Nenad Minaković,,,,,,,
Champions League,2026/27,2026,,1,Wed,2026-09-09,20:00,pt,Sporting CP,3,3–1,tr,Galatasaray,1,44054,Estádio José Alvalade,Espen Eskås,,,,,,,
Champions League,2026/27,2026,,1,Wed,2026-09-09,20:00,eng,Liverpool,2,2–1,es,Atlético Madrid,1,59870,Anfield,Davide Massa,,,,,,,
Champions League,2026/27,2026,,1,Wed,2026-09-09,21:00,it,Napoli,0,0–1,eng,Arsenal,1,44083,Stadio Diego Armando Maradona,Glenn Nyberg,,,,,,,
Champions League,2026/27,2026,,1,Wed,2026-09-09,21:00,fr,Paris SG,6,6–1,sk,Slovan Bratislava,1,47511,Parc des Princes,Mykola Balakin,,,,,,,
Champions League,2026/27,2026,,1,Thu,2026-09-10,18:45,nl,PSV,1,1–1,ua,Shakhtar D.,1,34900,Philips Stadion,Halil Umut Meler,,,,,,,
Champions League,2026/27,2026,,1,Thu,2026-09-10,19:45,tr,Fenerbahçe,1,1–1,it,Roma,1,40577,Chobani Stadyumu Fenerbahçe Şükrü Saraco...,Jesús Gil,,,,,,,
Champions League,2026/27,2026,,1,Thu,2026-09-10,20:00,eng,Manchester Utd,4,4–0,az,Sabah FK,0,73685,Old Trafford,Willy Delajod,,,,,,,
Champions League,2026/27,2026,,1,Thu,2026-09-10,21:00,it,Como,4,4–1,de,RB Leipzig,1,10198,Stadio Giuseppe Sinigaglia,Serdar Gözübüyük,,,,,,,
Champions League,2026/27,2026,,1,Thu,2026-09-10,21:00,cz,Slavia Prague,2,2–3,fr,Lens,3,18542,Fortuna Arena,Vassilis Fotias,,,,,,,
Champions League,2026/27,2026,,1,Thu,2026-09-10,21:00,de,Bayern Munich,5,5–0,no,Bodø/Glimt,0,75000,Allianz Arena,Rade Obrenović,,,,,,,
Champions League,2026/27,2026,,2,Tue,2026-10-13,18:45,fr,Lens,,,pt,Sporting CP,,,Stade Bollaert-Delelis,,,,,,,,
Champions League,2026/27,2026,,2,Tue,2026-10-13,20:00,eng,Arsenal,,,fr,Lille,,,Emirates Stadium,,,,,,,,
Champions League,2026/27,2026,,2,Tue,2026-10-13,20:45,az,Sabah FK,,,cz,Slavia Prague,,,Olimpiya Atletika Stadionu,,,,,,,,
Champions League,2026/27,2026,,2,Tue,2026-10-13,21:00,no,Viking,,,de,Bayern Munich,,,Lyse Arena,,,,,,,,
Champions League,2026/27,2026,,2,Tue,2026-10-13,21:00,es,Atlético Madrid,,,eng,Manchester Utd,,,Riyadh Air Metropolitano,,,,,,,,
Champions League,2026/27,2026,,2,Tue,2026-10-13,21:00,de,RB Leipzig,,,nl,PSV,,,Red Bull Arena,,,,,,,,
Champions League,2026/27,2026,,2,Tue,2026-10-13,21:00,es,Villarreal,,,it,Napoli,,,Estadio de la Cerámica,,,,,,,,
Champions League,2026/27,2026,,2,Tue,2026-10-13,21:00,it,Inter,,,be,Club Brugge,,,Stadio Giuseppe Meazza,,,,,,,,
Champions League,2026/27,2026,,2,Tue,2026-10-13,22:00,tr,Galatasaray,,,es,Barcelona,,,RAMS Park,,,,,,,,
Champions League,2026/27,2026,,2,Wed,2026-10-14,18:45,at,LASK,,,eng,Liverpool,,,Raiffeisen Arena,,,,,,,,
Champions League,2026/27,2026,,2,Wed,2026-10-14,18:45,nl,Feyenoord,,,it,Como,,,Stadion Feijenoord,,,,,,,,
Champions League,2026/27,2026,,2,Wed,2026-10-14,20:00,ua,Shakhtar D.,,,gr,AEK Athens,,,Stamford Bridge,,,,,,,,
Champions League,2026/27,2026,,2,Wed,2026-10-14,20:00,eng,Manchester City,,,fr,Paris SG,,,Etihad Stadium,,,,,,,,
Champions League,2026/27,2026,,2,Wed,2026-10-14,20:00,eng,Aston Villa,,,tr,Fenerbahçe,,,Villa Park,,,,,,,,
Champions League,2026/27,2026,,2,Wed,2026-10-14,21:00,it,Roma,,,es,Real Madrid,,,Stadio Olimpico,,,,,,,,
Champions League,2026/27,2026,,2,Wed,2026-10-14,21:00,no,Bodø/Glimt,,,de,Dortmund,,,Aspmyra Stadion,,,,,,,,
Champions League,2026/27,2026,,2,Wed,2026-10-14,21:00,sk,Slovan Bratislava,,,de,Stuttgart,,,Štadión Tehelné pole,,,,,,,,
Champions League,2026/27,2026,,2,Wed,2026-10-14,21:00,es,Real Betis,,,pt,Porto,,,Estadio La Cartuja de Sevilla,,,,,,,,
Champions League,2026/27,2026,,3,Tue,2026-10-20,19:45,tr,Fenerbahçe,,,cz,Slavia Prague,,,Chobani Stadyumu Fenerbahçe Şükrü Saraco...,,,,,,,,
Champions League,2026/27,2026,,3,Tue,2026-10-20,20:00,eng,Liverpool,,,es,Villarreal,,,Anfield,,,,,,,,
Champions League,2026/27,2026,,3,Tue,2026-10-20,20:00,eng,Manchester City,,,gr,AEK Athens,,,Etihad Stadium,,,,,,,,
Champions League,2026/27,2026,,3,Tue,2026-10-20,20:00,pt,Porto,,,nl,PSV,,,Estádio do Dragão,,,,,,,,
Champions League,2026/27,2026,,3,Tue,2026-10-20,20:45,az,Sabah FK,,,de,Dortmund,,,Olimpiya Atletika Stadionu,,,,,,,,
Champions League,2026/27,2026,,3,Tue,2026-10-20,21:00,it,Napoli,,,no,Bodø/Glimt,,,Stadio Diego Armando Maradona,,,,,,,,
Champions League,2026/27,2026,,3,Tue,2026-10-20,21:00,de,Stuttgart,,,es,Atlético Madrid,,,MHPArena,,,,,,,,
Champions League,2026/27,2026,,3,Tue,2026-10-20,21:00,fr,Paris SG,,,es,Barcelona,,,Parc des Princes,,,,,,,,
Champions League,2026/27,2026,,3,Tue,2026-10-20,21:00,it,Roma,,,sk,Slovan Bratislava,,,Stadio Olimpico,,,,,,,,
Champions League,2026/27,2026,,3,Wed,2026-10-21,18:45,it,Como,,,eng,Manchester Utd,,,Stadio Giuseppe Sinigaglia,,,,,,,,
Champions League,2026/27,2026,,3,Wed,2026-10-21,18:45,fr,Lille,,,tr,Galatasaray,,,Decathlon Arena - Stade Pierre-Mauroy,,,,,,,,
Champions League,2026/27,2026,,3,Wed,2026-10-21,20:00,eng,Aston Villa,,,no,Viking,,,Villa Park,,,,,,,,
Champions League,2026/27,2026,,3,Wed,2026-10-21,20:00,pt,Sporting CP,,,at,LASK,,,Estádio José Alvalade,,,,,,,,
Champions League,2026/27,2026,,3,Wed,2026-10-21,21:00,it,Inter,,,ua,Shakhtar D.,,,Stadio Giuseppe Meazza,,,,,,,,
Champions League,2026/27,2026,,3,Wed,2026-10-21,21:00,es,Real Madrid,,,de,RB Leipzig,,,Estadio Santiago Bernabéu,,,,,,,,
Champions League,2026/27,2026,,3,Wed,2026-10-21,21:00,be,Club Brugge,,,fr,Lens,,,Jan Breydelstadion,,,,,,,,
Champions League,2026/27,2026,,3,Wed,2026-10-21,21:00,de,Bayern Munich,,,eng,Arsenal,,,Allianz Arena,,,,,,,,
Champions League,2026/27,2026,,3,Wed,2026-10-21,21:00,es,Real Betis,,,nl,Feyenoord,,,Estadio La Cartuja de Sevilla,,,,,,,,
Champions League,2026/27,2026,,4,Tue,2026-11-03,17:45,ua,Shakhtar D.,,,pt,Sporting CP,,,Stamford Bridge,,,,,,,,
Champions League,2026/27,2026,,4,Tue,2026-11-03,20:00,eng,Manchester Utd,,,it,Roma,,,Old Trafford,,,,,,,,
Champions League,2026/27,2026,,4,Tue,2026-11-03,20:45,tr,Galatasaray,,,de,Stuttgart,,,RAMS Park,,,,,,,,
Champions League,2026/27,2026,,4,Tue,2026-11-03,21:00,at,LASK,,,sk,Slovan Bratislava,,,Raiffeisen Arena,,,,,,,,
Champions League,2026/27,2026,,4,Tue,2026-11-03,21:00,nl,Feyenoord,,,it,Inter,,,Stadion Feijenoord,,,,,,,,
Champions League,2026/27,2026,,4,Tue,2026-11-03,21:00,es,Atlético Madrid,,,de,Bayern Munich,,,Riyadh Air Metropolitano,,,,,,,,
Champions League,2026/27,2026,,4,Tue,2026-11-03,21:00,es,Villarreal,,,fr,Paris SG,,,Estadio de la Cerámica,,,,,,,,
Champions League,2026/27,2026,,4,Tue,2026-11-03,21:00,es,Barcelona,,,eng,Aston Villa,,,Spotify Camp Nou,,,,,,,,
Champions League,2026/27,2026,,4,Tue,2026-11-03,21:00,no,Bodø/Glimt,,,fr,Lille,,,Aspmyra Stadion,,,,,,,,
Champions League,2026/27,2026,,4,Wed,2026-11-04,19:45,gr,AEK Athens,,,es,Real Madrid,,,Agia Sophia Stadium,,,,,,,,
Champions League,2026/27,2026,,4,Wed,2026-11-04,20:00,pt,Porto,,,it,Napoli,,,Estádio do Dragão,,,,,,,,
Champions League,2026/27,2026,,4,Wed,2026-11-04,20:45,tr,Fenerbahçe,,,eng,Liverpool,,,Chobani Stadyumu Fenerbahçe Şükrü Saraco...,,,,,,,,
Champions League,2026/27,2026,,4,Wed,2026-11-04,21:00,de,RB Leipzig,,,eng,Manchester City,,,Red Bull Arena,,,,,,,,
Champions League,2026/27,2026,,4,Wed,2026-11-04,21:00,no,Viking,,,az,Sabah FK,,,Lyse Arena,,,,,,,,
Champions League,2026/27,2026,,4,Wed,2026-11-04,21:00,de,Dortmund,,,es,Real Betis,,,Signal Iduna Park,,,,,,,,
Champions League,2026/27,2026,,4,Wed,2026-11-04,21:00,nl,PSV,,,be,Club Brugge,,,Philips Stadion,,,,,,,,
Champions League,2026/27,2026,,4,Wed,2026-11-04,21:00,fr,Lens,,,it,Como,,,Stade Bollaert-Delelis,,,,,,,,
Champions League,2026/27,2026,,4,Wed,2026-11-04,21:00,cz,Slavia Prague,,,eng,Arsenal,,,Fortuna Arena,,,,,,,,
Champions League,2026/27,2026,,5,Tue,2026-11-24,18:45,no,Bodø/Glimt,,,at,LASK,,,Aspmyra Stadion,,,,,,,,
Champions League,2026/27,2026,,5,Tue,2026-11-24,20:00,eng,Manchester City,,,it,Napoli,,,Etihad Stadium,,,,,,,,
Champions League,2026/27,2026,,5,Tue,2026-11-24,20:00,eng,Arsenal,,,de,Dortmund,,,Emirates Stadium,,,,,,,,
Champions League,2026/27,2026,,5,Tue,2026-11-24,20:45,tr,Galatasaray,,,eng,Aston Villa,,,RAMS Park,,,,,,,,
Champions League,2026/27,2026,,5,Tue,2026-11-24,21:00,sk,Slovan Bratislava,,,es,Real Betis,,,Štadión Tehelné pole,,,,,,,,
Champions League,2026/27,2026,,5,Tue,2026-11-24,21:00,de,RB Leipzig,,,fr,Lens,,,Red Bull Arena,,,,,,,,
Champions League,2026/27,2026,,5,Tue,2026-11-24,21:00,es,Real Madrid,,,nl,PSV,,,Estadio Santiago Bernabéu,,,,,,,,
Champions League,2026/27,2026,,5,Tue,2026-11-24,21:00,nl,Feyenoord,,,pt,Porto,,,Stadion Feijenoord,,,,,,,,
Champions League,2026/27,2026,,5,Tue,2026-11-24,21:00,it,Como,,,gr,AEK Athens,,,Stadio Giuseppe Sinigaglia,,,,,,,,
Champions League,2026/27,2026,,5,Wed,2026-11-25,18:45,cz,Slavia Prague,,,es,Villarreal,,,Fortuna Arena,,,,,,,,
Champions League,2026/27,2026,,5,Wed,2026-11-25,20:00,pt,Sporting CP,,,eng,Manchester Utd,,,Estádio José Alvalade,,,,,,,,
Champions League,2026/27,2026,,5,Wed,2026-11-25,20:00,ua,Shakhtar D.,,,tr,Fenerbahçe,,,Stamford Bridge,,,,,,,,
Champions League,2026/27,2026,,5,Wed,2026-11-25,21:00,fr,Lille,,,de,Bayern Munich,,,Decathlon Arena - Stade Pierre-Mauroy,,,,,,,,
Champions League,2026/27,2026,,5,Wed,2026-11-25,21:00,be,Club Brugge,,,eng,Liverpool,,,Jan Breydelstadion,,,,,,,,
Champions League,2026/27,2026,,5,Wed,2026-11-25,21:00,es,Atlético Madrid,,,no,Viking,,,Riyadh Air Metropolitano,,,,,,,,
Champions League,2026/27,2026,,5,Wed,2026-11-25,21:00,fr,Paris SG,,,it,Roma,,,Parc des Princes,,,,,,,,
Champions League,2026/27,2026,,5,Wed,2026-11-25,21:00,it,Inter,,,de,Stuttgart,,,Stadio Giuseppe Meazza,,,,,,,,
Champions League,2026/27,2026,,5,Wed,2026-11-25,21:45,az,Sabah FK,,,es,Barcelona,,,Olimpiya Atletika Stadionu,,,,,,,,
Champions League,2026/27,2026,,6,Tue,2026-12-08,18:45,no,Viking,,,nl,Feyenoord,,,Lyse Arena,,,,,,,,
Champions League,2026/27,2026,,6,Tue,2026-12-08,18:45,es,Villarreal,,,az,Sabah FK,,,Estadio de la Cerámica,,,,,,,,
Champions League,2026/27,2026,,6,Tue,2026-12-08,20:00,eng,Aston Villa,,,fr,Paris SG,,,Villa Park,,,,,,,,
Champions League,2026/27,2026,,6,Tue,2026-12-08,20:00,eng,Manchester Utd,,,de,RB Leipzig,,,Old Trafford,,,,,,,,
Champions League,2026/27,2026,,6,Tue,2026-12-08,21:00,de,Bayern Munich,,,cz,Slavia Prague,,,Allianz Arena,,,,,,,,
Champions League,2026/27,2026,,6,Tue,2026-12-08,21:00,it,Roma,,,pt,Sporting CP,,,Stadio Olimpico,,,,,,,,
Champions League,2026/27,2026,,6,Tue,2026-12-08,21:00,it,Napoli,,,be,Club Brugge,,,Stadio Diego Armando Maradona,,,,,,,,
Champions League,2026/27,2026,,6,Tue,2026-12-08,21:00,es,Barcelona,,,eng,Manchester City,,,Spotify Camp Nou,,,,,,,,
Champions League,2026/27,2026,,6,Tue,2026-12-08,22:00,gr,AEK Athens,,,tr,Galatasaray,,,Agia Sophia Stadium,,,,,,,,
Champions League,2026/27,2026,,6,Wed,2026-12-09,18:45,es,Real Betis,,,it,Como,,,Estadio La Cartuja de Sevilla,,,,,,,,
Champions League,2026/27,2026,,6,Wed,2026-12-09,18:45,sk,Slovan Bratislava,,,ua,Shakhtar D.,,,Štadión Tehelné pole,,,,,,,,
Champions League,2026/27,2026,,6,Wed,2026-12-09,20:00,eng,Liverpool,,,pt,Porto,,,Anfield,,,,,,,,
Champions League,2026/27,2026,,6,Wed,2026-12-09,20:00,eng,Arsenal,,,es,Real Madrid,,,Emirates Stadium,,,,,,,,
Champions League,2026/27,2026,,6,Wed,2026-12-09,21:00,de,Dortmund,,,it,Inter,,,Signal Iduna Park,,,,,,,,
Champions League,2026/27,2026,,6,Wed,2026-12-09,21:00,de,Stuttgart,,,fr,Lille,,,MHPArena,,,,,,,,
Champions League,2026/27,2026,,6,Wed,2026-12-09,21:00,fr,Lens,,,no,Bodø/Glimt,,,Stade Bollaert-Delelis,,,,,,,,
Champions League,2026/27,2026,,6,Wed,2026-12-09,21:00,nl,PSV,,,es,Atlético Madrid,,,Philips Stadion,,,,,,,,
Champions League,2026/27,2026,,6,Wed,2026-12-09,21:00,at,LASK,,,tr,Fenerbahçe,,,Raiffeisen Arena,,,,,,,,
Champions League,2026/27,2026,,7,Tue,2027-01-19,18:45,no,Bodø/Glimt,,,es,Atlético Madrid,,,Aspmyra Stadion,,,,,,,,
Champions League,2026/27,2026,,7,Tue,2027-01-19,20:00,eng,Aston Villa,,,de,Dortmund,,,Villa Park,,,,,,,,
Champions League,2026/27,2026,,7,Tue,2027-01-19,20:00,pt,Porto,,,cz,Slavia Prague,,,Estádio do Dragão,,,,,,,,
Champions League,2026/27,2026,,7,Tue,2027-01-19,20:45,tr,Galatasaray,,,nl,Feyenoord,,,RAMS Park,,,,,,,,
Champions League,2026/27,2026,,7,Tue,2027-01-19,21:00,fr,Lille,,,sk,Slovan Bratislava,,,Decathlon Arena - Stade Pierre-Mauroy,,,,,,,,
Champions League,2026/27,2026,,7,Tue,2027-01-19,21:00,de,Stuttgart,,,be,Club Brugge,,,MHPArena,,,,,,,,
Champions League,2026/27,2026,,7,Tue,2027-01-19,21:00,es,Real Madrid,,,at,LASK,,,Estadio Santiago Bernabéu,,,,,,,,
Champions League,2026/27,2026,,7,Tue,2027-01-19,21:00,it,Inter,,,eng,Liverpool,,,Stadio Giuseppe Meazza,,,,,,,,
Champions League,2026/27,2026,,7,Tue,2027-01-19,22:00,gr,AEK Athens,,,it,Roma,,,Agia Sophia Stadium,,,,,,,,
Champions League,2026/27,2026,,7,Wed,2027-01-20,20:00,pt,Sporting CP,,,es,Barcelona,,,Estádio José Alvalade,,,,,,,,
Champions League,2026/27,2026,,7,Wed,2027-01-20,20:00,eng,Manchester Utd,,,de,Bayern Munich,,,Old Trafford,,,,,,,,
Champions League,2026/27,2026,,7,Wed,2027-01-20,20:45,tr,Fenerbahçe,,,es,Villarreal,,,Chobani Stadyumu Fenerbahçe Şükrü Saraco...,,,,,,,,
Champions League,2026/27,2026,,7,Wed,2027-01-20,21:00,fr,Lens,,,eng,Manchester City,,,Stade Bollaert-Delelis,,,,,,,,
Champions League,2026/27,2026,,7,Wed,2027-01-20,21:00,it,Como,,,fr,Paris SG,,,Stadio Giuseppe Sinigaglia,,,,,,,,
Champions League,2026/27,2026,,7,Wed,2027-01-20,21:00,no,Viking,,,nl,PSV,,,Lyse Arena,,,,,,,,
Champions League,2026/27,2026,,7,Wed,2027-01-20,21:00,de,RB Leipzig,,,ua,Shakhtar D.,,,Red Bull Arena,,,,,,,,
Champions League,2026/27,2026,,7,Wed,2027-01-20,21:00,es,Real Betis,,,eng,Arsenal,,,Estadio La Cartuja de Sevilla,,,,,,,,
Champions League,2026/27,2026,,7,Wed,2027-01-20,21:45,az,Sabah FK,,,it,Napoli,,,Olimpiya Atletika Stadionu,,,,,,,,
Champions League,2026/27,2026,,8,Wed,2027-01-27,20:00,eng,Liverpool,,,fr,Lens,,,Anfield,,,,,,,,
Champions League,2026/27,2026,,8,Wed,2027-01-27,20:00,eng,Arsenal,,,az,Sabah FK,,,Emirates Stadium,,,,,,,,
Champions League,2026/27,2026,,8,Wed,2027-01-27,20:00,ua,Shakhtar D.,,,es,Real Madrid,,,Stamford Bridge,,,,,,,,
Champions League,2026/27,2026,,8,Wed,2027-01-27,20:00,eng,Manchester City,,,pt,Sporting CP,,,Etihad Stadium,,,,,,,,
Champions League,2026/27,2026,,8,Wed,2027-01-27,21:00,es,Barcelona,,,it,Como,,,Spotify Camp Nou,,,,,,,,
Champions League,2026/27,2026,,8,Wed,2027-01-27,21:00,es,Villarreal,,,eng,Manchester Utd,,,Estadio de la Cerámica,,,,,,,,
Champions League,2026/27,2026,,8,Wed,2027-01-27,21:00,be,Club Brugge,,,no,Bodø/Glimt,,,Jan Breydelstadion,,,,,,,,
Champions League,2026/27,2026,,8,Wed,2027-01-27,21:00,fr,Paris SG,,,tr,Galatasaray,,,Parc des Princes,,,,,,,,
Champions League,2026/27,2026,,8,Wed,2027-01-27,21:00,at,LASK,,,pt,Porto,,,Raiffeisen Arena,,,,,,,,
Champions League,2026/27,2026,,8,Wed,2027-01-27,21:00,cz,Slavia Prague,,,eng,Aston Villa,,,Fortuna Arena,,,,,,,,
Champions League,2026/27,2026,,8,Wed,2027-01-27,21:00,nl,Feyenoord,,,de,RB Leipzig,,,Stadion Feijenoord,,,,,,,,
Champions League,2026/27,2026,,8,Wed,2027-01-27,21:00,es,Atlético Madrid,,,tr,Fenerbahçe,,,Riyadh Air Metropolitano,,,,,,,,
Champions League,2026/27,2026,,8,Wed,2027-01-27,21:00,de,Dortmund,,,gr,AEK Athens,,,Signal Iduna Park,,,,,,,,
Champions League,2026/27,2026,,8,Wed,2027-01-27,21:00,sk,Slovan Bratislava,,,it,Inter,,,Štadión Tehelné pole,,,,,,,,
Champions League,2026/27,2026,,8,Wed,2027-01-27,21:00,de,Bayern Munich,,,es,Real Betis,,,Allianz Arena,,,,,,,,
Champions League,2026/27,2026,,8,Wed,2027-01-27,21:00,it,Roma,,,fr,Lille,,,Stadio Olimpico,,,,,,,,
Champions League,2026/27,2026,,8,Wed,2027-01-27,21:00,nl,PSV,,,de,Stuttgart,,,Philips Stadion,,,,,,,,
Champions League,2026/27,2026,,8,Wed,2027-01-27,21:00,it,Napoli,,,no,Viking,,,Stadio Diego Armando Maradona,,,,,,,,
Champions League,2026/27,2026,First qualifying round,,Tue,2026-07-07,18:00,gi,Lincoln FC,3,3–1,ad,Inter d'Escaldes,1,721,Europa Point Stadium,João António Gonçalves,Leg 1 of 2,qualification,False,False,,,
Champions League,2026/27,2026,First qualifying round,,Tue,2026-07-07,19:00,is,KV,1,1–0,hu,Győr,0,1108,Víkingsvöllur,Romain Lissorgue,Leg 1 of 2,qualification,False,False,,,
Champions League,2026/27,2026,First qualifying round,,Tue,2026-07-07,19:00,mk,FK Vardar,0,0–2,fi,KuPS,2,3512,Nationala Arena Toše Proeski,Kadir Sağlam,Leg 1 of 2,qualification,False,False,,,
Champions League,2026/27,2026,First qualifying round,,Tue,2026-07-07,19:00,lt,Kauno Žalgiris,1,1–1,xk,KF Drita,1,4484,S. Dariaus ir S. Girėno stadionas,Ívar Orri Kristjánsson,Leg 1 of 2,qualification,False,False,,,
Champions League,2026/27,2026,First qualifying round,,Tue,2026-07-07,19:30,mt,Floriana FC,2,2–0,ie,Shamrock,0,1215,MFA Centenary Stadium,Benjamin Brand,Leg 1 of 2,qualification,False,False,,,
Champions League,2026/27,2026,First qualifying round,,Tue,2026-07-07,19:45,fo,KÍ Klaksvík,2,2–1,lu,FC Atert Bissen,1,1095,Við Djúpumýrar,Dominik Starý,Leg 1 of 2,qualification,False,False,,,
Champions League,2026/27,2026,First qualifying round,,Tue,2026-07-07,20:00,az,Sabah FK,2,2–0,wls,The New Saints,0,7000,Bank Respublika Arena,Patryk Gryckiewicz,Leg 1 of 2,qualification,False,False,,,
Champions League,2026/27,2026,First qualifying round,,Tue,2026-07-07,20:00,am,Ararat-Armenia,2,2–0,lv,Rīga FC,0,2300,Vahagn Tumasyan Stadium,Klym Zabroda,Leg 1 of 2,qualification,False,False,,,
Champions League,2026/27,2026,First qualifying round,,Tue,2026-07-07,20:30,sm,Tre Fiori,0,0–1,nir,Larne FC,1,672,San Marino Stadium,Artem Gasparyan,Leg 1 of 2,qualification,False,False,,,
Champions League,2026/27,2026,First qualifying round,,Tue,2026-07-07,20:30,ba,B. Banja Luka,1,1–1,bg,Levski Sofia,1,10102,Gradski Stadion,Mehmet Türkmen,Leg 1 of 2,qualification,False,False,,,
Champions League,2026/27,2026,First qualifying round,,Wed,2026-07-08,19:00,ee,FC Flora,2,2–3,ge,Iberia 1999,3,2017,A. Le Coq Arena,Sandi Putros,Leg 1 of 2,qualification,False,False,,,
Champions League,2026/27,2026,First qualifying round,,Wed,2026-07-08,19:00,by,ML Vitebsk,1,1–4,ro,CS U Craiova,4,20,Városi Stadion,Luka Bilbija,Leg 1 of 2,qualification,False,False,,,
Champions League,2026/27,2026,First qualifying round,,Wed,2026-07-08,20:00,kz,FC Kairat,2,2–1,me,Sutjeska Nikšić,1,14356,Ortalıq Stadion,Dmytro Panchyshyn,Leg 1 of 2,qualification,False,False,,,
Champions League,2026/27,2026,First qualifying round,,Wed,2026-07-08,20:00,md,Petrocub,1,1–1,al,FK Egnatia,1,8798,Stadionul Zimbru,Sayat Karabaev,Leg 1 of 2,qualification,False,False,,,
Champions League,2026/27,2026,First qualifying round,,Tue,2026-07-14,18:00,ad,Inter d'Escaldes,1,1–1,gi,Lincoln FC,1,350,Estadi Nacional,Sven Wolfensberger,Leg 2 of 2; Lincoln FC won,qualification,False,False,,,
Champions League,2026/27,2026,First qualifying round,,Tue,2026-07-14,18:00,fi,KuPS,2,2–3,mk,FK Vardar,3,2887,Väre Areena,Matthew MacDermid,Leg 2 of 2; KuPS won; Required Extra Time,qualification,True,False,,,
Champions League,2026/27,2026,First qualifying round,,Tue,2026-07-14,18:30,wls,The New Saints,1,1–2,az,Sabah FK,2,1179,Park Hall Stadium,Mateo Busquets,Leg 2 of 2; Sabah FK won,qualification,False,False,,,
Champions League,2026/27,2026,First qualifying round,,Tue,2026-07-14,19:00,hu,Győr,2,2–2,is,KV,2,6138,ETO Park,Mateo Erceg,Leg 2 of 2; KV won,qualification,False,False,,,
Champions League,2026/27,2026,First qualifying round,,Tue,2026-07-14,20:00,ge,Iberia 1999,2,2–2,ee,FC Flora,2,4506,Mikheil Meskhis Sakhelobis Stadioni,Florian Lata,Leg 2 of 2; Iberia 1999 won,qualification,False,False,,,
Champions League,2026/27,2026,First qualifying round,,Tue,2026-07-14,20:00,xk,KF Drita,2,2–3,lt,Kauno Žalgiris,3,2130,Stadiumi Fadil Vokrri,Oğuzhan Çakir,Leg 2 of 2; Kauno Žalgiris won,qualification,False,False,,,
Champions League,2026/27,2026,First qualifying round,,Tue,2026-07-14,20:00,lv,Rīga FC,3,3–2,am,Ararat-Armenia,2,4801,Stadions Skonto,Bence Csonka,Leg 2 of 2; Ararat-Armenia won,qualification,False,False,,,
Champions League,2026/27,2026,First qualifying round,,Tue,2026-07-14,20:00,nir,Larne FC,2,2–1,sm,Tre Fiori,1,1632,Inver Park,Sigurd Smehus Kringstad,Leg 2 of 2; Larne FC won,qualification,False,False,,,
Champions League,2026/27,2026,First qualifying round,,Tue,2026-07-14,20:00,ie,Shamrock,5,5–1,mt,Floriana FC,1,5466,Tallaght Stadium,Joakim Östling,Leg 2 of 2; Shamrock won,qualification,False,False,,,
Champions League,2026/27,2026,First qualifying round,,Tue,2026-07-14,20:30,bg,Levski Sofia,4,4–0,ba,B. Banja Luka,0,17325,Stadion Georgi Asparuhov,Andy Madley,Leg 2 of 2; Levski Sofia won,qualification,False,False,,,
Champions League,2026/27,2026,First qualifying round,,Wed,2026-07-15,20:15,lu,FC Atert Bissen,1,1–2,fo,KÍ Klaksvík,2,2072,Stade de Luxembourg,Igor Stojchevski,Leg 2 of 2; KÍ Klaksvík won,qualification,False,False,,,
Champions League,2026/27,2026,First qualifying round,,Wed,2026-07-15,20:30,ro,CS U Craiova,1,1–0,by,ML Vitebsk,0,14008,Stadionul Ion Oblemenco,Márton Rúsz,Leg 2 of 2; CS U Craiova won,qualification,False,False,,,
Champions League,2026/27,2026,First qualifying round,,Wed,2026-07-15,21:00,al,FK Egnatia,6,6–1,md,Petrocub,1,3250,Egnatia Arena,Philip Farrugia,Leg 2 of 2; FK Egnatia won,qualification,False,False,,,
Champions League,2026/27,2026,First qualifying round,,Wed,2026-07-15,21:00,me,Sutjeska Nikšić,0,0–2,kz,FC Kairat,2,2246,Stadion Kraj Bistrice,Wojciech Myć,Leg 2 of 2; FC Kairat won,qualification,False,False,,,
Champions League,2026/27,2026,Second qualifying round,,Tue,2026-07-21,18:00,se,Mjällby,3,3–0,gi,Lincoln FC,0,3523,Strandvallen A-Plan,Matthew De Gabriele,Leg 1 of 2,qualification,False,False,,,
Champions League,2026/27,2026,Second qualifying round,,Tue,2026-07-21,19:00,dk,AGF,1,1–4,pl,Lech Poznań,4,8943,Cepheus Park Randers,Oliver Reitala,Leg 1 of 2,qualification,False,False,,,
Champions League,2026/27,2026,Second qualifying round,,Tue,2026-07-21,19:00,is,KV,2,2–1,il,H. Be'er Sheva,1,1108,Víkingsvöllur,Filip Glova,Leg 1 of 2,qualification,False,False,,,
Champions League,2026/27,2026,Second qualifying round,,Tue,2026-07-21,19:45,fo,KÍ Klaksvík,0,0–0,lt,Kauno Žalgiris,0,1091,Við Djúpumýrar,Bastien Dechepy,Leg 1 of 2,qualification,False,False,,,
Champions League,2026/27,2026,Second qualifying round,,Tue,2026-07-21,20:00,nir,Larne FC,0,0–4,rs,Red Star,4,2462,Inver Park,Rareș Vidican,Leg 1 of 2,qualification,False,False,,,
Champions League,2026/27,2026,Second qualifying round,,Tue,2026-07-21,20:00,az,Sabah FK,1,1–0,fi,KuPS,0,7100,Bank Respublika Arena,Łukasz Kuźma,Leg 1 of 2,qualification,False,False,,,
Champions League,2026/27,2026,Second qualifying round,,Tue,2026-07-21,20:00,ge,Iberia 1999,0,0–2,sk,Slovan Bratislava,2,7119,Mikheil Meskhis Sakhelobis Stadioni,Lukas Fähndrich,Leg 1 of 2,qualification,False,False,,,
Champions League,2026/27,2026,Second qualifying round,,Tue,2026-07-21,20:00,am,Ararat-Armenia,2,2–0,ie,Shamrock,0,3900,Vazgen Sargsyan anvan Hanrapetakan Marza...,David Dickinson,Leg 1 of 2,qualification,False,False,,,
Champions League,2026/27,2026,Second qualifying round,,Tue,2026-07-21,20:00,ch,Thun,1,1–1,hr,Dinamo Zagreb,1,9000,Stockhorn Arena,Bulat Sariyev,Leg 1 of 2,qualification,False,False,,,
Champions League,2026/27,2026,Second qualifying round,,Tue,2026-07-21,20:30,at,Sturm Graz,4,4–0,sct,Hearts,0,15822,Merkur Arena,Gergő Bogár,Leg 1 of 2,qualification,False,False,,,
Champions League,2026/27,2026,Second qualifying round,,Tue,2026-07-21,21:00,tr,Fenerbahçe,1,1–0,pl,Górnik Zabrze,0,38604,Chobani Stadyumu Fenerbahçe Şükrü Saraco...,Manfredas Lukjančukas,Leg 1 of 2,qualification,False,False,,,
Champions League,2026/27,2026,Second qualifying round,,Wed,2026-07-22,20:00,cy,AC Omonia,1,1–0,kz,FC Kairat,0,14106,Neo GSP,Gustavo Correia,Leg 1 of 2,qualification,False,False,,,
Champions League,2026/27,2026,Second qualifying round,,Wed,2026-07-22,20:30,bg,Levski Sofia,1,1–0,ro,CS U Craiova,0,16118,Stadion Georgi Asparuhov,Adam Ladebäck,Leg 1 of 2,qualification,False,False,,,
Champions League,2026/27,2026,Second qualifying round,,Wed,2026-07-22,21:00,al,FK Egnatia,3,3–3,si,NK Celje,3,4000,Egnatia Arena,Atilla Karaoğlan,Leg 1 of 2,qualification,False,False,,,
Champions League,2026/27,2026,Second qualifying round,,Tue,2026-07-28,18:00,fi,KuPS,0,0–2,az,Sabah FK,2,2980,Väre Areena,Gal Leibovitz,Leg 2 of 2; Sabah FK won,qualification,False,False,,,
Champions League,2026/27,2026,Second qualifying round,,Tue,2026-07-28,18:00,gi,Lincoln FC,0,0–0,se,Mjällby,0,774,Europa Point Stadium,Alexandros Tsakalidis,Leg 2 of 2; Mjällby won,qualification,False,False,,,
Champions League,2026/27,2026,Second qualifying round,,Tue,2026-07-28,19:45,sct,Hearts,0,0–2,at,Sturm Graz,2,17861,Tynecastle Park,Andris Treimanis,Leg 2 of 2; Sturm Graz won,qualification,False,False,,,
Champions League,2026/27,2026,Second qualifying round,,Tue,2026-07-28,20:00,hr,Dinamo Zagreb,3,3–2,ch,Thun,2,17092,Stadion Maksimir,Radoslav Gidzhenov,Leg 2 of 2; Dinamo Zagreb won; Required Extra Time,qualification,True,False,,,
Champions League,2026/27,2026,Second qualifying round,,Tue,2026-07-28,20:00,ie,Shamrock,2,2–1,am,Ararat-Armenia,1,6731,Tallaght Stadium,Samuel Barrott,Leg 2 of 2; Ararat-Armenia won,qualification,False,False,,,
Champions League,2026/27,2026,Second qualifying round,,Tue,2026-07-28,20:15,si,NK Celje,2,(4) 2–2 (1),al,FK Egnatia,2,3470,Stadion Z'dežele,Joey Kooij,Leg 2 of 2; NK Celje won; NK Celje won a penalty shoot-out following extra time,qualification,True,True,4 - 1,4,1
Champions League,2026/27,2026,Second qualifying round,,Wed,2026-07-29,19:00,pl,Lech Poznań,1,(3) 1–4 (4),dk,AGF,4,36215,ENEA Stadion,Juxhin Xhaja,Leg 2 of 2; AGF won; AGF won a penalty shoot-out following extra time,qualification,True,True,3 - 4,3,4
Champions League,2026/27,2026,Second qualifying round,,Wed,2026-07-29,19:00,lt,Kauno Žalgiris,1,1–0,fo,KÍ Klaksvík,0,2275,Jonavos Centrinis Stadionas,David Šmajc,Leg 2 of 2; Kauno Žalgiris won,qualification,False,False,,,
Champions League,2026/27,2026,Second qualifying round,,Wed,2026-07-29,20:00,kz,FC Kairat,1,(6) 1–0 (5),cy,AC Omonia,0,19135,Ortalıq Stadion,Rohit Saggi,Leg 2 of 2; FC Kairat won; FC Kairat won a penalty shoot-out following extra time,qualification,True,True,6 - 5,6,5
Champions League,2026/27,2026,Second qualifying round,,Wed,2026-07-29,20:00,rs,Red Star,5,5–0,nir,Larne FC,0,26114,Stadion Rajko Mitić,Elçin Məsiyev,Leg 2 of 2; Red Star won,qualification,False,False,,,
Champions League,2026/27,2026,Second qualifying round,,Wed,2026-07-29,20:00,pl,Górnik Zabrze,1,1–1,tr,Fenerbahçe,1,28499,Stadion im. Ernesta Pohla,Lothar D'Hondt,Leg 2 of 2; Fenerbahçe won,qualification,False,False,,,
Champions League,2026/27,2026,Second qualifying round,,Wed,2026-07-29,20:15,sk,Slovan Bratislava,1,1–1,ge,Iberia 1999,1,17867,Štadión Tehelné pole,Christian-Petru Ciochirca,Leg 2 of 2; Slovan Bratislava won,qualification,False,False,,,
Champions League,2026/27,2026,Second qualifying round,,Wed,2026-07-29,20:30,ro,CS U Craiova,2,2–2,bg,Levski Sofia,2,27037,Stadionul Ion Oblemenco,Matteo Marcenaro,Leg 2 of 2; Levski Sofia won,qualification,False,False,,,
Champions League,2026/27,2026,Second qualifying round,,Wed,2026-07-29,20:30,il,H. Be'er Sheva,2,2–0,is,KV,0,397,Haladás Stadion,Antoni Bandić,Leg 2 of 2; H. Be'er Sheva won,qualification,False,False,,,
Champions League,2026/27,2026,Third qualifying round,,Tue,2026-08-04,18:00,se,Mjällby,1,1–2,sk,Slovan Bratislava,2,3327,Strandvallen A-Plan,Nick Walsh,Leg 1 of 2,qualification,False,False,,,
Champions League,2026/27,2026,Third qualifying round,,Tue,2026-08-04,19:30,il,H. Be'er Sheva,1,1–0,rs,Red Star,0,882,Haladás Stadion,Jesús Gil,Leg 1 of 2,qualification,False,False,,,
Champions League,2026/27,2026,Third qualifying round,,Tue,2026-08-04,20:00,am,Ararat-Armenia,2,2–1,si,NK Celje,1,8110,Vazgen Sargsyan anvan Hanrapetakan Marza...,Ivan Kružliak,Leg 1 of 2,qualification,False,False,,,
Champions League,2026/27,2026,Third qualifying round,,Tue,2026-08-04,20:00,hr,Dinamo Zagreb,5,5–0,lt,Kauno Žalgiris,0,12147,Stadion Maksimir,Erik Lambrechts,Leg 1 of 2,qualification,False,False,,,
Champions League,2026/27,2026,Third qualifying round,,Tue,2026-08-04,20:00,cz,Sparta Prague,2,2–1,fr,Lyon,1,17515,epet Arena,Serdar Gözübüyük,Leg 1 of 2,qualification,False,False,,,
Champions League,2026/27,2026,Third qualifying round,,Tue,2026-08-04,20:00,be,Union SG,3,3–3,no,Bodø/Glimt,3,4827,Batimont Solar Park,Irfan Peljto,Leg 1 of 2,qualification,False,False,,,
Champions League,2026/27,2026,Third qualifying round,,Tue,2026-08-04,20:30,bg,Levski Sofia,1,1–0,kz,FC Kairat,0,16916,Stadion Georgi Asparuhov,Donatas Rumšas,Leg 1 of 2,qualification,False,False,,,
Champions League,2026/27,2026,Third qualifying round,,Tue,2026-08-04,21:00,gr,Olympiacos,0,0–0,nl,NEC Nijmegen,0,31134,Stadio Georgios Karaiskáki,Jose Maria Sánchez,Leg 1 of 2,qualification,False,False,,,
Champions League,2026/27,2026,Third qualifying round,,Wed,2026-08-05,19:10,dk,AGF,2,2–1,az,Sabah FK,1,8970,Cepheus Park Randers,Rade Obrenović,Leg 1 of 2,qualification,False,False,,,
Champions League,2026/27,2026,Third qualifying round,,Wed,2026-08-05,21:00,tr,Fenerbahçe,2,2–0,at,Sturm Graz,0,39800,Chobani Stadyumu Fenerbahçe Şükrü Saraco...,Chris Kavanagh,Leg 1 of 2,qualification,False,False,,,
Champions League,2026/27,2026,Third qualifying round,,Tue,2026-08-11,18:00,no,Bodø/Glimt,3,3–2,be,Union SG,2,7777,Aspmyra Stadion,István Kovács,Leg 2 of 2; Bodø/Glimt won; Required Extra Time,qualification,True,False,,,
Champions League,2026/27,2026,Third qualifying round,,Tue,2026-08-11,19:30,nl,NEC Nijmegen,2,2–1,gr,Olympiacos,1,11700,Goffertstadion,Maurizio Mariani,Leg 2 of 2; NEC Nijmegen won; Required Extra Time,qualification,True,False,,,
Champions League,2026/27,2026,Third qualifying round,,Tue,2026-08-11,20:00,lt,Kauno Žalgiris,1,1–2,hr,Dinamo Zagreb,2,6051,S. Dariaus ir S. Girėno stadionas,Davide Massa,Leg 2 of 2; Dinamo Zagreb won,qualification,False,False,,,
Champions League,2026/27,2026,Third qualifying round,,Tue,2026-08-11,20:00,rs,Red Star,0,0–2,il,H. Be'er Sheva,2,40833,Stadion Rajko Mitić,Glenn Nyberg,Leg 2 of 2; H. Be'er Sheva won,qualification,False,False,,,
Champions League,2026/27,2026,Third qualifying round,,Tue,2026-08-11,20:00,kz,FC Kairat,0,0–1,bg,Levski Sofia,1,7000,Türkistan Arena,Daniel Siebert,Leg 2 of 2; Levski Sofia won,qualification,False,False,,,
Champions League,2026/27,2026,Third qualifying round,,Tue,2026-08-11,20:00,az,Sabah FK,4,4–0,dk,AGF,0,8900,Bank Respublika Arena,Willy Delajod,Leg 2 of 2; Sabah FK won,qualification,False,False,,,
Champions League,2026/27,2026,Third qualifying round,,Tue,2026-08-11,20:15,sk,Slovan Bratislava,2,2–0,se,Mjällby,0,21350,Štadión Tehelné pole,Michael Oliver,Leg 2 of 2; Slovan Bratislava won,qualification,False,False,,,
Champions League,2026/27,2026,Third qualifying round,,Tue,2026-08-11,20:15,si,NK Celje,2,2–0,am,Ararat-Armenia,0,5060,Stadion Z'dežele,Marco Guida,Leg 2 of 2; NK Celje won,qualification,False,False,,,
Champions League,2026/27,2026,Third qualifying round,,Tue,2026-08-11,20:30,at,Sturm Graz,0,0–1,tr,Fenerbahçe,1,15599,Merkur Arena,Alejandro Hernández,Leg 2 of 2; Fenerbahçe won,qualification,False,False,,,
Champions League,2026/27,2026,Third qualifying round,,Tue,2026-08-11,21:00,fr,Lyon,3,3–0,cz,Sparta Prague,0,51494,Groupama Stadium,Szymon Marciniak,Leg 2 of 2; Lyon won,qualification,False,False,,,
Champions League,2026/27,2026,Play-off round,,Tue,2026-08-18,21:00,hr,Dinamo Zagreb,2,2–2,no,Viking,2,17342,Stadion Maksimir,Serdar Gözübüyük,Leg 1 of 2,qualification,False,False,,,
Champions League,2026/27,2026,Play-off round,,Tue,2026-08-18,22:00,bg,Levski Sofia,0,0–0,gr,AEK Athens,0,38976,Stadion Vasil Levski,Glenn Nyberg,Leg 1 of 2,qualification,False,False,,,
Champions League,2026/27,2026,Play-off round,,Tue,2026-08-18,22:00,tr,Fenerbahçe,1,1–1,fr,Lyon,1,41655,Chobani Stadyumu Fenerbahçe Şükrü Saraco...,Sven Jablonski,Leg 1 of 2,qualification,False,False,,,
Champions League,2026/27,2026,Play-off round,,Wed,2026-08-19,20:00,sct,Celtic,3,3–0,at,LASK,0,55882,Celtic Park,Sandro Schärer,Leg 1 of 2,qualification,False,False,,,
Champions League,2026/27,2026,Play-off round,,Wed,2026-08-19,21:00,nl,NEC Nijmegen,1,1–3,no,Bodø/Glimt,3,11700,Goffertstadion,François Letexier,Leg 1 of 2,qualification,False,False,,,
Champions League,2026/27,2026,Play-off round,,Wed,2026-08-19,21:00,sk,Slovan Bratislava,1,1–1,si,NK Celje,1,21640,Štadión Tehelné pole,Felix Zwayer,Leg 1 of 2,qualification,False,False,,,
Champions League,2026/27,2026,Play-off round,,Wed,2026-08-19,22:00,il,H. Be'er Sheva,2,2–1,az,Sabah FK,1,1048,Superbet Arena-Giulești,Davide Massa,Leg 1 of 2,qualification,False,False,,,
Champions League,2026/27,2026,Play-off round,,Tue,2026-08-25,20:45,az,Sabah FK,5,5–2,il,H. Be'er Sheva,2,27890,Tofiq Bəhramov adına Respublika stadionu,István Kovács,Leg 2 of 2; Sabah FK won; Required Extra Time,qualification,True,False,,,
Champions League,2026/27,2026,Play-off round,,Tue,2026-08-25,21:00,at,LASK,5,5–1,sct,Celtic,1,16252,Raiffeisen Arena,Szymon Marciniak,Leg 2 of 2; LASK won; Required Extra Time,qualification,True,False,,,
Champions League,2026/27,2026,Play-off round,,Tue,2026-08-25,21:00,no,Bodø/Glimt,3,3–0,nl,NEC Nijmegen,0,8009,Aspmyra Stadion,Michael Oliver,Leg 2 of 2; Bodø/Glimt won,qualification,False,False,,,
Champions League,2026/27,2026,Play-off round,,Wed,2026-08-26,21:00,fr,Lyon,1,1–2,tr,Fenerbahçe,2,55443,Groupama Stadium,Maurizio Mariani,Leg 2 of 2; Fenerbahçe won,qualification,False,False,,,
Champions League,2026/27,2026,Play-off round,,Wed,2026-08-26,21:00,no,Viking,3,3–1,hr,Dinamo Zagreb,1,15152,Lyse Arena,Jose Maria Sánchez,Leg 2 of 2; Viking won,qualification,False,False,,,
Champions League,2026/27,2026,Play-off round,,Wed,2026-08-26,21:00,si,NK Celje,1,1–2,sk,Slovan Bratislava,2,11500,Stadion Z'dežele,Alejandro Hernández,Leg 2 of 2; Slovan Bratislava won; Required Extra Time,qualification,True,False,,,
Champions League,2026/27,2026,Play-off round,,Wed,2026-08-26,22:00,gr,AEK Athens,4,4–0,bg,Levski Sofia,0,30500,Agia Sophia Stadium,Clément Turpin,Leg 2 of 2; AEK Athens won,qualification,False,False,,,
