Competition,Season,Season start year,Round,Matchweek,Day,Date,Time,Host country,Host,Host goals,Score,Guest country,Guest,Guest goals,Attendance,Venue,Referee,Notes,Competition phase,Extra time,Penalty kicks,Penalty kicks result,Host penalties scored,Guest penalties scored
Conference League,2021/22,2021,Group stage,1,Wed,2021-09-15,17:30,ru,Spartak Moscow,0,0–1,pl,Legia Warsaw,1,6832,Stadion Akademii imeni Cherenkova № 4,Nikola Dabanović,,main stage,,,,,
Conference League,2021/22,2021,Group stage,1,Thu,2021-09-16,18:45,es,Real Betis,4,4–3,sct,Celtic,3,30893,Estadio Benito Villamarín,Fran Jović,,main stage,,,,,
Conference League,2021/22,2021,Group stage,1,Thu,2021-09-16,18:45,at,Rapid Wien,0,0–1,be,Genk,1,18400,Gerhard-Hanappi-Stadion,Kristo Tohver,,main stage,,,,,
Conference League,2021/22,2021,Group stage,1,Thu,2021-09-16,18:45,rs,Red Star,2,2–1,pt,Braga,1,24671,Stadion Rajko Mitić,John Beaton,,main stage,,,,,
Conference League,2021/22,2021,Group stage,1,Thu,2021-09-16,18:45,de,Leverkusen,2,2–1,hu,Ferencváros,1,11013,BayArena,Andris Treimanis,,main stage,,,,,
Conference League,2021/22,2021,Group stage,1,Thu,2021-09-16,18:45,dk,Midtjylland,1,1–1,bg,Ludogorets,1,6568,MCH Arena,Chang Ssu-yu,,main stage,,,,,
Conference League,2021/22,2021,Group stage,1,Thu,2021-09-16,18:45,hr,Dinamo Zagreb,0,0–2,eng,West Ham,2,12344,Stadion Maksimir,Ruddy Buquet,,main stage,,,,,
Conference League,2021/22,2021,Group stage,1,Thu,2021-09-16,19:45,ru,Loko Moscow,1,1–1,fr,Marseille,1,8100,RZD Arena,Irfan Peljto,,main stage,,,,,
Conference League,2021/22,2021,Group stage,1,Thu,2021-09-16,19:45,tr,Galatasaray,1,1–0,it,Lazio,0,15353,Ali Sami Yen Stadyumu,Matej Jug,,main stage,,,,,
Conference League,2021/22,2021,Group stage,1,Thu,2021-09-16,20:00,sct,Rangers,0,0–2,fr,Lyon,2,44906,Ibrox Stadium,Andreas Ekberg,,main stage,,,,,
Conference League,2021/22,2021,Group stage,1,Thu,2021-09-16,20:00,eng,Leicester City,2,2–2,it,Napoli,2,29579,King Power Stadium,Tiago Martins,,main stage,,,,,
Conference League,2021/22,2021,Group stage,1,Thu,2021-09-16,21:00,nl,PSV,2,2–2,es,Real Sociedad,2,23135,Philips Stadion,William Collum,,main stage,,,,,
Conference League,2021/22,2021,Group stage,1,Thu,2021-09-16,21:00,dk,Brøndby,0,0–0,cz,Sparta Prague,0,18867,Brøndby Stadion,Aleksandar Stavrev,,main stage,,,,,
Conference League,2021/22,2021,Group stage,1,Thu,2021-09-16,21:00,de,Frankfurt,1,1–1,tr,Fenerbahçe,1,25000,Deutsche Bank Park,Maurizio Mariani,,main stage,,,,,
Conference League,2021/22,2021,Group stage,1,Thu,2021-09-16,21:00,fr,Monaco,1,1–0,at,Sturm Graz,0,2941,Stade Louis II,Donatas Rumšas,,main stage,,,,,
Conference League,2021/22,2021,Group stage,1,Thu,2021-09-16,22:00,gr,Olympiacos,2,2–1,be,Antwerp,1,15615,Stadio Georgios Karaiskáki,Tamás Bognár,,main stage,,,,,
Conference League,2021/22,2021,Group stage,2,Thu,2021-09-30,18:45,fr,Lyon,3,3–0,dk,Brøndby,0,25466,Groupama Stadium,Harald Lechner,,main stage,,,,,
Conference League,2021/22,2021,Group stage,2,Thu,2021-09-30,18:45,it,Napoli,2,2–3,ru,Spartak Moscow,3,13373,Stadio Diego Armando Maradona,Ivan Kružliak,,main stage,,,,,
Conference League,2021/22,2021,Group stage,2,Thu,2021-09-30,18:45,at,Sturm Graz,1,1–4,nl,PSV,4,15026,Merkur Arena,Anatolii Aranovskii,,main stage,,,,,
Conference League,2021/22,2021,Group stage,2,Thu,2021-09-30,18:45,pl,Legia Warsaw,1,1–0,eng,Leicester City,0,27087,Stadion Miejski Legii Warszawa im. Marsz...,Ivan Bebek,,main stage,,,,,
Conference League,2021/22,2021,Group stage,2,Thu,2021-09-30,18:45,es,Real Sociedad,1,1–1,fr,Monaco,1,23765,Estadio Municipal de Anoeta,Sergey Ivanov,,main stage,,,,,
Conference League,2021/22,2021,Group stage,2,Thu,2021-09-30,18:45,cz,Sparta Prague,1,1–0,sct,Rangers,0,10879,Generali Česká Pojišťovna Arena,Ali Palabıyık,,main stage,,,,,
Conference League,2021/22,2021,Group stage,2,Thu,2021-09-30,18:45,be,Antwerp,0,0–1,de,Frankfurt,1,13183,Bosuilstadion,Jakob Kehlet,,main stage,,,,,
Conference League,2021/22,2021,Group stage,2,Thu,2021-09-30,19:45,tr,Fenerbahçe,0,0–3,gr,Olympiacos,3,22160,Ülker Stadyumu Fenerbahçe Şükrü Saracoğl...,Alejandro Hernández,,main stage,,,,,
Conference League,2021/22,2021,Group stage,2,Thu,2021-09-30,20:00,sct,Celtic,0,0–4,de,Leverkusen,4,55436,Celtic Park,Marco Di Bello,,main stage,,,,,
Conference League,2021/22,2021,Group stage,2,Thu,2021-09-30,20:00,eng,West Ham,2,2–0,at,Rapid Wien,0,50004,London Stadium,Tobias Stieler,,main stage,,,,,
Conference League,2021/22,2021,Group stage,2,Thu,2021-09-30,20:00,pt,Braga,3,3–1,dk,Midtjylland,1,5449,Estádio Municipal de Braga,Stéphanie Frappart,,main stage,,,,,
Conference League,2021/22,2021,Group stage,2,Thu,2021-09-30,21:00,fr,Marseille,0,0–0,tr,Galatasaray,0,49870,Orange Vélodrome,Paweł Raczkowski,,main stage,,,,,
Conference League,2021/22,2021,Group stage,2,Thu,2021-09-30,21:00,be,Genk,0,0–3,hr,Dinamo Zagreb,3,11262,Luminus Arena,Mattias Gestranius,,main stage,,,,,
Conference League,2021/22,2021,Group stage,2,Thu,2021-09-30,21:00,hu,Ferencváros,1,1–3,es,Real Betis,3,16759,Groupama Arena,Roi Reinshreiber,,main stage,,,,,
Conference League,2021/22,2021,Group stage,2,Thu,2021-09-30,21:00,it,Lazio,2,2–0,ru,Loko Moscow,0,6767,Stadio Olimpico,Craig Pawson,,main stage,,,,,
Conference League,2021/22,2021,Group stage,2,Thu,2021-09-30,22:00,bg,Ludogorets,0,0–1,rs,Red Star,1,3078,Huvepharma Arena,Jérôme Brisard,,main stage,,,,,
Conference League,2021/22,2021,Group stage,3,Tue,2021-10-19,15:30,sct,Celtic,2,2–0,hu,Ferencváros,0,50427,Celtic Park,Jakob Kehlet,,main stage,,,,,
Conference League,2021/22,2021,Group stage,3,Wed,2021-10-20,17:30,ru,Spartak Moscow,3,3–4,eng,Leicester City,4,11366,Otkrytie Arena,Anastasios Sidiropoulos,,main stage,,,,,
Conference League,2021/22,2021,Group stage,3,Thu,2021-10-21,18:45,es,Real Betis,1,1–1,de,Leverkusen,1,39230,Estadio Benito Villamarín,Bartosz Frankowski,,main stage,,,,,
Conference League,2021/22,2021,Group stage,3,Thu,2021-10-21,18:45,dk,Midtjylland,1,1–1,rs,Red Star,1,8438,MCH Arena,Roi Reinshreiber,,main stage,,,,,
Conference League,2021/22,2021,Group stage,3,Thu,2021-10-21,18:45,it,Lazio,0,0–0,fr,Marseille,0,8329,Stadio Olimpico,Deniz Aytekin,,main stage,,,,,
Conference League,2021/22,2021,Group stage,3,Thu,2021-10-21,18:45,at,Rapid Wien,2,2–1,hr,Dinamo Zagreb,1,22300,Allianz Stadion,Kateryna Monzul,,main stage,,,,,
Conference League,2021/22,2021,Group stage,3,Thu,2021-10-21,19:45,tr,Fenerbahçe,2,2–2,be,Antwerp,2,16629,Ülker Stadyumu Fenerbahçe Şükrü Saracoğl...,Sergey Ivanov,,main stage,,,,,
Conference League,2021/22,2021,Group stage,3,Thu,2021-10-21,19:45,bg,Ludogorets,0,0–1,pt,Braga,1,2280,Huvepharma Arena,Kristo Tohver,,main stage,,,,,
Conference League,2021/22,2021,Group stage,3,Thu,2021-10-21,20:00,eng,West Ham,3,3–0,be,Genk,0,45980,London Stadium,Donatas Rumšas,,main stage,,,,,
Conference League,2021/22,2021,Group stage,3,Thu,2021-10-21,20:00,sct,Rangers,2,2–0,dk,Brøndby,0,46842,Ibrox Stadium,Fran Jović,,main stage,,,,,
Conference League,2021/22,2021,Group stage,3,Thu,2021-10-21,21:00,de,Frankfurt,3,3–1,gr,Olympiacos,1,35000,Deutsche Bank Park,Tiago Martins,,main stage,,,,,
Conference League,2021/22,2021,Group stage,3,Thu,2021-10-21,21:00,cz,Sparta Prague,3,3–4,fr,Lyon,4,12427,Generali Česká Pojišťovna Arena,Matej Jug,,main stage,,,,,
Conference League,2021/22,2021,Group stage,3,Thu,2021-10-21,21:00,at,Sturm Graz,0,0–1,es,Real Sociedad,1,14809,Merkur Arena,Tobias Stieler,,main stage,,,,,
Conference League,2021/22,2021,Group stage,3,Thu,2021-10-21,21:00,nl,PSV,1,1–2,fr,Monaco,2,33000,Philips Stadion,Davide Massa,,main stage,,,,,
Conference League,2021/22,2021,Group stage,3,Thu,2021-10-21,21:00,it,Napoli,3,3–0,pl,Legia Warsaw,0,10346,Stadio Diego Armando Maradona,Carlos Grande Rabadán,,main stage,,,,,
Conference League,2021/22,2021,Group stage,3,Thu,2021-10-21,22:00,ru,Loko Moscow,0,0–1,tr,Galatasaray,1,8100,RZD Arena,Harald Lechner,,main stage,,,,,
Conference League,2021/22,2021,Group stage,4,Thu,2021-11-04,18:45,es,Real Sociedad,1,1–1,at,Sturm Graz,1,25010,Estadio Municipal de Anoeta,Andris Treimanis,,main stage,,,,,
Conference League,2021/22,2021,Group stage,4,Thu,2021-11-04,18:45,dk,Brøndby,1,1–1,sct,Rangers,1,20462,Brøndby Stadion,Nikola Dabanović,,main stage,,,,,
Conference League,2021/22,2021,Group stage,4,Thu,2021-11-04,18:45,fr,Monaco,0,0–0,nl,PSV,0,5840,Stade Louis II,Cüneyt Çakιr,,main stage,,,,,
Conference League,2021/22,2021,Group stage,4,Thu,2021-11-04,18:45,pl,Legia Warsaw,1,1–4,it,Napoli,4,25706,Stadion Miejski Legii Warszawa im. Marsz...,Lawrence Visser,,main stage,,,,,
Conference League,2021/22,2021,Group stage,4,Thu,2021-11-04,18:45,fr,Lyon,3,3–0,cz,Sparta Prague,0,33934,Groupama Stadium,Maurizio Mariani,,main stage,,,,,
Conference League,2021/22,2021,Group stage,4,Thu,2021-11-04,18:45,be,Genk,2,2–2,eng,West Ham,2,12239,Luminus Arena,Aleksandar Stavrev,,main stage,,,,,
Conference League,2021/22,2021,Group stage,4,Thu,2021-11-04,19:45,gr,Olympiacos,1,1–2,de,Frankfurt,2,23050,Stadio Georgios Karaiskáki,Aliaksei Kulbakou,,main stage,,,,,
Conference League,2021/22,2021,Group stage,4,Thu,2021-11-04,20:00,pt,Braga,4,4–2,bg,Ludogorets,2,6221,Estádio Municipal de Braga,Glenn Nyberg,,main stage,,,,,
Conference League,2021/22,2021,Group stage,4,Thu,2021-11-04,20:00,eng,Leicester City,1,1–1,ru,Spartak Moscow,1,30222,King Power Stadium,Halil Umut Meler,,main stage,,,,,
Conference League,2021/22,2021,Group stage,4,Thu,2021-11-04,20:45,tr,Galatasaray,1,1–1,ru,Loko Moscow,1,27776,Nef Stadyumu,Sandro Schärer,,main stage,,,,,
Conference League,2021/22,2021,Group stage,4,Thu,2021-11-04,21:00,hu,Ferencváros,2,2–3,sct,Celtic,3,16501,Groupama Arena,Fábio Veríssimo,,main stage,,,,,
Conference League,2021/22,2021,Group stage,4,Thu,2021-11-04,21:00,rs,Red Star,0,0–1,dk,Midtjylland,1,23070,Stadion Rajko Mitić,Tamás Bognár,,main stage,,,,,
Conference League,2021/22,2021,Group stage,4,Thu,2021-11-04,21:00,de,Leverkusen,4,4–0,es,Real Betis,0,15208,BayArena,Anthony Taylor,,main stage,,,,,
Conference League,2021/22,2021,Group stage,4,Thu,2021-11-04,21:00,be,Antwerp,0,0–3,tr,Fenerbahçe,3,,Bosuilstadion,Irfan Peljto,,main stage,,,,,
Conference League,2021/22,2021,Group stage,4,Thu,2021-11-04,21:00,fr,Marseille,2,2–2,it,Lazio,2,59163,Orange Vélodrome,José Sánchez,,main stage,,,,,
Conference League,2021/22,2021,Group stage,4,Thu,2021-11-04,21:00,hr,Dinamo Zagreb,3,3–1,at,Rapid Wien,1,7835,Stadion Maksimir,John Beaton,,main stage,,,,,
Conference League,2021/22,2021,Group stage,5,Wed,2021-11-24,18:30,ru,Spartak Moscow,2,2–1,it,Napoli,1,25706,Otkrytie Arena,Clément Turpin,,main stage,,,,,
Conference League,2021/22,2021,Group stage,5,Thu,2021-11-25,18:45,at,Rapid Wien,0,0–2,eng,West Ham,2,,Allianz Stadion,Sergey Ivanov,,main stage,,,,,
Conference League,2021/22,2021,Group stage,5,Thu,2021-11-25,18:45,es,Real Betis,2,2–0,hu,Ferencváros,0,30137,Estadio Benito Villamarín,Ruddy Buquet,,main stage,,,,,
Conference League,2021/22,2021,Group stage,5,Thu,2021-11-25,18:45,rs,Red Star,1,1–0,bg,Ludogorets,0,11252,Stadion Rajko Mitić,José Sánchez,,main stage,,,,,
Conference League,2021/22,2021,Group stage,5,Thu,2021-11-25,18:45,de,Leverkusen,3,3–2,sct,Celtic,2,19830,BayArena,Anastasios Sidiropoulos,,main stage,,,,,
Conference League,2021/22,2021,Group stage,5,Thu,2021-11-25,18:45,dk,Midtjylland,3,3–2,pt,Braga,2,7189,MCH Arena,Matej Jug,,main stage,,,,,
Conference League,2021/22,2021,Group stage,5,Thu,2021-11-25,18:45,hr,Dinamo Zagreb,1,1–1,be,Genk,1,6892,Stadion Maksimir,Glenn Nyberg,,main stage,,,,,
Conference League,2021/22,2021,Group stage,5,Thu,2021-11-25,20:00,eng,Leicester City,3,3–1,pl,Legia Warsaw,1,30658,King Power Stadium,Deniz Aytekin,,main stage,,,,,
Conference League,2021/22,2021,Group stage,5,Thu,2021-11-25,20:00,sct,Rangers,2,2–0,cz,Sparta Prague,0,48370,Ibrox Stadium,Danny Makkelie,,main stage,,,,,
Conference League,2021/22,2021,Group stage,5,Thu,2021-11-25,20:45,tr,Galatasaray,4,4–2,fr,Marseille,2,39758,Ali Sami Yen Stadyumu,Tobias Stieler,,main stage,,,,,
Conference League,2021/22,2021,Group stage,5,Thu,2021-11-25,20:45,ru,Loko Moscow,0,0–3,it,Lazio,3,8100,RZD Arena,Artur Dias,,main stage,,,,,
Conference League,2021/22,2021,Group stage,5,Thu,2021-11-25,21:00,de,Frankfurt,2,2–2,be,Antwerp,2,30000,Deutsche Bank Park,Paul Tierney,,main stage,,,,,
Conference League,2021/22,2021,Group stage,5,Thu,2021-11-25,21:00,fr,Monaco,2,2–1,es,Real Sociedad,1,3834,Stade Louis II,Ivan Kružliak,,main stage,,,,,
Conference League,2021/22,2021,Group stage,5,Thu,2021-11-25,21:00,dk,Brøndby,1,1–3,fr,Lyon,3,16645,Brøndby Stadion,Georgi Kabakov,,main stage,,,,,
Conference League,2021/22,2021,Group stage,5,Thu,2021-11-25,21:00,nl,PSV,2,2–0,at,Sturm Graz,0,,Philips Stadion,Paweł Raczkowski,,main stage,,,,,
Conference League,2021/22,2021,Group stage,5,Thu,2021-11-25,22:00,gr,Olympiacos,1,1–0,tr,Fenerbahçe,0,22405,Stadio Georgios Karaiskáki,Antonio Matéu Lahoz,,main stage,,,,,
Conference League,2021/22,2021,Group stage,6,Thu,2021-12-09,18:45,pl,Legia Warsaw,0,0–1,ru,Spartak Moscow,1,21629,Stadion Miejski Legii Warszawa im. Marsz...,Matej Jug,,main stage,,,,,
Conference League,2021/22,2021,Group stage,6,Thu,2021-12-09,18:45,be,Antwerp,1,1–0,gr,Olympiacos,0,7992,Bosuilstadion,Marco Di Bello,,main stage,,,,,
Conference League,2021/22,2021,Group stage,6,Thu,2021-12-09,18:45,cz,Sparta Prague,2,2–0,dk,Brøndby,0,976,Generali Česká Pojišťovna Arena,Craig Pawson,,main stage,,,,,
Conference League,2021/22,2021,Group stage,6,Thu,2021-12-09,18:45,at,Sturm Graz,1,1–1,fr,Monaco,1,,Merkur Arena,Mohammed Al Hakim,,main stage,,,,,
Conference League,2021/22,2021,Group stage,6,Thu,2021-12-09,18:45,fr,Lyon,1,1–1,sct,Rangers,1,26842,Groupama Stadium,Radu Petrescu,,main stage,,,,,
Conference League,2021/22,2021,Group stage,6,Thu,2021-12-09,18:45,it,Napoli,3,3–2,eng,Leicester City,2,14646,Stadio Diego Armando Maradona,Antonio Matéu Lahoz,,main stage,,,,,
Conference League,2021/22,2021,Group stage,6,Thu,2021-12-09,18:45,es,Real Sociedad,3,3–0,nl,PSV,0,24940,Estadio Municipal de Anoeta,Felix Zwayer,,main stage,,,,,
Conference League,2021/22,2021,Group stage,6,Thu,2021-12-09,20:00,eng,West Ham,0,0–1,hr,Dinamo Zagreb,1,49407,London Stadium,Maurizio Mariani,,main stage,,,,,
Conference League,2021/22,2021,Group stage,6,Thu,2021-12-09,20:00,pt,Braga,1,1–1,rs,Red Star,1,5344,Estádio Municipal de Braga,Marco Guida,,main stage,,,,,
Conference League,2021/22,2021,Group stage,6,Thu,2021-12-09,20:00,sct,Celtic,3,3–2,es,Real Betis,2,54548,Celtic Park,Daniel Stefański,,main stage,,,,,
Conference League,2021/22,2021,Group stage,6,Thu,2021-12-09,20:45,tr,Fenerbahçe,1,1–1,de,Frankfurt,1,8932,Ülker Stadyumu Fenerbahçe Şükrü Saracoğl...,Srđan Jovanović,,main stage,,,,,
Conference League,2021/22,2021,Group stage,6,Thu,2021-12-09,21:00,it,Lazio,0,0–0,tr,Galatasaray,0,13178,Stadio Olimpico,Carlos del Cerro,,main stage,,,,,
Conference League,2021/22,2021,Group stage,6,Thu,2021-12-09,21:00,fr,Marseille,1,1–0,ru,Loko Moscow,0,42614,Orange Vélodrome,William Collum,,main stage,,,,,
Conference League,2021/22,2021,Group stage,6,Thu,2021-12-09,21:00,hu,Ferencváros,1,1–0,de,Leverkusen,0,12127,Groupama Arena,Kirill Levnikov,,main stage,,,,,
Conference League,2021/22,2021,Group stage,6,Thu,2021-12-09,21:00,be,Genk,0,0–1,at,Rapid Wien,1,10018,Luminus Arena,Tiago Martins,,main stage,,,,,
Conference League,2021/22,2021,Group stage,6,Thu,2021-12-09,22:00,bg,Ludogorets,0,0–0,dk,Midtjylland,0,556,Huvepharma Arena,Tobias Stieler,,main stage,,,,,
Conference League,2021/22,2021,Knockout round play-offs,,Thu,2022-02-17,18:45,de,Dortmund,2,2–4,sct,Rangers,4,10000,Signal Iduna Park,Clément Turpin,Leg 1 of 2,main stage,False,False,,,
Conference League,2021/22,2021,Knockout round play-offs,,Thu,2022-02-17,18:45,es,Barcelona,1,1–1,it,Napoli,1,73525,Camp Nou,István Kovács,Leg 1 of 2,main stage,False,False,,,
Conference League,2021/22,2021,Knockout round play-offs,,Thu,2022-02-17,19:45,md,Sheriff Tiraspol,2,2–0,pt,Braga,0,3062,Bolshaya Sportivnaya Arena,Danny Makkelie,Leg 1 of 2,main stage,False,False,,,
Conference League,2021/22,2021,Knockout round play-offs,,Thu,2022-02-17,20:00,pt,Porto,2,2–1,it,Lazio,1,32929,Estádio Do Dragão,Serdar Gözübüyük,Leg 1 of 2,main stage,False,False,,,
Conference League,2021/22,2021,Knockout round play-offs,,Thu,2022-02-17,20:45,ru,Zenit,2,2–3,es,Real Betis,3,28936,Gazprom Arena,Benoît Bastien,Leg 1 of 2,main stage,False,False,,,
Conference League,2021/22,2021,Knockout round play-offs,,Thu,2022-02-17,21:00,es,Sevilla,3,3–1,hr,Dinamo Zagreb,1,28372,Estadio Ramón Sánchez Pizjuán,Marco Guida,Leg 1 of 2,main stage,False,False,,,
Conference League,2021/22,2021,Knockout round play-offs,,Thu,2022-02-17,21:00,de,RB Leipzig,2,2–2,es,Real Sociedad,2,21113,Red Bull Arena,Cüneyt Çakιr,Leg 1 of 2,main stage,False,False,,,
Conference League,2021/22,2021,Knockout round play-offs,,Thu,2022-02-17,21:00,it,Atalanta,2,2–1,gr,Olympiacos,1,9448,Stadio Atleti Azzurri d'Italia,Sandro Schärer,Leg 1 of 2,main stage,False,False,,,
Conference League,2021/22,2021,Knockout round play-offs,,Thu,2022-02-24,18:45,es,Real Sociedad,1,1–3,de,RB Leipzig,3,30113,Estadio Municipal de Anoeta,Anthony Taylor,Leg 2 of 2; RB Leipzig won,main stage,False,False,,,
Conference League,2021/22,2021,Knockout round play-offs,,Thu,2022-02-24,18:45,hr,Dinamo Zagreb,1,1–0,es,Sevilla,0,9788,Stadion Maksimir,François Letexier,Leg 2 of 2; Sevilla won,main stage,False,False,,,
Conference League,2021/22,2021,Knockout round play-offs,,Thu,2022-02-24,18:45,it,Lazio,2,2–2,pt,Porto,2,24948,Stadio Olimpico,Deniz Aytekin,Leg 2 of 2; Porto won,main stage,False,False,,,
Conference League,2021/22,2021,Knockout round play-offs,,Thu,2022-02-24,19:45,gr,Olympiacos,0,0–3,it,Atalanta,3,15835,Stadio Georgios Karaiskáki,Carlos del Cerro,Leg 2 of 2; Atalanta won,main stage,False,False,,,
Conference League,2021/22,2021,Knockout round play-offs,,Thu,2022-02-24,20:00,pt,Braga,2,(3) 2–0 (2),md,Sheriff Tiraspol,0,9423,Estádio Municipal de Braga,José Sánchez,Leg 2 of 2; Braga won; Braga won a penalty shoot-out following extra time,main stage,True,True,3 - 2,3,2
Conference League,2021/22,2021,Knockout round play-offs,,Thu,2022-02-24,20:00,sct,Rangers,2,2–2,de,Dortmund,2,47709,Ibrox Stadium,Antonio Matéu Lahoz,Leg 2 of 2; Rangers won,main stage,False,False,,,
Conference League,2021/22,2021,Knockout round play-offs,,Thu,2022-02-24,21:00,it,Napoli,2,2–4,es,Barcelona,4,37858,Stadio Diego Armando Maradona,Sergey Karasev,Leg 2 of 2; Barcelona won,main stage,False,False,,,
Conference League,2021/22,2021,Knockout round play-offs,,Thu,2022-02-24,21:00,es,Real Betis,0,0–0,ru,Zenit,0,44236,Estadio Benito Villamarín,Halil Umut Meler,Leg 2 of 2; Real Betis won,main stage,False,False,,,
Conference League,2021/22,2021,Round of 16,,Wed,2022-03-09,17:45,pt,Porto,0,0–1,fr,Lyon,1,26309,Estádio Do Dragão,José Sánchez,Leg 1 of 2,main stage,False,False,,,
Conference League,2021/22,2021,Round of 16,,Wed,2022-03-09,18:45,es,Real Betis,1,1–2,de,Frankfurt,2,36574,Estadio Benito Villamarín,Marco Guida,Leg 1 of 2,main stage,False,False,,,
Conference League,2021/22,2021,Round of 16,,Thu,2022-03-10,18:45,de,RB Leipzig,,,ru,Spartak Moscow,,,Red Bull Arena,,Leg 1 of 2; Match Cancelled,main stage,False,False,,,
Conference League,2021/22,2021,Round of 16,,Thu,2022-03-10,18:45,es,Sevilla,1,1–0,eng,West Ham,0,34728,Estadio Ramón Sánchez Pizjuán,Sandro Schärer,Leg 1 of 2,main stage,False,False,,,
Conference League,2021/22,2021,Round of 16,,Thu,2022-03-10,20:00,pt,Braga,2,2–0,fr,Monaco,0,10228,Estádio Municipal de Braga,Felix Zwayer,Leg 1 of 2,main stage,False,False,,,
Conference League,2021/22,2021,Round of 16,,Thu,2022-03-10,20:00,sct,Rangers,3,3–0,rs,Red Star,0,48589,Ibrox Stadium,Serdar Gözübüyük,Leg 1 of 2,main stage,False,False,,,
Conference League,2021/22,2021,Round of 16,,Thu,2022-03-10,21:00,es,Barcelona,0,0–0,tr,Galatasaray,0,61740,Camp Nou,Benoît Bastien,Leg 1 of 2,main stage,False,False,,,
Conference League,2021/22,2021,Round of 16,,Thu,2022-03-10,21:00,it,Atalanta,3,3–2,de,Leverkusen,2,13134,Stadio Atleti Azzurri d'Italia,Srđan Jovanović,Leg 1 of 2,main stage,False,False,,,
Conference League,2021/22,2021,Round of 16,,Thu,2022-03-17,nan,ru,Spartak Moscow,,,de,RB Leipzig,,,,,Leg 2 of 2; RB Leipzig won; Match Cancelled,main stage,False,False,,,
Conference League,2021/22,2021,Round of 16,,Thu,2022-03-17,18:45,de,Leverkusen,0,0–1,it,Atalanta,1,19871,BayArena,François Letexier,Leg 2 of 2; Atalanta won,main stage,False,False,,,
Conference League,2021/22,2021,Round of 16,,Thu,2022-03-17,18:45,rs,Red Star,2,2–1,sct,Rangers,1,47024,Stadion Rajko Mitić,István Kovács,Leg 2 of 2; Rangers won,main stage,False,False,,,
Conference League,2021/22,2021,Round of 16,,Thu,2022-03-17,18:45,fr,Monaco,1,1–1,pt,Braga,1,3892,Stade Louis II,Andreas Ekberg,Leg 2 of 2; Braga won,main stage,False,False,,,
Conference League,2021/22,2021,Round of 16,,Thu,2022-03-17,20:00,eng,West Ham,2,2–0,es,Sevilla,0,59981,London Stadium,Clément Turpin,Leg 2 of 2; West Ham won; Required Extra Time,main stage,True,False,,,
Conference League,2021/22,2021,Round of 16,,Thu,2022-03-17,20:45,tr,Galatasaray,1,1–2,es,Barcelona,2,50110,Ali Sami Yen Stadyumu,Daniele Orsato,Leg 2 of 2; Barcelona won,main stage,False,False,,,
Conference League,2021/22,2021,Round of 16,,Thu,2022-03-17,21:00,fr,Lyon,1,1–1,pt,Porto,1,54551,Groupama Stadium,Ovidiu Hațegan,Leg 2 of 2; Lyon won,main stage,False,False,,,
Conference League,2021/22,2021,Round of 16,,Thu,2022-03-17,21:00,de,Frankfurt,1,1–1,es,Real Betis,1,25000,Deutsche Bank Park,Michael Oliver,Leg 2 of 2; Frankfurt won; Required Extra Time,main stage,True,False,,,
Conference League,2021/22,2021,Quarter-finals,,Thu,2022-04-07,18:45,de,RB Leipzig,1,1–1,it,Atalanta,1,36029,Red Bull Arena,Michael Oliver,Leg 1 of 2,main stage,False,False,,,
Conference League,2021/22,2021,Quarter-finals,,Thu,2022-04-07,20:00,pt,Braga,1,1–0,sct,Rangers,0,20331,Estádio Municipal de Braga,Davide Massa,Leg 1 of 2,main stage,False,False,,,
Conference League,2021/22,2021,Quarter-finals,,Thu,2022-04-07,20:00,eng,West Ham,1,1–1,fr,Lyon,1,59978,London Stadium,Felix Zwayer,Leg 1 of 2,main stage,False,False,,,
Conference League,2021/22,2021,Quarter-finals,,Thu,2022-04-07,21:00,de,Frankfurt,1,1–1,es,Barcelona,1,48000,Deutsche Bank Park,Srđan Jovanović,Leg 1 of 2,main stage,False,False,,,
Conference League,2021/22,2021,Quarter-finals,,Thu,2022-04-14,18:45,it,Atalanta,0,0–2,de,RB Leipzig,2,17905,Stadio Atleti Azzurri d'Italia,Antonio Matéu Lahoz,Leg 2 of 2; RB Leipzig won,main stage,False,False,,,
Conference League,2021/22,2021,Quarter-finals,,Thu,2022-04-14,20:00,sct,Rangers,3,3–1,pt,Braga,1,48894,Ibrox Stadium,François Letexier,Leg 2 of 2; Rangers won; Required Extra Time,main stage,True,False,,,
Conference League,2021/22,2021,Quarter-finals,,Thu,2022-04-14,21:00,fr,Lyon,0,0–3,eng,West Ham,3,50065,Groupama Stadium,Sandro Schärer,Leg 2 of 2; West Ham won,main stage,False,False,,,
Conference League,2021/22,2021,Quarter-finals,,Thu,2022-04-14,21:00,es,Barcelona,2,2–3,de,Frankfurt,3,79468,Camp Nou,Artur Dias,Leg 2 of 2; Frankfurt won,main stage,False,False,,,
Conference League,2021/22,2021,Semi-finals,,Thu,2022-04-28,20:00,eng,West Ham,1,1–2,de,Frankfurt,2,60000,London Stadium,Serdar Gözübüyük,Leg 1 of 2,main stage,False,False,,,
Conference League,2021/22,2021,Semi-finals,,Thu,2022-04-28,21:00,de,RB Leipzig,1,1–0,sct,Rangers,0,40303,Red Bull Arena,Benoît Bastien,Leg 1 of 2,main stage,False,False,,,
Conference League,2021/22,2021,Semi-finals,,Thu,2022-05-05,20:00,sct,Rangers,3,3–1,de,RB Leipzig,1,49397,Ibrox Stadium,Artur Dias,Leg 2 of 2; Rangers won,main stage,False,False,,,
Conference League,2021/22,2021,Semi-finals,,Thu,2022-05-05,21:00,de,Frankfurt,1,1–0,eng,West Ham,0,48000,Deutsche Bank Park,Jesús Gil,Leg 2 of 2; Frankfurt won,main stage,False,False,,,
Conference League,2021/22,2021,Final,,Wed,2022-05-18,21:00,de,Frankfurt,1,(5) 1–1 (4),sct,Rangers,1,,Estadio Ramón Sánchez Pizjuán (Neutral Site),Slavko Vinčič,Frankfurt won a penalty shoot-out following extra time,main stage,True,True,5 - 4,5,4
Conference League,2021/22,2021,Third qualifying round,,Tue,2021-08-03,21:00,az,Neftçi,2,2–2,fi,HJK Helsinki,2,3500,Bakcell Arena,William Collum,Leg 1 of 2,qualification,False,False,,,
Conference League,2021/22,2021,Third qualifying round,,Thu,2021-08-05,17:45,cz,Jablonec,2,2–4,sct,Celtic,4,4805,Stadion Střelnice,Halil Umut Meler,Leg 1 of 2,qualification,False,False,,,
Conference League,2021/22,2021,Third qualifying round,,Thu,2021-08-05,18:00,gi,Lincoln FC,1,1–3,sk,Slovan Bratislava,3,637,Victoria Stadium,Athanasios Tzilos,Leg 1 of 2,qualification,False,False,,,
Conference League,2021/22,2021,Third qualifying round,,Thu,2021-08-05,19:00,cy,AC Omonia,1,1–0,ee,FC Flora,0,8033,Neo GSP,Radu Petrescu,Leg 1 of 2,qualification,False,False,,,
Conference League,2021/22,2021,Third qualifying round,,Thu,2021-08-05,20:00,kz,FC Kairat,0,0–0,am,Alashkert,0,,Ortalıq Stadion,Aliaksei Kulbakou,Leg 1 of 2,qualification,False,False,,,
Conference League,2021/22,2021,Third qualifying round,,Thu,2021-08-05,20:00,si,NŠ Mura,0,0–0,lt,Žalgiris,0,2500,Mestni Štadion Fazanerija,Andreas Ekberg,Leg 1 of 2,qualification,False,False,,,
Conference League,2021/22,2021,Third qualifying round,,Thu,2021-08-05,20:30,at,Rapid Wien,3,3–0,cy,Anorthosis,0,11400,Allianz Stadion,Maurizio Mariani,Leg 1 of 2,qualification,False,False,,,
Conference League,2021/22,2021,Third qualifying round,,Thu,2021-08-05,21:00,tr,Galatasaray,1,1–1,sct,St Johnstone,1,6216,Nef Stadyumu,Sandro Schärer,Leg 1 of 2,qualification,False,False,,,
Conference League,2021/22,2021,Third qualifying round,,Tue,2021-08-10,19:00,ee,FC Flora,2,(4) 2–1 (5),cy,AC Omonia,1,1560,A. Le Coq Arena,Ivan Kružliak,Leg 2 of 2; AC Omonia won; AC Omonia won a penalty shoot-out following extra time,qualification,True,True,4 - 5,4,5
Conference League,2021/22,2021,Third qualifying round,,Tue,2021-08-10,20:30,sk,Slovan Bratislava,1,1–1,gi,Lincoln FC,1,4688,Štadión Tehelné pole,Mykola Balakin,Leg 2 of 2; Slovan Bratislava won,qualification,False,False,,,
Conference League,2021/22,2021,Third qualifying round,,Thu,2021-08-12,19:00,am,Alashkert,3,3–2,kz,FC Kairat,2,7000,Nairi,Lawrence Visser,Leg 2 of 2; Alashkert won; Required Extra Time,qualification,True,False,,,
Conference League,2021/22,2021,Third qualifying round,,Thu,2021-08-12,19:00,sct,St Johnstone,2,2–4,tr,Galatasaray,4,9106,McDiarmid Park,Andris Treimanis,Leg 2 of 2; Galatasaray won,qualification,False,False,,,
Conference League,2021/22,2021,Third qualifying round,,Thu,2021-08-12,19:00,fi,HJK Helsinki,3,3–0,az,Neftçi,0,4068,Telia 5G -areena,Deniz Aytekin,Leg 2 of 2; HJK Helsinki won,qualification,False,False,,,
Conference League,2021/22,2021,Third qualifying round,,Thu,2021-08-12,19:45,sct,Celtic,3,3–0,cz,Jablonec,0,50076,Celtic Park,Daniel Siebert,Leg 2 of 2; Celtic won,qualification,False,False,,,
Conference League,2021/22,2021,Third qualifying round,,Thu,2021-08-12,20:00,lt,Žalgiris,0,0–1,si,NŠ Mura,1,2921,Vilniaus LFF stadionas,Bartosz Frankowski,Leg 2 of 2; NŠ Mura won,qualification,False,False,,,
Conference League,2021/22,2021,Third qualifying round,,Thu,2021-08-12,20:00,cy,Anorthosis,2,2–1,at,Rapid Wien,1,3574,Stadio Antonis Papadopoulos,Aleksandar Stavrev,Leg 2 of 2; Rapid Wien won,qualification,False,False,,,
Conference League,2021/22,2021,Play-off round,,Tue,2021-08-17,21:00,rs,Red Star,4,4–0,ro,CFR Cluj,0,22482,Stadion Rajko Mitić,Georgi Kabakov,Leg 1 of 2,qualification,False,False,,,
Conference League,2021/22,2021,Play-off round,,Wed,2021-08-18,19:45,sct,Celtic,2,2–0,nl,AZ Alkmaar,0,52916,Celtic Park,Ovidiu Hațegan,Leg 1 of 2,qualification,False,False,,,
Conference League,2021/22,2021,Play-off round,,Thu,2021-08-19,19:00,cz,Slavia Prague,2,2–2,pl,Legia Warsaw,2,14543,Sinobo Stadium,Felix Zwayer,Leg 1 of 2,qualification,False,False,,,
Conference League,2021/22,2021,Play-off round,,Thu,2021-08-19,19:00,dk,Randers,1,1–1,tr,Galatasaray,1,7064,Cepheus Park Randers,Jesús Gil,Leg 1 of 2,qualification,False,False,,,
Conference League,2021/22,2021,Play-off round,,Thu,2021-08-19,20:00,cy,AC Omonia,4,4–2,be,Antwerp,2,7585,Neo GSP,Andreas Ekberg,Leg 1 of 2,qualification,False,False,,,
Conference League,2021/22,2021,Play-off round,,Thu,2021-08-19,20:00,si,NŠ Mura,1,1–3,at,Sturm Graz,3,4000,Mestni Štadion Fazanerija,Michael Oliver,Leg 1 of 2,qualification,False,False,,,
Conference League,2021/22,2021,Play-off round,,Thu,2021-08-19,20:00,sct,Rangers,1,1–0,am,Alashkert,0,42649,Ibrox Stadium,Anastasios Sidiropoulos,Leg 1 of 2,qualification,False,False,,,
Conference League,2021/22,2021,Play-off round,,Thu,2021-08-19,21:00,at,Rapid Wien,3,3–0,ua,Zorya Luhansk,0,10300,Allianz Stadion,Sandro Schärer,Leg 1 of 2,qualification,False,False,,,
Conference League,2021/22,2021,Play-off round,,Thu,2021-08-19,21:45,tr,Fenerbahçe,1,1–0,fi,HJK Helsinki,0,6769,Ülker Stadyumu Fenerbahçe Şükrü Saracoğl...,Benoît Bastien,Leg 1 of 2,qualification,False,False,,,
Conference League,2021/22,2021,Play-off round,,Thu,2021-08-19,22:00,gr,Olympiacos,3,3–0,sk,Slovan Bratislava,0,9823,Stadio Georgios Karaiskáki,Marco Guida,Leg 1 of 2,qualification,False,False,,,
Conference League,2021/22,2021,Play-off round,,Thu,2021-08-26,19:00,am,Alashkert,0,0–0,sct,Rangers,0,6800,Vazgen Sargsyan anvan Hanrapetakan Marza...,Tobias Stieler,Leg 2 of 2; Rangers won,qualification,False,False,,,
Conference League,2021/22,2021,Play-off round,,Thu,2021-08-26,19:00,fi,HJK Helsinki,2,2–5,tr,Fenerbahçe,5,3785,Telia 5G -areena,Ivan Kružliak,Leg 2 of 2; Fenerbahçe won,qualification,False,False,,,
Conference League,2021/22,2021,Play-off round,,Thu,2021-08-26,19:30,ua,Zorya Luhansk,2,2–3,at,Rapid Wien,3,2563,Slavutych-Arena,István Kovács,Leg 2 of 2; Rapid Wien won,qualification,False,False,,,
Conference League,2021/22,2021,Play-off round,,Thu,2021-08-26,20:15,nl,AZ Alkmaar,2,2–1,sct,Celtic,1,10041,AFAS Stadion,Tiago Martins,Leg 2 of 2; Celtic won,qualification,False,False,,,
Conference League,2021/22,2021,Play-off round,,Thu,2021-08-26,20:45,sk,Slovan Bratislava,2,2–2,gr,Olympiacos,2,7201,Štadión Tehelné pole,Deniz Aytekin,Leg 2 of 2; Olympiacos won,qualification,False,False,,,
Conference League,2021/22,2021,Play-off round,,Thu,2021-08-26,21:00,pl,Legia Warsaw,2,2–1,cz,Slavia Prague,1,20641,Stadion Miejski Legii Warszawa im. Marsz...,Artur Dias,Leg 2 of 2; Legia Warsaw won,qualification,False,False,,,
Conference League,2021/22,2021,Play-off round,,Thu,2021-08-26,21:00,at,Sturm Graz,2,2–0,si,NŠ Mura,0,8237,Merkur Arena,José Sánchez,Leg 2 of 2; Sturm Graz won,qualification,False,False,,,
Conference League,2021/22,2021,Play-off round,,Thu,2021-08-26,21:00,be,Antwerp,2,(3) 2–0 (2),cy,AC Omonia,0,10470,Bosuilstadion,Andris Treimanis,Leg 2 of 2; Antwerp won; Antwerp won a penalty shoot-out following extra time,qualification,True,True,3 - 2,3,2
Conference League,2021/22,2021,Play-off round,,Thu,2021-08-26,21:00,tr,Galatasaray,2,2–1,dk,Randers,1,3947,Ali Sami Yen Stadyumu,Alekseiy Kovalev,Leg 2 of 2; Galatasaray won,qualification,False,False,,,
Conference League,2021/22,2021,Play-off round,,Thu,2021-08-26,21:30,ro,CFR Cluj,1,1–2,rs,Red Star,2,4200,Stadionul Dr. Constantin Rădulescu,Michael Oliver,Leg 2 of 2; Red Star won,qualification,False,False,,,
Conference League,2022/23,2022,Group stage,1,Thu,2022-09-08,18:45,se,Malmö,0,0–2,pt,Braga,2,13721,Eleda Stadion,Duje Strukan,,main stage,,,,,
Conference League,2022/23,2022,Group stage,1,Thu,2022-09-08,18:45,de,Union Berlin,0,0–1,be,Union SG,1,21512,Stadion An der Alten Försterei,Serhiy Boyko,,main stage,,,,,
Conference League,2022/23,2022,Group stage,1,Thu,2022-09-08,18:45,ch,Zürich,1,1–2,eng,Arsenal,2,17070,Kybunpark,Mohammed Al Hakim,,main stage,,,,,
Conference League,2022/23,2022,Group stage,1,Thu,2022-09-08,18:45,nl,PSV,1,1–1,no,Bodø/Glimt,1,28627,Philips Stadion,Georgi Kabakov,,main stage,,,,,
Conference League,2022/23,2022,Group stage,1,Thu,2022-09-08,19:45,bg,Ludogorets,2,2–1,it,Roma,1,10011,Huvepharma Arena,Craig Pawson,,main stage,,,,,
Conference League,2022/23,2022,Group stage,1,Thu,2022-09-08,19:45,tr,Fenerbahçe,2,2–1,ua,Dynamo Kyiv,1,41895,Ülker Stadyumu Fenerbahçe Şükrü Saracoğl...,Tamás Bognár,,main stage,,,,,
Conference League,2022/23,2022,Group stage,1,Thu,2022-09-08,19:45,fi,HJK Helsinki,0,0–2,es,Real Betis,2,10164,Bolt Arena,Roi Reinshreiber,,main stage,,,,,
Conference League,2022/23,2022,Group stage,1,Thu,2022-09-08,19:45,cy,AEK Larnaca,1,1–2,fr,Rennes,2,4103,AEK Arena - George Karapatakis,Giorgi Kruashvili,,main stage,,,,,
Conference League,2022/23,2022,Group stage,1,Thu,2022-09-08,20:00,eng,Manchester Utd,0,0–1,es,Real Sociedad,1,74310,Old Trafford,Marco Di Bello,,main stage,,,,,
Conference League,2022/23,2022,Group stage,1,Thu,2022-09-08,21:00,at,Sturm Graz,1,1–0,dk,Midtjylland,0,10521,Merkur Arena,Chang Ssu-yu,,main stage,,,,,
Conference League,2022/23,2022,Group stage,1,Thu,2022-09-08,21:00,de,Freiburg,2,2–1,az,Qarabağ,1,31500,Schwarzwald-Stadion,Erik Lambrechts,,main stage,,,,,
Conference League,2022/23,2022,Group stage,1,Thu,2022-09-08,21:00,hu,Ferencváros,3,3–2,tr,Trabzonspor,2,17987,Groupama Arena,Fabio Maresca,,main stage,,,,,
Conference League,2022/23,2022,Group stage,1,Thu,2022-09-08,21:00,rs,Red Star,0,0–1,fr,Monaco,1,40226,Stadion Rajko Mitić,Harm Osmers,,main stage,,,,,
Conference League,2022/23,2022,Group stage,1,Thu,2022-09-08,21:00,it,Lazio,4,4–2,nl,Feyenoord,2,22763,Stadio Olimpico,Ricardo de Burgos,,main stage,,,,,
Conference League,2022/23,2022,Group stage,1,Thu,2022-09-08,21:00,fr,Nantes,2,2–1,gr,Olympiacos,1,31276,Stade de la Beaujoire - Louis Fonteneau,Harald Lechner,,main stage,,,,,
Conference League,2022/23,2022,Group stage,1,Thu,2022-09-08,22:00,cy,AC Omonia,0,0–3,md,Sheriff Tiraspol,3,11271,Neo GSP,Rade Obrenović,,main stage,,,,,
Conference League,2022/23,2022,Group stage,2,Thu,2022-09-15,18:45,es,Real Sociedad,2,2–1,cy,AC Omonia,1,28587,Reale Arena,Kristo Tohver,,main stage,,,,,
Conference League,2022/23,2022,Group stage,2,Thu,2022-09-15,18:45,dk,Midtjylland,5,5–1,it,Lazio,1,9052,MCH Arena,Nikola Dabanović,,main stage,,,,,
Conference League,2022/23,2022,Group stage,2,Thu,2022-09-15,18:45,nl,Feyenoord,6,6–0,at,Sturm Graz,0,30025,Stadion Feijenoord,Jérôme Brisard,,main stage,,,,,
Conference League,2022/23,2022,Group stage,2,Thu,2022-09-15,18:45,fr,Monaco,0,0–1,hu,Ferencváros,1,3931,Stade Louis II,Espen Andreas Eskås,,main stage,,,,,
Conference League,2022/23,2022,Group stage,2,Thu,2022-09-15,19:45,tr,Trabzonspor,2,2–1,rs,Red Star,1,24884,Şenol Güneş Stadyumu,Sascha Stegemann,,main stage,,,,,
Conference League,2022/23,2022,Group stage,2,Thu,2022-09-15,19:45,gr,Olympiacos,0,0–3,de,Freiburg,3,23104,Stadio Georgios Karaiskáki,Matej Jug,,main stage,,,,,
Conference League,2022/23,2022,Group stage,2,Thu,2022-09-15,19:45,md,Sheriff Tiraspol,0,0–2,eng,Manchester Utd,2,8734,Stadionul Zimbru,Paweł Raczkowski,,main stage,,,,,
Conference League,2022/23,2022,Group stage,2,Thu,2022-09-15,20:00,pt,Braga,1,1–0,de,Union Berlin,0,17782,Estádio Municipal de Braga,Filip Glova,,main stage,,,,,
Conference League,2022/23,2022,Group stage,2,Thu,2022-09-15,20:45,az,Qarabağ,3,3–0,fr,Nantes,0,26495,Tofiq Bəhramov adına Respublika stadionu,Enea Jorgji,,main stage,,,,,
Conference League,2022/23,2022,Group stage,2,Thu,2022-09-15,21:00,be,Union SG,3,3–2,se,Malmö,2,4373,King Power at Den Dreef Stadion,Bartosz Frankowski,,main stage,,,,,
Conference League,2022/23,2022,Group stage,2,Thu,2022-09-15,21:00,fr,Rennes,2,2–2,tr,Fenerbahçe,2,20993,Roazhon Park,Aliaksei Kulbakou,,main stage,,,,,
Conference League,2022/23,2022,Group stage,2,Thu,2022-09-15,21:00,ua,Dynamo Kyiv,0,0–1,cy,AEK Larnaca,1,3362,Stadion Cracovii,Jakob Kehlet,,main stage,,,,,
Conference League,2022/23,2022,Group stage,2,Thu,2022-09-15,21:00,it,Roma,3,3–0,fi,HJK Helsinki,0,60193,Stadio Olimpico,Radu Petrescu,,main stage,,,,,
Conference League,2022/23,2022,Group stage,2,Thu,2022-09-15,21:00,no,Bodø/Glimt,2,2–1,ch,Zürich,1,8000,Aspmyra Stadion,Stéphanie Frappart,,main stage,,,,,
Conference League,2022/23,2022,Group stage,2,Thu,2022-09-15,21:00,es,Real Betis,3,3–2,bg,Ludogorets,2,43113,Estadio Benito Villamarín,Andris Treimanis,,main stage,,,,,
Conference League,2022/23,2022,Group stage,3,Thu,2022-10-06,18:45,ch,Zürich,1,1–5,nl,PSV,5,10626,Stadion Letzigrund,William Collum,,main stage,,,,,
Conference League,2022/23,2022,Group stage,3,Thu,2022-10-06,18:45,se,Malmö,0,0–1,de,Union Berlin,1,16057,Eleda Stadion,Halil Umut Meler,,main stage,,,,,
Conference League,2022/23,2022,Group stage,3,Thu,2022-10-06,18:45,fr,Monaco,3,3–1,tr,Trabzonspor,1,5050,Stade Louis II,Giorgi Kruashvili,,main stage,,,,,
Conference League,2022/23,2022,Group stage,3,Thu,2022-10-06,18:45,rs,Red Star,4,4–1,hu,Ferencváros,1,26244,Stadion Rajko Mitić,Lawrence Visser,,main stage,,,,,
Conference League,2022/23,2022,Group stage,3,Thu,2022-10-06,18:45,at,Sturm Graz,0,0–0,it,Lazio,0,14171,Merkur Arena,Benoît Bastien,,main stage,,,,,
Conference League,2022/23,2022,Group stage,3,Thu,2022-10-06,19:45,fi,HJK Helsinki,1,1–1,bg,Ludogorets,1,9751,Bolt Arena,Yevhen Aranovskyi,,main stage,,,,,
Conference League,2022/23,2022,Group stage,3,Thu,2022-10-06,19:45,cy,AC Omonia,2,2–3,eng,Manchester Utd,3,20011,Neo GSP,João Pinheiro,,main stage,,,,,
Conference League,2022/23,2022,Group stage,3,Thu,2022-10-06,19:45,md,Sheriff Tiraspol,0,0–2,es,Real Sociedad,2,5427,Stadionul Zimbru,Harald Lechner,,main stage,,,,,
Conference League,2022/23,2022,Group stage,3,Thu,2022-10-06,20:00,eng,Arsenal,3,3–0,no,Bodø/Glimt,0,59724,Arsenal Stadium,Harm Osmers,,main stage,,,,,
Conference League,2022/23,2022,Group stage,3,Thu,2022-10-06,20:00,pt,Braga,1,1–2,be,Union SG,2,14044,Estádio Municipal de Braga,Stéphanie Frappart,,main stage,,,,,
Conference League,2022/23,2022,Group stage,3,Thu,2022-10-06,21:00,it,Roma,1,1–2,es,Real Betis,2,62294,Stadio Olimpico,Matej Jug,,main stage,,,,,
Conference League,2022/23,2022,Group stage,3,Thu,2022-10-06,21:00,de,Freiburg,2,2–0,fr,Nantes,0,33200,Schwarzwald-Stadion,Glenn Nyberg,,main stage,,,,,
Conference League,2022/23,2022,Group stage,3,Thu,2022-10-06,21:00,dk,Midtjylland,2,2–2,nl,Feyenoord,2,9044,MCH Arena,Mohammed Al Hakim,,main stage,,,,,
Conference League,2022/23,2022,Group stage,3,Thu,2022-10-06,21:00,fr,Rennes,2,2–1,ua,Dynamo Kyiv,1,24761,Roazhon Park,José Sánchez,,main stage,,,,,
Conference League,2022/23,2022,Group stage,3,Thu,2022-10-06,22:00,gr,Olympiacos,0,0–3,az,Qarabağ,3,21677,Stadio Georgios Karaiskáki,Irfan Peljto,,main stage,,,,,
Conference League,2022/23,2022,Group stage,3,Thu,2022-10-06,22:00,tr,Fenerbahçe,2,2–0,cy,AEK Larnaca,0,38860,Ülker Stadyumu Fenerbahçe Şükrü Saracoğl...,Chris Kavanagh,,main stage,,,,,
Conference League,2022/23,2022,Group stage,4,Thu,2022-10-13,18:45,be,Union SG,3,3–3,pt,Braga,3,7851,King Power at Den Dreef Stadion,Chang Ssu-yu,,main stage,,,,,
Conference League,2022/23,2022,Group stage,4,Thu,2022-10-13,18:45,no,Bodø/Glimt,0,0–1,eng,Arsenal,1,7922,Aspmyra Stadion,Irfan Peljto,,main stage,,,,,
Conference League,2022/23,2022,Group stage,4,Thu,2022-10-13,18:45,fr,Nantes,0,0–4,de,Freiburg,4,31845,Stade de la Beaujoire - Louis Fonteneau,Horațiu Fesnic,,main stage,,,,,
Conference League,2022/23,2022,Group stage,4,Thu,2022-10-13,18:45,es,Real Betis,1,1–1,it,Roma,1,52472,Estadio Benito Villamarín,Anastasios Sidiropoulos,,main stage,,,,,
Conference League,2022/23,2022,Group stage,4,Thu,2022-10-13,18:45,nl,Feyenoord,2,2–2,dk,Midtjylland,2,43086,Stadion Feijenoord,Rade Obrenović,,main stage,,,,,
Conference League,2022/23,2022,Group stage,4,Thu,2022-10-13,18:45,ua,Dynamo Kyiv,0,0–1,fr,Rennes,1,5398,Stadion Cracovii,Serdar Gözübüyük,,main stage,,,,,
Conference League,2022/23,2022,Group stage,4,Thu,2022-10-13,19:45,cy,AEK Larnaca,1,1–2,tr,Fenerbahçe,2,6947,AEK Arena - George Karapatakis,Paweł Raczkowski,,main stage,,,,,
Conference League,2022/23,2022,Group stage,4,Thu,2022-10-13,20:00,eng,Manchester Utd,1,1–0,cy,AC Omonia,0,74310,Old Trafford,Jérôme Brisard,,main stage,,,,,
Conference League,2022/23,2022,Group stage,4,Thu,2022-10-13,20:45,az,Qarabağ,0,0–0,gr,Olympiacos,0,31200,Tofiq Bəhramov adına Respublika stadionu,Craig Pawson,,main stage,,,,,
Conference League,2022/23,2022,Group stage,4,Thu,2022-10-13,21:00,es,Real Sociedad,3,3–0,md,Sheriff Tiraspol,0,25806,Reale Arena,Enea Jorgji,,main stage,,,,,
Conference League,2022/23,2022,Group stage,4,Thu,2022-10-13,21:00,nl,PSV,5,5–0,ch,Zürich,0,30000,Philips Stadion,Ali Palabıyık,,main stage,,,,,
Conference League,2022/23,2022,Group stage,4,Thu,2022-10-13,21:00,de,Union Berlin,1,1–0,se,Malmö,0,21800,Stadion An der Alten Försterei,Aleksandar Stavrev,,main stage,,,,,
Conference League,2022/23,2022,Group stage,4,Thu,2022-10-13,21:00,hu,Ferencváros,2,2–1,rs,Red Star,1,20675,Groupama Arena,Daniel Stefański,,main stage,,,,,
Conference League,2022/23,2022,Group stage,4,Thu,2022-10-13,21:00,it,Lazio,2,2–2,at,Sturm Graz,2,21059,Stadio Olimpico,Sascha Stegemann,,main stage,,,,,
Conference League,2022/23,2022,Group stage,4,Thu,2022-10-13,22:00,bg,Ludogorets,2,2–0,fi,HJK Helsinki,0,4623,Huvepharma Arena,Kristo Tohver,,main stage,,,,,
Conference League,2022/23,2022,Group stage,4,Thu,2022-10-13,22:00,tr,Trabzonspor,4,4–0,fr,Monaco,0,24343,Şenol Güneş Stadyumu,Jakob Kehlet,,main stage,,,,,
Conference League,2022/23,2022,Group stage,2,Thu,2022-10-20,18:00,eng,Arsenal,1,1–0,nl,PSV,0,52200,Arsenal Stadium,Alejandro Hernández,,main stage,,,,,
Conference League,2022/23,2022,Group stage,5,Thu,2022-10-27,18:45,it,Lazio,2,2–1,dk,Midtjylland,1,17756,Stadio Olimpico,Daniel Stefański,,main stage,,,,,
Conference League,2022/23,2022,Group stage,5,Thu,2022-10-27,18:45,de,Union Berlin,1,1–0,pt,Braga,0,21082,Stadion An der Alten Försterei,Craig Pawson,,main stage,,,,,
Conference League,2022/23,2022,Group stage,5,Thu,2022-10-27,18:45,nl,PSV,2,2–0,eng,Arsenal,0,35000,Philips Stadion,Marco Di Bello,,main stage,,,,,
Conference League,2022/23,2022,Group stage,5,Thu,2022-10-27,18:45,se,Malmö,0,0–2,be,Union SG,2,10912,Eleda Stadion,Roi Reinshreiber,,main stage,,,,,
Conference League,2022/23,2022,Group stage,5,Thu,2022-10-27,18:45,ch,Zürich,2,2–1,no,Bodø/Glimt,1,10168,Stadion Letzigrund,Yevhen Aranovskyi,,main stage,,,,,
Conference League,2022/23,2022,Group stage,5,Thu,2022-10-27,19:45,cy,AEK Larnaca,3,3–3,ua,Dynamo Kyiv,3,4321,AEK Arena - George Karapatakis,John Beaton,,main stage,,,,,
Conference League,2022/23,2022,Group stage,5,Thu,2022-10-27,19:45,bg,Ludogorets,0,0–1,es,Real Betis,1,9487,Huvepharma Arena,Harald Lechner,,main stage,,,,,
Conference League,2022/23,2022,Group stage,5,Thu,2022-10-27,19:45,tr,Fenerbahçe,3,3–3,fr,Rennes,3,34840,Ülker Stadyumu Fenerbahçe Şükrü Saracoğl...,Novak Simović,,main stage,,,,,
Conference League,2022/23,2022,Group stage,5,Thu,2022-10-27,20:00,eng,Manchester Utd,3,3–0,md,Sheriff Tiraspol,0,73764,Old Trafford,Anastasios Sidiropoulos,,main stage,,,,,
Conference League,2022/23,2022,Group stage,5,Thu,2022-10-27,21:00,rs,Red Star,2,2–1,tr,Trabzonspor,1,30431,Stadion Rajko Mitić,João Pinheiro,,main stage,,,,,
Conference League,2022/23,2022,Group stage,5,Thu,2022-10-27,21:00,de,Freiburg,1,1–1,gr,Olympiacos,1,33000,Schwarzwald-Stadion,Kristo Tohver,,main stage,,,,,
Conference League,2022/23,2022,Group stage,5,Thu,2022-10-27,21:00,at,Sturm Graz,1,1–0,nl,Feyenoord,0,13987,Merkur Arena,Espen Andreas Eskås,,main stage,,,,,
Conference League,2022/23,2022,Group stage,5,Thu,2022-10-27,21:00,hu,Ferencváros,1,1–1,fr,Monaco,1,20517,Groupama Arena,Enea Jorgji,,main stage,,,,,
Conference League,2022/23,2022,Group stage,5,Thu,2022-10-27,21:00,fr,Nantes,2,2–1,az,Qarabağ,1,30927,Stade de la Beaujoire - Louis Fonteneau,Jakob Kehlet,,main stage,,,,,
Conference League,2022/23,2022,Group stage,5,Thu,2022-10-27,22:00,cy,AC Omonia,0,0–2,es,Real Sociedad,2,11780,Neo GSP,Tamás Bognár,,main stage,,,,,
Conference League,2022/23,2022,Group stage,5,Thu,2022-10-27,22:00,fi,HJK Helsinki,1,1–2,it,Roma,2,9751,Bolt Arena,Tiago Martins,,main stage,,,,,
Conference League,2022/23,2022,Group stage,6,Thu,2022-11-03,18:45,dk,Midtjylland,2,2–0,at,Sturm Graz,0,9134,MCH Arena,Matej Jug,,main stage,,,,,
Conference League,2022/23,2022,Group stage,6,Thu,2022-11-03,18:45,es,Real Sociedad,0,0–1,eng,Manchester Utd,1,36744,Reale Arena,Georgi Kabakov,,main stage,,,,,
Conference League,2022/23,2022,Group stage,6,Thu,2022-11-03,18:45,nl,Feyenoord,1,1–0,it,Lazio,0,43268,Stadion Feijenoord,Irfan Peljto,,main stage,,,,,
Conference League,2022/23,2022,Group stage,6,Thu,2022-11-03,18:45,fr,Monaco,4,4–1,rs,Red Star,1,6341,Stade Louis II,Serdar Gözübüyük,,main stage,,,,,
Conference League,2022/23,2022,Group stage,6,Thu,2022-11-03,19:45,md,Sheriff Tiraspol,1,1–0,cy,AC Omonia,0,2295,Stadionul Zimbru,Fran Jović,,main stage,,,,,
Conference League,2022/23,2022,Group stage,6,Thu,2022-11-03,19:45,gr,Olympiacos,0,0–2,fr,Nantes,2,16254,Stadio Georgios Karaiskáki,Serhiy Boyko,,main stage,,,,,
Conference League,2022/23,2022,Group stage,6,Thu,2022-11-03,20:00,eng,Arsenal,1,1–0,ch,Zürich,0,48500,Arsenal Stadium,Erik Lambrechts,,main stage,,,,,
Conference League,2022/23,2022,Group stage,6,Thu,2022-11-03,20:00,pt,Braga,2,2–1,se,Malmö,1,11805,Estádio Municipal de Braga,Ruddy Buquet,,main stage,,,,,
Conference League,2022/23,2022,Group stage,6,Thu,2022-11-03,20:45,tr,Trabzonspor,1,1–0,hu,Ferencváros,0,22840,Şenol Güneş Stadyumu,Harm Osmers,,main stage,,,,,
Conference League,2022/23,2022,Group stage,6,Thu,2022-11-03,21:00,ua,Dynamo Kyiv,0,0–2,tr,Fenerbahçe,2,6304,Stadion Cracovii,Duje Strukan,,main stage,,,,,
Conference League,2022/23,2022,Group stage,6,Thu,2022-11-03,21:00,fr,Rennes,1,1–1,cy,AEK Larnaca,1,27210,Roazhon Park,Mohammed Al Hakim,,main stage,,,,,
Conference League,2022/23,2022,Group stage,6,Thu,2022-11-03,21:00,no,Bodø/Glimt,1,1–2,nl,PSV,2,7985,Aspmyra Stadion,Donatas Rumšas,,main stage,,,,,
Conference League,2022/23,2022,Group stage,6,Thu,2022-11-03,21:00,it,Roma,3,3–1,bg,Ludogorets,1,60807,Stadio Olimpico,Nikola Dabanović,,main stage,,,,,
Conference League,2022/23,2022,Group stage,6,Thu,2022-11-03,21:00,be,Union SG,0,0–1,de,Union Berlin,1,5597,King Power at Den Dreef Stadion,Andris Treimanis,,main stage,,,,,
Conference League,2022/23,2022,Group stage,6,Thu,2022-11-03,21:00,es,Real Betis,3,3–0,fi,HJK Helsinki,0,35384,Estadio Benito Villamarín,William Collum,,main stage,,,,,
Conference League,2022/23,2022,Group stage,6,Thu,2022-11-03,21:45,az,Qarabağ,1,1–1,de,Freiburg,1,30430,Tofiq Bəhramov adına Respublika stadionu,Alekseiy Kovalev,,main stage,,,,,
Conference League,2022/23,2022,Knockout round play-offs,,Thu,2023-02-16,18:45,nl,Ajax,0,0–0,de,Union Berlin,0,54322,Johan Cruyff ArenA,Halil Umut Meler,Leg 1 of 2,main stage,False,False,,,
Conference League,2022/23,2022,Knockout round play-offs,,Thu,2023-02-16,18:45,es,Barcelona,2,2–2,eng,Manchester Utd,2,90225,Camp Nou,Maurizio Mariani,Leg 1 of 2,main stage,False,False,,,
Conference League,2022/23,2022,Knockout round play-offs,,Thu,2023-02-16,18:45,at,RB Salzburg,1,1–0,it,Roma,0,29520,Red Bull Arena,Dennis Higler,Leg 1 of 2,main stage,False,False,,,
Conference League,2022/23,2022,Knockout round play-offs,,Thu,2023-02-16,19:45,ua,Shakhtar D.,2,2–1,fr,Rennes,1,13415,Stadion Miejski Legii Warszawa im. Marsz...,Irfan Peljto,Leg 1 of 2,main stage,False,False,,,
Conference League,2022/23,2022,Knockout round play-offs,,Thu,2023-02-16,20:00,pt,Sporting CP,1,1–1,dk,Midtjylland,1,23279,Estádio José Alvalade,François Letexier,Leg 1 of 2,main stage,False,False,,,
Conference League,2022/23,2022,Knockout round play-offs,,Thu,2023-02-16,21:00,it,Juventus,1,1–1,fr,Nantes,1,41019,Allianz Stadium,João Pinheiro,Leg 1 of 2,main stage,False,False,,,
Conference League,2022/23,2022,Knockout round play-offs,,Thu,2023-02-16,21:00,de,Leverkusen,2,2–3,fr,Monaco,3,27864,BayArena,Orel Grinfeeld,Leg 1 of 2,main stage,False,False,,,
Conference League,2022/23,2022,Knockout round play-offs,,Thu,2023-02-16,21:00,es,Sevilla,3,3–0,nl,PSV,0,29593,Estadio Ramón Sánchez Pizjuán,Radu Petrescu,Leg 1 of 2,main stage,False,False,,,
Conference League,2022/23,2022,Knockout round play-offs,,Thu,2023-02-23,18:45,dk,Midtjylland,0,0–4,pt,Sporting CP,4,9576,MCH Arena,Ivan Kružliak,Leg 2 of 2; Sporting CP won,main stage,False,False,,,
Conference League,2022/23,2022,Knockout round play-offs,,Thu,2023-02-23,18:45,fr,Monaco,2,(3) 2–3 (5),de,Leverkusen,3,8504,Stade Louis II,Alejandro Hernández,Leg 2 of 2; Leverkusen won; Leverkusen won a penalty shoot-out following extra time,main stage,True,True,3 - 5,3,5
Conference League,2022/23,2022,Knockout round play-offs,,Thu,2023-02-23,18:45,nl,PSV,2,2–0,es,Sevilla,0,34000,Philips Stadion,Daniele Orsato,Leg 2 of 2; Sevilla won,main stage,False,False,,,
Conference League,2022/23,2022,Knockout round play-offs,,Thu,2023-02-23,18:45,fr,Nantes,0,0–3,it,Juventus,3,44000,Stade de la Beaujoire - Louis Fonteneau,Jose Maria,Leg 2 of 2; Juventus won,main stage,False,False,,,
Conference League,2022/23,2022,Knockout round play-offs,,Thu,2023-02-23,20:00,eng,Manchester Utd,2,2–1,es,Barcelona,1,73021,Old Trafford,Clément Turpin,Leg 2 of 2; Manchester Utd won,main stage,False,False,,,
Conference League,2022/23,2022,Knockout round play-offs,,Thu,2023-02-23,21:00,it,Roma,2,2–0,at,RB Salzburg,0,62593,Stadio Olimpico,Slavko Vinčič,Leg 2 of 2; Roma won,main stage,False,False,,,
Conference League,2022/23,2022,Knockout round play-offs,,Thu,2023-02-23,21:00,fr,Rennes,2,(4) 2–1 (5),ua,Shakhtar D.,1,27781,Roazhon Park,Tobias Stieler,Leg 2 of 2; Shakhtar D. won; Shakhtar D. won a penalty shoot-out following extra time,main stage,True,True,4 - 5,4,5
Conference League,2022/23,2022,Knockout round play-offs,,Thu,2023-02-23,21:00,de,Union Berlin,3,3–1,nl,Ajax,1,21800,Stadion An der Alten Försterei,Ricardo de Burgos,Leg 2 of 2; Union Berlin won,main stage,False,False,,,
Conference League,2022/23,2022,Round of 16,,Thu,2023-03-09,17:45,pt,Sporting CP,2,2–2,eng,Arsenal,2,36006,Estádio José Alvalade,Tobias Stieler,Leg 1 of 2,main stage,False,False,,,
Conference League,2022/23,2022,Round of 16,,Thu,2023-03-09,18:45,it,Roma,2,2–0,es,Real Sociedad,0,61608,Stadio Olimpico,Sandro Schärer,Leg 1 of 2,main stage,False,False,,,
Conference League,2022/23,2022,Round of 16,,Thu,2023-03-09,18:45,de,Leverkusen,2,2–0,hu,Ferencváros,0,25001,BayArena,Davide Massa,Leg 1 of 2,main stage,False,False,,,
Conference League,2022/23,2022,Round of 16,,Thu,2023-03-09,18:45,de,Union Berlin,3,3–3,be,Union SG,3,21605,Stadion An der Alten Försterei,Orel Grinfeeld,Leg 1 of 2,main stage,False,False,,,
Conference League,2022/23,2022,Round of 16,,Thu,2023-03-09,20:00,eng,Manchester Utd,4,4–1,es,Real Betis,1,72998,Old Trafford,Daniel Siebert,Leg 1 of 2,main stage,False,False,,,
Conference League,2022/23,2022,Round of 16,,Thu,2023-03-09,21:00,es,Sevilla,2,2–0,tr,Fenerbahçe,0,24480,Estadio Ramón Sánchez Pizjuán,François Letexier,Leg 1 of 2,main stage,False,False,,,
Conference League,2022/23,2022,Round of 16,,Thu,2023-03-09,21:00,it,Juventus,1,1–0,de,Freiburg,0,37474,Allianz Stadium,Anastasios Sidiropoulos,Leg 1 of 2,main stage,False,False,,,
Conference League,2022/23,2022,Round of 16,,Thu,2023-03-09,22:00,ua,Shakhtar D.,1,1–1,nl,Feyenoord,1,17423,Stadion Miejski Legii Warszawa im. Marsz...,Ivan Kružliak,Leg 1 of 2,main stage,False,False,,,
Conference League,2022/23,2022,Round of 16,,Thu,2023-03-16,18:45,nl,Feyenoord,7,7–1,ua,Shakhtar D.,1,37500,Stadion Feijenoord,Jesús Gil,Leg 2 of 2; Feyenoord won,main stage,False,False,,,
Conference League,2022/23,2022,Round of 16,,Thu,2023-03-16,18:45,es,Real Betis,0,0–1,eng,Manchester Utd,1,54643,Estadio Benito Villamarín,Srđan Jovanović,Leg 2 of 2; Manchester Utd won,main stage,False,False,,,
Conference League,2022/23,2022,Round of 16,,Thu,2023-03-16,18:45,de,Freiburg,0,0–2,it,Juventus,2,33420,Europa-Park Stadion,Serdar Gözübüyük,Leg 2 of 2; Juventus won,main stage,False,False,,,
Conference League,2022/23,2022,Round of 16,,Thu,2023-03-16,20:00,eng,Arsenal,1,(3) 1–1 (5),pt,Sporting CP,1,59929,Emirates Stadium,Antonio Matéu,Leg 2 of 2; Sporting CP won; Sporting CP won a penalty shoot-out following extra time,main stage,True,True,3 - 5,3,5
Conference League,2022/23,2022,Round of 16,,Thu,2023-03-16,20:45,tr,Fenerbahçe,1,1–0,es,Sevilla,0,44775,Ülker Stadyumu Fenerbahçe Şükrü Saracoğl...,Michael Oliver,Leg 2 of 2; Sevilla won,main stage,False,False,,,
Conference League,2022/23,2022,Round of 16,,Thu,2023-03-16,21:00,es,Real Sociedad,0,0–0,it,Roma,0,35054,Reale Arena,István Kovács,Leg 2 of 2; Roma won,main stage,False,False,,,
Conference League,2022/23,2022,Round of 16,,Thu,2023-03-16,21:00,hu,Ferencváros,0,0–2,de,Leverkusen,2,50675,Puskás Aréna,Artur Dias,Leg 2 of 2; Leverkusen won,main stage,False,False,,,
Conference League,2022/23,2022,Round of 16,,Thu,2023-03-16,21:00,be,Union SG,3,3–0,de,Union Berlin,0,15681,Lotto Park,José Sánchez,Leg 2 of 2; Union SG won,main stage,False,False,,,
Conference League,2022/23,2022,Quarter-finals,,Thu,2023-04-13,18:45,nl,Feyenoord,1,1–0,it,Roma,0,42960,Stadion Feijenoord,Jose Maria,Leg 1 of 2,main stage,False,False,,,
Conference League,2022/23,2022,Quarter-finals,,Thu,2023-04-13,20:00,eng,Manchester Utd,2,2–2,es,Sevilla,2,72825,Old Trafford,Felix Zwayer,Leg 1 of 2,main stage,False,False,,,
Conference League,2022/23,2022,Quarter-finals,,Thu,2023-04-13,21:00,it,Juventus,1,1–0,pt,Sporting CP,0,38490,Allianz Stadium,Halil Umut Meler,Leg 1 of 2,main stage,False,False,,,
Conference League,2022/23,2022,Quarter-finals,,Thu,2023-04-13,21:00,de,Leverkusen,1,1–1,be,Union SG,1,30210,BayArena,Ivan Kružliak,Leg 1 of 2,main stage,False,False,,,
Conference League,2022/23,2022,Quarter-finals,,Thu,2023-04-20,20:00,pt,Sporting CP,1,1–1,it,Juventus,1,45903,Estádio José Alvalade,François Letexier,Leg 2 of 2; Juventus won,main stage,False,False,,,
Conference League,2022/23,2022,Quarter-finals,,Thu,2023-04-20,21:00,it,Roma,4,4–1,nl,Feyenoord,1,66742,Stadio Olimpico,Anthony Taylor,Leg 2 of 2; Roma won; Required Extra Time,main stage,True,False,,,
Conference League,2022/23,2022,Quarter-finals,,Thu,2023-04-20,21:00,be,Union SG,1,1–4,de,Leverkusen,4,17069,Lotto Park,Antonio Matéu,Leg 2 of 2; Leverkusen won,main stage,False,False,,,
Conference League,2022/23,2022,Quarter-finals,,Thu,2023-04-20,21:00,es,Sevilla,3,3–0,eng,Manchester Utd,0,41974,Estadio Ramón Sánchez Pizjuán,Artur Dias,Leg 2 of 2; Sevilla won,main stage,False,False,,,
Conference League,2022/23,2022,Semi-finals,,Thu,2023-05-11,21:00,it,Roma,1,1–0,de,Leverkusen,0,62123,Stadio Olimpico,Michael Oliver,Leg 1 of 2,main stage,False,False,,,
Conference League,2022/23,2022,Semi-finals,,Thu,2023-05-11,21:00,it,Juventus,1,1–1,es,Sevilla,1,34816,Allianz Stadium,Daniel Siebert,Leg 1 of 2,main stage,False,False,,,
Conference League,2022/23,2022,Semi-finals,,Thu,2023-05-18,21:00,de,Leverkusen,0,0–0,it,Roma,0,30210,BayArena,Slavko Vinčič,Leg 2 of 2; Roma won,main stage,False,False,,,
Conference League,2022/23,2022,Semi-finals,,Thu,2023-05-18,21:00,es,Sevilla,2,2–1,it,Juventus,1,42186,Estadio Ramón Sánchez Pizjuán,Danny Makkelie,Leg 2 of 2; Sevilla won; Required Extra Time,main stage,True,False,,,
Conference League,2022/23,2022,Final,,Wed,2023-05-31,21:00,es,Sevilla,1,(4) 1–1 (1),it,Roma,1,,Puskás Aréna (Neutral Site),Anthony Taylor,Sevilla won a penalty shoot-out following extra time,main stage,True,True,4 - 1,4,1
Conference League,2022/23,2022,Third qualifying round,,Thu,2022-08-04,19:00,se,Malmö,3,3–0,lu,F91 Dudelange,0,11172,Eleda Stadion,Enea Jorgji,Leg 1 of 2,qualification,False,False,,,
Conference League,2022/23,2022,Third qualifying round,,Thu,2022-08-04,19:00,cy,AEK Larnaca,2,2–1,rs,Partizan,1,4250,AEK Arena - George Karapatakis,Andris Treimanis,Leg 1 of 2,qualification,False,False,,,
Conference League,2022/23,2022,Third qualifying round,,Thu,2022-08-04,19:45,nir,Linfield FC,0,0–2,ch,Zürich,2,3044,Windsor Park,Marco Di Bello,Leg 1 of 2,qualification,False,False,,,
Conference League,2022/23,2022,Third qualifying round,,Thu,2022-08-04,20:00,ie,Shamrock,3,3–1,mk,FK Shkupi,1,6455,Tallaght Stadium,Bartosz Frankowski,Leg 1 of 2,qualification,False,False,,,
Conference League,2022/23,2022,Third qualifying round,,Thu,2022-08-04,20:00,tr,Fenerbahçe,3,3–0,cz,Slovácko,0,35536,Ülker Stadyumu Fenerbahçe Şükrü Saracoğl...,João Pinheiro,Leg 1 of 2,qualification,False,False,,,
Conference League,2022/23,2022,Third qualifying round,,Thu,2022-08-04,20:15,si,NK Maribor,0,0–2,fi,HJK Helsinki,2,6000,Ljudski vrt,Georgi Kabakov,Leg 1 of 2,qualification,False,False,,,
Conference League,2022/23,2022,Third qualifying round,,Thu,2022-08-04,22:00,gr,Olympiacos,1,1–1,sk,Slovan Bratislava,1,15585,Stadio Georgios Karaiskáki,Lawrence Visser,Leg 1 of 2,qualification,False,False,,,
Conference League,2022/23,2022,Third qualifying round,,Tue,2022-08-09,21:00,mk,FK Shkupi,1,1–2,ie,Shamrock,2,4870,Nationala Arena Toše Proeski,Aliaksei Kulbakou,Leg 2 of 2; Shamrock won,qualification,False,False,,,
Conference League,2022/23,2022,Third qualifying round,,Thu,2022-08-11,19:00,fi,HJK Helsinki,1,1–0,si,NK Maribor,0,6487,Bolt Arena,Tobias Stieler,Leg 2 of 2; HJK Helsinki won,qualification,False,False,,,
Conference League,2022/23,2022,Third qualifying round,,Thu,2022-08-11,19:00,ch,Zürich,3,3–0,nir,Linfield FC,0,7904,Stadion Letzigrund,Harm Osmers,Leg 2 of 2; Zürich won,qualification,False,False,,,
Conference League,2022/23,2022,Third qualifying round,,Thu,2022-08-11,19:00,cz,Slovácko,1,1–1,tr,Fenerbahçe,1,6520,Městský fotbalový stadion Miroslava Vale...,Nikola Dabanović,Leg 2 of 2; Fenerbahçe won,qualification,False,False,,,
Conference League,2022/23,2022,Third qualifying round,,Thu,2022-08-11,20:00,lu,F91 Dudelange,2,2–2,se,Malmö,2,898,Stade de Luxembourg,Ricardo de Burgos,Leg 2 of 2; Malmö won,qualification,False,False,,,
Conference League,2022/23,2022,Third qualifying round,,Thu,2022-08-11,20:30,sk,Slovan Bratislava,2,(3) 2–2 (4),gr,Olympiacos,2,18133,Štadión Tehelné pole,Glenn Nyberg,Leg 2 of 2; Olympiacos won; Olympiacos won a penalty shoot-out following extra time,qualification,True,True,3 - 4,3,4
Conference League,2022/23,2022,Third qualifying round,,Thu,2022-08-11,21:00,rs,Partizan,2,2–2,cy,AEK Larnaca,2,10802,Stadion Partizana,José Sánchez,Leg 2 of 2; AEK Larnaca won,qualification,False,False,,,
Conference League,2022/23,2022,Play-off round,,Thu,2022-08-18,18:30,hu,Ferencváros,4,4–0,ie,Shamrock,0,15239,Groupama Arena,Glenn Nyberg,Leg 1 of 2,qualification,False,False,,,
Conference League,2022/23,2022,Play-off round,,Thu,2022-08-18,19:00,fi,HJK Helsinki,1,1–0,dk,Silkeborg,0,8237,Bolt Arena,João Pinheiro,Leg 1 of 2,qualification,False,False,,,
Conference League,2022/23,2022,Play-off round,,Thu,2022-08-18,19:00,se,Malmö,3,3–1,tr,Sivasspor,1,12167,Eleda Stadion,William Collum,Leg 1 of 2,qualification,False,False,,,
Conference League,2022/23,2022,Play-off round,,Thu,2022-08-18,19:00,ch,Zürich,2,2–1,sct,Hearts,1,7958,Kybunpark,Bartosz Frankowski,Leg 1 of 2,qualification,False,False,,,
Conference League,2022/23,2022,Play-off round,,Thu,2022-08-18,20:00,ua,Dnipro-1,1,1–2,cy,AEK Larnaca,2,3450,Futbalový štadión Košická Nová ves,Tobias Stieler,Leg 1 of 2,qualification,False,False,,,
Conference League,2022/23,2022,Play-off round,,Thu,2022-08-18,20:00,cy,Apollon Limassol,1,1–1,gr,Olympiacos,1,10479,Neo GSP,José Sánchez,Leg 1 of 2,qualification,False,False,,,
Conference League,2022/23,2022,Play-off round,,Thu,2022-08-18,20:30,be,Gent,0,0–2,cy,AC Omonia,2,10496,GHELAMCO-arena,Irfan Peljto,Leg 1 of 2,qualification,False,False,,,
Conference League,2022/23,2022,Play-off round,,Thu,2022-08-18,20:45,bg,Ludogorets,1,1–0,lt,Žalgiris,0,4951,Huvepharma Arena,Ivan Kružliak,Leg 1 of 2,qualification,False,False,,,
Conference League,2022/23,2022,Play-off round,,Thu,2022-08-18,21:00,at,Austria Wien,0,0–2,tr,Fenerbahçe,2,14000,Generali Arena,Daniel Siebert,Leg 1 of 2,qualification,False,False,,,
Conference League,2022/23,2022,Play-off round,,Thu,2022-08-18,21:00,am,Pyunik,0,0–0,md,Sheriff Tiraspol,0,9000,Vazgen Sargsyan anvan Hanrapetakan Marza...,Alejandro Hernández,Leg 1 of 2,qualification,False,False,,,
Conference League,2022/23,2022,Play-off round,,Thu,2022-08-25,18:30,dk,Silkeborg,1,1–1,fi,HJK Helsinki,1,6334,MASCOT PARK,Maurizio Mariani,Leg 2 of 2; HJK Helsinki won,qualification,False,False,,,
Conference League,2022/23,2022,Play-off round,,Thu,2022-08-25,19:00,cy,AEK Larnaca,3,3–0,ua,Dnipro-1,0,4893,AEK Arena - George Karapatakis,Davide Massa,Leg 2 of 2; AEK Larnaca won,qualification,False,False,,,
Conference League,2022/23,2022,Play-off round,,Thu,2022-08-25,19:00,lt,Žalgiris,3,3–3,bg,Ludogorets,3,4601,Vilniaus LFF stadionas,Harm Osmers,Leg 2 of 2; Ludogorets won; Required Extra Time,qualification,True,False,,,
Conference League,2022/23,2022,Play-off round,,Thu,2022-08-25,20:00,cy,AC Omonia,2,2–0,be,Gent,0,17002,Stadio GSP (1902),Georgi Kabakov,Leg 2 of 2; AC Omonia won,qualification,False,False,,,
Conference League,2022/23,2022,Play-off round,,Thu,2022-08-25,20:00,ie,Shamrock,1,1–0,hu,Ferencváros,0,7163,Tallaght Stadium,François Letexier,Leg 2 of 2; Ferencváros won,qualification,False,False,,,
Conference League,2022/23,2022,Play-off round,,Thu,2022-08-25,20:00,md,Sheriff Tiraspol,0,(3) 0–0 (2),am,Pyunik,0,6154,Stadionul Zimbru,Andreas Ekberg,Leg 2 of 2; Sheriff Tiraspol won; Sheriff Tiraspol won a penalty shoot-out following extra time,qualification,True,True,3 - 2,3,2
Conference League,2022/23,2022,Play-off round,,Thu,2022-08-25,20:00,tr,Sivasspor,0,0–2,se,Malmö,2,16873,Sivas Arena,Srđan Jovanović,Leg 2 of 2; Malmö won,qualification,False,False,,,
Conference League,2022/23,2022,Play-off round,,Thu,2022-08-25,20:00,sct,Hearts,0,0–1,ch,Zürich,1,17225,Tynecastle Stadium,Lawrence Visser,Leg 2 of 2; Zürich won,qualification,False,False,,,
Conference League,2022/23,2022,Play-off round,,Thu,2022-08-25,20:00,tr,Fenerbahçe,4,4–1,at,Austria Wien,1,35350,Ülker Stadyumu Fenerbahçe Şükrü Saracoğl...,Jesús Gil,Leg 2 of 2; Fenerbahçe won,qualification,False,False,,,
Conference League,2022/23,2022,Play-off round,,Thu,2022-08-25,22:00,gr,Olympiacos,1,(3) 1–1 (1),cy,Apollon Limassol,1,20054,Stadio Georgios Karaiskáki,Sandro Schärer,Leg 2 of 2; Olympiacos won; Olympiacos won a penalty shoot-out following extra time,qualification,True,True,3 - 1,3,1
Conference League,2023/24,2023,Group stage,1,Thu,2023-09-21,18:45,ch,Servette FC,0,0–2,cz,Slavia Prague,2,19783,Stade de Genève,Giorgi Kruashvili,,main stage,,,,,
Conference League,2023/24,2023,Group stage,1,Thu,2023-09-21,18:45,at,LASK,1,1–3,eng,Liverpool,3,18091,Raiffeisen Arena,Marco Di Bello,,main stage,,,,,
Conference League,2023/24,2023,Group stage,1,Thu,2023-09-21,18:45,de,Leverkusen,4,4–0,se,BK Häcken,0,25402,BayArena,Manfredas Lukjančukas,,main stage,,,,,
Conference League,2023/24,2023,Group stage,1,Thu,2023-09-21,18:45,fr,Rennes,3,3–0,il,Maccabi Haifa,0,26838,Roazhon Park,Harm Osmers,,main stage,,,,,
Conference League,2023/24,2023,Group stage,1,Thu,2023-09-21,18:45,be,Union SG,1,1–1,fr,Toulouse,1,12162,Lotto Park,Rohit Saggi,,main stage,,,,,
Conference League,2023/24,2023,Group stage,1,Thu,2023-09-21,19:45,gr,Panathinaikos,2,2–0,es,Villarreal,0,57003,Olympiako Stadio Spyros Louis,Craig Pawson,,main stage,,,,,
Conference League,2023/24,2023,Group stage,1,Thu,2023-09-21,19:45,md,Sheriff Tiraspol,1,1–2,it,Roma,2,10711,Bolshaya Sportivnaya Arena,Andris Treimanis,,main stage,,,,,
Conference League,2023/24,2023,Group stage,1,Thu,2023-09-21,20:00,sct,Rangers,1,1–0,es,Real Betis,0,45634,Ibrox Stadium,Lawrence Visser,,main stage,,,,,
Conference League,2023/24,2023,Group stage,1,Thu,2023-09-21,20:00,eng,Brighton,2,2–3,gr,AEK Athens,3,30178,The American Express Community Stadium,Kristo Tohver,,main stage,,,,,
Conference League,2023/24,2023,Group stage,1,Thu,2023-09-21,20:00,eng,West Ham,3,3–1,rs,TSC,1,41374,London Stadium,Filip Glova,,main stage,,,,,
Conference League,2023/24,2023,Group stage,1,Thu,2023-09-21,20:45,az,Qarabağ,1,1–0,no,Molde,0,26500,Tofiq Bəhramov adına Respublika stadionu,John Beaton,,main stage,,,,,
Conference League,2023/24,2023,Group stage,1,Thu,2023-09-21,21:00,it,Atalanta,2,2–0,pl,Raków,0,13698,Gewiss Stadium,Roi Reinshreiber,,main stage,,,,,
Conference League,2023/24,2023,Group stage,1,Thu,2023-09-21,21:00,at,Sturm Graz,1,1–2,pt,Sporting CP,2,13517,Merkur Arena,Nikola Dabanović,,main stage,,,,,
Conference League,2023/24,2023,Group stage,1,Thu,2023-09-21,21:00,nl,Ajax,3,3–3,fr,Marseille,3,53000,Johan Cruyff ArenA,Maurizio Mariani,,main stage,,,,,
Conference League,2023/24,2023,Group stage,1,Thu,2023-09-21,21:00,cz,Sparta Prague,3,3–2,cy,Aris Limassol,2,17371,epet Arena,Jérôme Brisard,,main stage,,,,,
Conference League,2023/24,2023,Group stage,1,Thu,2023-09-21,22:00,gr,Olympiacos,2,2–3,de,Freiburg,3,30056,Stadio Georgios Karaiskáki,Allard Lindhout,,main stage,,,,,
Conference League,2023/24,2023,Group stage,2,Thu,2023-10-05,17:45,pt,Sporting CP,1,1–2,it,Atalanta,2,42301,Estádio José Alvalade,Alejandro Hernández,,main stage,,,,,
Conference League,2023/24,2023,Group stage,2,Thu,2023-10-05,18:45,fr,Marseille,2,2–2,eng,Brighton,2,63465,Orange Vélodrome,Mykola Balakin,,main stage,,,,,
Conference League,2023/24,2023,Group stage,2,Thu,2023-10-05,18:45,de,Freiburg,1,1–2,eng,West Ham,2,34100,Europa-Park Stadion,Mohammed Al Hakim,,main stage,,,,,
Conference League,2023/24,2023,Group stage,2,Thu,2023-10-05,18:45,pl,Raków,0,0–1,at,Sturm Graz,1,8993,ArcelorMittal Park,Əliyar Ağayev,,main stage,,,,,
Conference League,2023/24,2023,Group stage,2,Thu,2023-10-05,18:45,rs,TSC,2,2–2,gr,Olympiacos,2,3778,TSC Arena,Benoît Bastien,,main stage,,,,,
Conference League,2023/24,2023,Group stage,2,Thu,2023-10-05,18:45,es,Real Betis,2,2–1,cz,Sparta Prague,1,45037,Estadio Benito Villamarín,Duje Strukan,,main stage,,,,,
Conference League,2023/24,2023,Group stage,2,Thu,2023-10-05,19:45,cy,Aris Limassol,2,2–1,sct,Rangers,1,3911,Alphamega Stadium,Horațiu Fesnic,,main stage,,,,,
Conference League,2023/24,2023,Group stage,2,Thu,2023-10-05,19:45,gr,AEK Athens,1,1–1,nl,Ajax,1,29524,Agia Sophia Stadium,Matej Jug,,main stage,,,,,
Conference League,2023/24,2023,Group stage,2,Thu,2023-10-05,20:00,eng,Liverpool,2,2–0,be,Union SG,0,49513,Anfield,Morten Krogh,,main stage,,,,,
Conference League,2023/24,2023,Group stage,2,Thu,2023-10-05,21:00,cz,Slavia Prague,6,6–0,md,Sheriff Tiraspol,0,17844,Fortuna Arena,Willy Delajod,,main stage,,,,,
Conference League,2023/24,2023,Group stage,2,Thu,2023-10-05,21:00,fr,Toulouse,1,1–0,at,LASK,0,29233,Stadium Municipal,Nick Walsh,,main stage,,,,,
Conference League,2023/24,2023,Group stage,2,Thu,2023-10-05,21:00,es,Villarreal,1,1–0,fr,Rennes,0,17458,Estadio de la Cerámica,Harald Lechner,,main stage,,,,,
Conference League,2023/24,2023,Group stage,2,Thu,2023-10-05,21:00,se,BK Häcken,0,0–1,az,Qarabağ,1,8124,Bravida Arena,Sebastian Gishamer,,main stage,,,,,
Conference League,2023/24,2023,Group stage,2,Thu,2023-10-05,21:00,it,Roma,4,4–0,ch,Servette FC,0,55764,Stadio Olimpico,Igor Pajač,,main stage,,,,,
Conference League,2023/24,2023,Group stage,2,Thu,2023-10-05,21:00,no,Molde,1,1–2,de,Leverkusen,2,8190,Aker Stadion,Anastasios Papapetrou,,main stage,,,,,
Conference League,2023/24,2023,Group stage,2,Thu,2023-10-05,22:00,il,Maccabi Haifa,0,0–0,gr,Panathinaikos,0,29465,Sammy Ofer Stadium,António Nobre,,main stage,,,,,
Conference League,2023/24,2023,Group stage,3,Thu,2023-10-26,18:45,rs,TSC,1,1–3,de,Freiburg,3,3400,TSC Arena,Əliyar Ağayev,,main stage,,,,,
Conference League,2023/24,2023,Group stage,3,Thu,2023-10-26,18:45,fr,Marseille,3,3–1,gr,AEK Athens,1,65092,Orange Vélodrome,Daniel Stefański,,main stage,,,,,
Conference League,2023/24,2023,Group stage,3,Thu,2023-10-26,18:45,no,Molde,5,5–1,se,BK Häcken,1,5870,Aker Stadion,Urs Schnyder,,main stage,,,,,
Conference League,2023/24,2023,Group stage,3,Thu,2023-10-26,18:45,cz,Sparta Prague,0,0–0,sct,Rangers,0,18250,epet Arena,Sascha Stegemann,,main stage,,,,,
Conference League,2023/24,2023,Group stage,3,Thu,2023-10-26,18:45,at,Sturm Graz,2,2–2,it,Atalanta,2,14167,Merkur Arena,Duje Strukan,,main stage,,,,,
Conference League,2023/24,2023,Group stage,3,Thu,2023-10-26,18:45,pl,Raków,1,1–1,pt,Sporting CP,1,10518,ArcelorMittal Park,Anastasios Papapetrou,,main stage,,,,,
Conference League,2023/24,2023,Group stage,3,Thu,2023-10-26,19:45,cy,Aris Limassol,0,0–1,es,Real Betis,1,3945,Alphamega Stadium,Filip Glova,,main stage,,,,,
Conference League,2023/24,2023,Group stage,3,Thu,2023-10-26,19:45,gr,Olympiacos,2,2–1,eng,West Ham,1,30623,Stadio Georgios Karaiskáki,Andris Treimanis,,main stage,,,,,
Conference League,2023/24,2023,Group stage,3,Thu,2023-10-26,20:00,eng,Liverpool,5,5–1,fr,Toulouse,1,49338,Anfield,Rade Obrenović,,main stage,,,,,
Conference League,2023/24,2023,Group stage,3,Thu,2023-10-26,20:00,eng,Brighton,2,2–0,nl,Ajax,0,30540,The American Express Community Stadium,Bartosz Frankowski,,main stage,,,,,
Conference League,2023/24,2023,Group stage,3,Thu,2023-10-26,21:00,de,Leverkusen,5,5–1,az,Qarabağ,1,29039,BayArena,Horațiu Fesnic,,main stage,,,,,
Conference League,2023/24,2023,Group stage,3,Thu,2023-10-26,21:00,it,Roma,2,2–0,cz,Slavia Prague,0,64934,Stadio Olimpico,Espen Andreas Eskås,,main stage,,,,,
Conference League,2023/24,2023,Group stage,3,Thu,2023-10-26,21:00,be,Union SG,2,2–1,at,LASK,1,11426,Lotto Park,Atilla Karaoğlan,,main stage,,,,,
Conference League,2023/24,2023,Group stage,3,Thu,2023-10-26,22:00,gr,Panathinaikos,1,1–2,fr,Rennes,2,13459,Olympiako Stadio Spyros Louis,João Pinheiro,,main stage,,,,,
Conference League,2023/24,2023,Group stage,3,Thu,2023-10-26,22:00,md,Sheriff Tiraspol,1,1–1,ch,Servette FC,1,2834,Bolshaya Sportivnaya Arena,John Brooks,,main stage,,,,,
Conference League,2023/24,2023,Group stage,4,Thu,2023-11-09,18:45,cz,Slavia Prague,2,2–0,it,Roma,0,19265,Fortuna Arena,François Letexier,,main stage,,,,,
Conference League,2023/24,2023,Group stage,4,Thu,2023-11-09,18:45,nl,Ajax,0,0–2,eng,Brighton,2,52095,Johan Cruyff ArenA,Nikola Dabanović,,main stage,,,,,
Conference League,2023/24,2023,Group stage,4,Thu,2023-11-09,18:45,fr,Rennes,3,3–1,gr,Panathinaikos,1,28004,Roazhon Park,William Collum,,main stage,,,,,
Conference League,2023/24,2023,Group stage,4,Thu,2023-11-09,18:45,at,LASK,3,3–0,be,Union SG,0,15900,Raiffeisen Arena,Simone Sozza,,main stage,,,,,
Conference League,2023/24,2023,Group stage,4,Thu,2023-11-09,18:45,fr,Toulouse,3,3–2,eng,Liverpool,2,32026,Stadium Municipal,Georgi Kabakov,,main stage,,,,,
Conference League,2023/24,2023,Group stage,4,Thu,2023-11-09,18:45,ch,Servette FC,2,2–1,md,Sheriff Tiraspol,1,15822,Stade de Genève,Manfredas Lukjančukas,,main stage,,,,,
Conference League,2023/24,2023,Group stage,4,Thu,2023-11-09,19:45,il,Maccabi Haifa,1,1–2,es,Villarreal,2,,Sammy Ofer Stadium,Mykola Balakin,,main stage,,,,,
Conference League,2023/24,2023,Group stage,4,Thu,2023-11-09,20:00,sct,Rangers,2,2–1,cz,Sparta Prague,1,48838,Ibrox Stadium,Davide Massa,,main stage,,,,,
Conference League,2023/24,2023,Group stage,4,Thu,2023-11-09,20:00,pt,Sporting CP,2,2–1,pl,Raków,1,32940,Estádio José Alvalade,Enea Jorgji,,main stage,,,,,
Conference League,2023/24,2023,Group stage,4,Thu,2023-11-09,20:00,eng,West Ham,1,1–0,gr,Olympiacos,0,55811,London Stadium,Matej Jug,,main stage,,,,,
Conference League,2023/24,2023,Group stage,4,Thu,2023-11-09,21:00,de,Freiburg,5,5–0,rs,TSC,0,31700,Europa-Park Stadion,Rohit Saggi,,main stage,,,,,
Conference League,2023/24,2023,Group stage,4,Thu,2023-11-09,21:00,it,Atalanta,1,1–0,at,Sturm Graz,0,14739,Gewiss Stadium,Jérôme Brisard,,main stage,,,,,
Conference League,2023/24,2023,Group stage,4,Thu,2023-11-09,21:00,es,Real Betis,4,4–1,cy,Aris Limassol,1,41768,Estadio Benito Villamarín,Mohammed Al Hakim,,main stage,,,,,
Conference League,2023/24,2023,Group stage,4,Thu,2023-11-09,21:00,se,BK Häcken,1,1–3,no,Molde,3,5106,Nya Gamla Ullevi,Don Robertson,,main stage,,,,,
Conference League,2023/24,2023,Group stage,4,Thu,2023-11-09,21:45,az,Qarabağ,0,0–1,de,Leverkusen,1,30055,Tofiq Bəhramov adına Respublika stadionu,Craig Pawson,,main stage,,,,,
Conference League,2023/24,2023,Group stage,4,Thu,2023-11-09,22:00,gr,AEK Athens,0,0–2,fr,Marseille,2,30530,Agia Sophia Stadium,Glenn Nyberg,,main stage,,,,,
Conference League,2023/24,2023,Group stage,5,Thu,2023-11-30,18:45,cz,Sparta Prague,1,1–0,es,Real Betis,0,18095,epet Arena,Nikola Dabanović,,main stage,,,,,
Conference League,2023/24,2023,Group stage,5,Thu,2023-11-30,18:45,de,Freiburg,5,5–0,gr,Olympiacos,0,34000,Europa-Park Stadion,Irfan Peljto,,main stage,,,,,
Conference League,2023/24,2023,Group stage,5,Thu,2023-11-30,18:45,it,Atalanta,1,1–1,pt,Sporting CP,1,14865,Gewiss Stadium,Michael Oliver,,main stage,,,,,
Conference League,2023/24,2023,Group stage,5,Thu,2023-11-30,18:45,at,Sturm Graz,0,0–1,pl,Raków,1,12517,Bundesstadion Liebenau,Filip Glova,,main stage,,,,,
Conference League,2023/24,2023,Group stage,5,Thu,2023-11-30,18:45,rs,TSC,0,0–1,eng,West Ham,1,4256,TSC Arena,Allard Lindhout,,main stage,,,,,
Conference League,2023/24,2023,Group stage,5,Thu,2023-11-30,19:45,gr,AEK Athens,0,0–1,eng,Brighton,1,30520,Agia Sophia Stadium,Sandro Schärer,,main stage,,,,,
Conference League,2023/24,2023,Group stage,5,Thu,2023-11-30,19:45,il,Maccabi Haifa,0,0–3,fr,Rennes,3,,Puskás Aréna,Horațiu Fesnic,,main stage,,,,,
Conference League,2023/24,2023,Group stage,5,Thu,2023-11-30,20:00,sct,Rangers,1,1–1,cy,Aris Limassol,1,48890,Ibrox Stadium,Rohit Saggi,,main stage,,,,,
Conference League,2023/24,2023,Group stage,5,Thu,2023-11-30,20:00,eng,Liverpool,4,4–0,at,LASK,0,49666,Anfield,Urs Schnyder,,main stage,,,,,
Conference League,2023/24,2023,Group stage,5,Thu,2023-11-30,21:00,se,BK Häcken,0,0–2,de,Leverkusen,2,11234,Nya Ullevi,Julian Weinberger,,main stage,,,,,
Conference League,2023/24,2023,Group stage,5,Thu,2023-11-30,21:00,fr,Toulouse,0,0–0,be,Union SG,0,31205,Stadium Municipal,Matej Jug,,main stage,,,,,
Conference League,2023/24,2023,Group stage,5,Thu,2023-11-30,21:00,ch,Servette FC,1,1–1,it,Roma,1,28534,Stade de Genève,Daniel Stefański,,main stage,,,,,
Conference League,2023/24,2023,Group stage,5,Thu,2023-11-30,21:00,no,Molde,2,2–2,az,Qarabağ,2,5291,Aker Stadion,Erik Lambrechts,,main stage,,,,,
Conference League,2023/24,2023,Group stage,5,Thu,2023-11-30,21:00,es,Villarreal,3,3–2,gr,Panathinaikos,2,16993,Estadio de la Cerámica,Ivan Kružliak,,main stage,,,,,
Conference League,2023/24,2023,Group stage,5,Thu,2023-11-30,21:00,fr,Marseille,4,4–3,nl,Ajax,3,60638,Orange Vélodrome,Simone Sozza,,main stage,,,,,
Conference League,2023/24,2023,Group stage,5,Thu,2023-11-30,22:00,md,Sheriff Tiraspol,2,2–3,cz,Slavia Prague,3,1520,Bolshaya Sportivnaya Arena,Christian-Petru Ciochirca,,main stage,,,,,
Conference League,2023/24,2023,Group stage,3,Wed,2023-12-06,21:00,es,Villarreal,0,0–0,il,Maccabi Haifa,0,9365,Estadio de la Cerámica,Nick Walsh,,main stage,,,,,
Conference League,2023/24,2023,Group stage,6,Thu,2023-12-14,18:45,cz,Slavia Prague,4,4–0,ch,Servette FC,0,18380,Fortuna Arena,Nick Walsh,,main stage,,,,,
Conference League,2023/24,2023,Group stage,6,Thu,2023-12-14,18:45,de,Leverkusen,5,5–1,no,Molde,1,28504,BayArena,Robert Jones,,main stage,,,,,
Conference League,2023/24,2023,Group stage,6,Thu,2023-12-14,18:45,fr,Rennes,2,2–3,es,Villarreal,3,27761,Roazhon Park,Atilla Karaoğlan,,main stage,,,,,
Conference League,2023/24,2023,Group stage,6,Thu,2023-12-14,18:45,be,Union SG,2,2–1,eng,Liverpool,1,16959,Lotto Park,Orel Grinfeeld,,main stage,,,,,
Conference League,2023/24,2023,Group stage,6,Thu,2023-12-14,18:45,it,Roma,3,3–0,md,Sheriff Tiraspol,0,47803,Stadio Olimpico,Jérôme Brisard,,main stage,,,,,
Conference League,2023/24,2023,Group stage,6,Thu,2023-12-14,18:45,at,LASK,1,1–2,fr,Toulouse,2,16100,Raiffeisen Arena,Fabio Maresca,,main stage,,,,,
Conference League,2023/24,2023,Group stage,6,Thu,2023-12-14,19:45,gr,Panathinaikos,1,1–2,il,Maccabi Haifa,2,13121,Stadio Apóstolos Nikolaidis,Georgi Kabakov,,main stage,,,,,
Conference League,2023/24,2023,Group stage,6,Thu,2023-12-14,20:00,eng,West Ham,2,2–0,de,Freiburg,0,48876,London Stadium,João Pinheiro,,main stage,,,,,
Conference League,2023/24,2023,Group stage,6,Thu,2023-12-14,20:00,pt,Sporting CP,3,3–0,at,Sturm Graz,0,24733,Estádio José Alvalade,William Collum,,main stage,,,,,
Conference League,2023/24,2023,Group stage,6,Thu,2023-12-14,20:00,eng,Brighton,1,1–0,fr,Marseille,0,30214,The American Express Community Stadium,José Sánchez,,main stage,,,,,
Conference League,2023/24,2023,Group stage,6,Thu,2023-12-14,21:00,pl,Raków,0,0–4,it,Atalanta,4,10386,ArcelorMittal Park,Enea Jorgji,,main stage,,,,,
Conference League,2023/24,2023,Group stage,6,Thu,2023-12-14,21:00,nl,Ajax,3,3–1,gr,AEK Athens,1,53926,Johan Cruyff ArenA,Craig Pawson,,main stage,,,,,
Conference League,2023/24,2023,Group stage,6,Thu,2023-12-14,21:00,es,Real Betis,2,2–3,sct,Rangers,3,48380,Estadio Benito Villamarín,Srđan Jovanović,,main stage,,,,,
Conference League,2023/24,2023,Group stage,6,Thu,2023-12-14,21:45,az,Qarabağ,2,2–1,se,BK Häcken,1,28515,Tofiq Bəhramov adına Respublika stadionu,Juxhin Xhaja,,main stage,,,,,
Conference League,2023/24,2023,Group stage,6,Thu,2023-12-14,22:00,gr,Olympiacos,5,5–2,rs,TSC,2,,Stadio Georgios Karaiskáki,Morten Krogh,,main stage,,,,,
Conference League,2023/24,2023,Group stage,6,Thu,2023-12-14,22:00,cy,Aris Limassol,1,1–3,cz,Sparta Prague,3,2859,Alphamega Stadium,Harm Osmers,,main stage,,,,,
Conference League,2023/24,2023,Knockout round play-offs,,Thu,2024-02-15,18:45,ch,Young Boys,1,1–3,pt,Sporting CP,3,31500,Stadion Wankdorf,Benoît Bastien,Leg 1 of 2,main stage,False,False,,,
Conference League,2023/24,2023,Knockout round play-offs,,Thu,2024-02-15,18:45,nl,Feyenoord,1,1–1,it,Roma,1,43235,Stadion Feijenoord,Radu Petrescu,Leg 1 of 2,main stage,False,False,,,
Conference League,2023/24,2023,Knockout round play-offs,,Thu,2024-02-15,19:45,ua,Shakhtar D.,2,2–2,fr,Marseille,2,28790,Volksparkstadion,Erik Lambrechts,Leg 1 of 2,main stage,False,False,,,
Conference League,2023/24,2023,Knockout round play-offs,,Thu,2024-02-15,20:00,pt,Benfica,2,2–1,fr,Toulouse,1,56553,Estádio do Sport Lisboa e Benfica,Donatas Rumšas,Leg 1 of 2,main stage,False,False,,,
Conference League,2023/24,2023,Knockout round play-offs,,Thu,2024-02-15,20:00,pt,Braga,2,2–4,az,Qarabağ,4,12122,Estádio Municipal de Braga,Morten Krogh,Leg 1 of 2,main stage,False,False,,,
Conference League,2023/24,2023,Knockout round play-offs,,Thu,2024-02-15,20:45,tr,Galatasaray,3,3–2,cz,Sparta Prague,2,46583,RAMS Park,Alejandro Hernández,Leg 1 of 2,main stage,False,False,,,
Conference League,2023/24,2023,Knockout round play-offs,,Thu,2024-02-15,21:00,it,Milan,3,3–0,fr,Rennes,0,69021,Stadio Giuseppe Meazza,Nikola Dabanović,Leg 1 of 2,main stage,False,False,,,
Conference League,2023/24,2023,Knockout round play-offs,,Thu,2024-02-15,21:00,fr,Lens,0,0–0,de,Freiburg,0,38194,Stade Bollaert-Delelis,Bartosz Frankowski,Leg 1 of 2,main stage,False,False,,,
Conference League,2023/24,2023,Knockout round play-offs,,Thu,2024-02-22,18:45,de,Freiburg,3,3–2,fr,Lens,2,22969,Europa-Park Stadion,Rade Obrenović,Leg 2 of 2; Freiburg won; Required Extra Time,main stage,True,False,,,
Conference League,2023/24,2023,Knockout round play-offs,,Thu,2024-02-22,18:45,fr,Toulouse,0,0–0,pt,Benfica,0,31556,Stadium Municipal,Maurizio Mariani,Leg 2 of 2; Benfica won,main stage,False,False,,,
Conference League,2023/24,2023,Knockout round play-offs,,Thu,2024-02-22,18:45,fr,Rennes,3,3–2,it,Milan,2,29241,Roazhon Park,João Pinheiro,Leg 2 of 2; Milan won,main stage,False,False,,,
Conference League,2023/24,2023,Knockout round play-offs,,Thu,2024-02-22,20:00,pt,Sporting CP,1,1–1,ch,Young Boys,1,29393,Estádio José Alvalade,Ivan Kružliak,Leg 2 of 2; Sporting CP won,main stage,False,False,,,
Conference League,2023/24,2023,Knockout round play-offs,,Thu,2024-02-22,21:00,fr,Marseille,3,3–1,ua,Shakhtar D.,1,66534,Orange Vélodrome,Tobias Stieler,Leg 2 of 2; Marseille won,main stage,False,False,,,
Conference League,2023/24,2023,Knockout round play-offs,,Thu,2024-02-22,21:00,cz,Sparta Prague,4,4–1,tr,Galatasaray,1,18349,epet Arena,Anthony Taylor,Leg 2 of 2; Sparta Prague won,main stage,False,False,,,
Conference League,2023/24,2023,Knockout round play-offs,,Thu,2024-02-22,21:00,it,Roma,1,(4) 1–1 (2),nl,Feyenoord,1,69689,Stadio Olimpico,Jesús Gil,Leg 2 of 2; Roma won; Roma won a penalty shoot-out following extra time,main stage,True,True,4 - 2,4,2
Conference League,2023/24,2023,Knockout round play-offs,,Thu,2024-02-22,21:45,az,Qarabağ,2,2–3,pt,Braga,3,31200,Tofiq Bəhramov adına Respublika stadionu,Georgi Kabakov,Leg 2 of 2; Qarabağ won; Required Extra Time,main stage,True,False,,,
Conference League,2023/24,2023,Round of 16,,Wed,2024-03-06,17:45,pt,Sporting CP,1,1–1,it,Atalanta,1,28528,Estádio José Alvalade (1956),Daniel Siebert,Leg 1 of 2,main stage,False,False,,,
Conference League,2023/24,2023,Round of 16,,Thu,2024-03-07,18:45,it,Roma,4,4–0,eng,Brighton,0,64877,Stadio Olimpico,François Letexier,Leg 1 of 2,main stage,False,False,,,
Conference League,2023/24,2023,Round of 16,,Thu,2024-03-07,18:45,cz,Sparta Prague,1,1–5,eng,Liverpool,5,18349,epet Arena,José Sánchez,Leg 1 of 2,main stage,False,False,,,
Conference League,2023/24,2023,Round of 16,,Thu,2024-03-07,20:00,pt,Benfica,2,2–2,sct,Rangers,2,48759,Estádio do Sport Lisboa e Benfica,Tobias Stieler,Leg 1 of 2,main stage,False,False,,,
Conference League,2023/24,2023,Round of 16,,Thu,2024-03-07,21:00,de,Freiburg,1,1–0,eng,West Ham,0,34700,Europa-Park Stadion,Alejandro Hernández,Leg 1 of 2,main stage,False,False,,,
Conference League,2023/24,2023,Round of 16,,Thu,2024-03-07,21:00,it,Milan,4,4–2,cz,Slavia Prague,2,59325,Stadio Giuseppe Meazza,Halil Umut Meler,Leg 1 of 2,main stage,False,False,,,
Conference League,2023/24,2023,Round of 16,,Thu,2024-03-07,21:00,fr,Marseille,4,4–0,es,Villarreal,0,53396,Orange Vélodrome,Serdar Gözübüyük,Leg 1 of 2,main stage,False,False,,,
Conference League,2023/24,2023,Round of 16,,Thu,2024-03-07,21:45,az,Qarabağ,2,2–2,de,Leverkusen,2,30423,Tofiq Bəhramov adına Respublika stadionu,Benoît Bastien,Leg 1 of 2,main stage,False,False,,,
Conference League,2023/24,2023,Round of 16,,Thu,2024-03-14,17:45,sct,Rangers,0,0–1,pt,Benfica,1,49943,Ibrox Stadium,Ivan Kružliak,Leg 2 of 2; Benfica won,main stage,False,False,,,
Conference League,2023/24,2023,Round of 16,,Thu,2024-03-14,17:45,eng,West Ham,5,5–0,de,Freiburg,0,51014,London Stadium,Marco Guida,Leg 2 of 2; West Ham won,main stage,False,False,,,
Conference League,2023/24,2023,Round of 16,,Thu,2024-03-14,18:45,es,Villarreal,3,3–1,fr,Marseille,1,15378,Estadio de la Cerámica,István Kovács,Leg 2 of 2; Marseille won,main stage,False,False,,,
Conference League,2023/24,2023,Round of 16,,Thu,2024-03-14,18:45,cz,Slavia Prague,1,1–3,it,Milan,3,19334,Fortuna Arena,Glenn Nyberg,Leg 2 of 2; Milan won,main stage,False,False,,,
Conference League,2023/24,2023,Round of 16,,Thu,2024-03-14,20:00,eng,Brighton,1,1–0,it,Roma,0,30380,The American Express Community Stadium,Felix Zwayer,Leg 2 of 2; Roma won,main stage,False,False,,,
Conference League,2023/24,2023,Round of 16,,Thu,2024-03-14,20:00,eng,Liverpool,6,6–1,cz,Sparta Prague,1,59581,Anfield Sports & Community Centre,Artur Soares Dias,Leg 2 of 2; Liverpool won,main stage,False,False,,,
Conference League,2023/24,2023,Round of 16,,Thu,2024-03-14,21:00,de,Leverkusen,3,3–2,az,Qarabağ,2,30210,BayArena,Anthony Taylor,Leg 2 of 2; Leverkusen won,main stage,False,False,,,
Conference League,2023/24,2023,Round of 16,,Thu,2024-03-14,21:00,it,Atalanta,2,2–1,pt,Sporting CP,1,14649,Gewiss Stadium,Sandro Schärer,Leg 2 of 2; Atalanta won,main stage,False,False,,,
Conference League,2023/24,2023,Quarter-finals,,Thu,2024-04-11,20:00,eng,Liverpool,0,0–3,it,Atalanta,3,59004,Anfield,Halil Umut Meler,Leg 1 of 2,main stage,False,False,,,
Conference League,2023/24,2023,Quarter-finals,,Thu,2024-04-11,20:00,pt,Benfica,2,2–1,fr,Marseille,1,53845,Estádio do Sport Lisboa e Benfica,Michael Oliver,Leg 1 of 2,main stage,False,False,,,
Conference League,2023/24,2023,Quarter-finals,,Thu,2024-04-11,21:00,de,Leverkusen,2,2–0,eng,West Ham,0,30210,BayArena,Artur Soares Dias,Leg 1 of 2,main stage,False,False,,,
Conference League,2023/24,2023,Quarter-finals,,Thu,2024-04-11,21:00,it,Milan,0,0–1,it,Roma,1,75023,Stadio Giuseppe Meazza,Clément Turpin,Leg 1 of 2,main stage,False,False,,,
Conference League,2023/24,2023,Quarter-finals,,Thu,2024-04-18,20:00,eng,West Ham,1,1–1,de,Leverkusen,1,62473,London Stadium,José Sánchez,Leg 2 of 2; Leverkusen won,main stage,False,False,,,
Conference League,2023/24,2023,Quarter-finals,,Thu,2024-04-18,21:00,it,Atalanta,0,0–1,eng,Liverpool,1,14994,Gewiss Stadium,François Letexier,Leg 2 of 2; Atalanta won,main stage,False,False,,,
Conference League,2023/24,2023,Quarter-finals,,Thu,2024-04-18,21:00,it,Roma,2,2–1,it,Milan,1,66025,Stadio Olimpico,Szymon Marciniak,Leg 2 of 2; Roma won,main stage,False,False,,,
Conference League,2023/24,2023,Quarter-finals,,Thu,2024-04-18,21:00,fr,Marseille,1,(4) 1–0 (2),pt,Benfica,0,59645,Orange Vélodrome,Felix Zwayer,Leg 2 of 2; Marseille won; Marseille won a penalty shoot-out following extra time,main stage,True,True,4 - 2,4,2
Conference League,2023/24,2023,Semi-finals,,Thu,2024-05-02,21:00,it,Roma,0,0–2,de,Leverkusen,2,64073,Stadio Olimpico,François Letexier,Leg 1 of 2,main stage,False,False,,,
Conference League,2023/24,2023,Semi-finals,,Thu,2024-05-02,21:00,fr,Marseille,1,1–1,it,Atalanta,1,64475,Orange Vélodrome,Daniel Siebert,Leg 1 of 2,main stage,False,False,,,
Conference League,2023/24,2023,Semi-finals,,Thu,2024-05-09,21:00,de,Leverkusen,2,2–2,it,Roma,2,30210,BayArena,Danny Makkelie,Leg 2 of 2; Leverkusen won,main stage,False,False,,,
Conference League,2023/24,2023,Semi-finals,,Thu,2024-05-09,21:00,it,Atalanta,3,3–0,fr,Marseille,0,14994,Gewiss Stadium,Jesús Gil,Leg 2 of 2; Atalanta won,main stage,False,False,,,
Conference League,2023/24,2023,Final,,Wed,2024-05-22,20:00,it,Atalanta,3,3–0,de,Leverkusen,0,47135,Aviva Stadium (Neutral Site),István Kovács,,main stage,,,,,
Conference League,2023/24,2023,Third qualifying round,,Tue,2023-08-08,20:00,kz,FC Astana,2,2–1,bg,Ludogorets,1,23967,Astana Arena,Horațiu Fesnic,Leg 1 of 2,qualification,False,False,,,
Conference League,2023/24,2023,Third qualifying round,,Thu,2023-08-10,19:00,lt,Žalgiris,1,1–3,se,BK Häcken,3,4789,Vilniaus LFF stadionas,Mykola Balakin,Leg 1 of 2,qualification,False,False,,,
Conference League,2023/24,2023,Third qualifying round,,Thu,2023-08-10,19:00,cz,Slavia Prague,3,3–0,ua,Dnipro-1,0,19102,Fortuna Arena,Lawrence Visser,Leg 1 of 2,qualification,False,False,,,
Conference League,2023/24,2023,Third qualifying round,,Thu,2023-08-10,20:00,md,Sheriff Tiraspol,5,5–1,by,BATE Borisov,1,5400,Borisov Arena,Mohammed Al Hakim,Leg 1 of 2,qualification,False,False,,,
Conference League,2023/24,2023,Third qualifying round,,Thu,2023-08-10,20:00,az,Qarabağ,2,2–1,fi,HJK Helsinki,1,24984,Tofiq Bəhramov adına Respublika stadionu,Roi Reinshreiber,Leg 1 of 2,qualification,False,False,,,
Conference League,2023/24,2023,Third qualifying round,,Thu,2023-08-10,21:00,ba,Zrinjski Mostar,6,6–2,is,Breiðablik,2,6200,Stadion Bijeli Brijeg,Nick Walsh,Leg 1 of 2,qualification,False,False,,,
Conference League,2023/24,2023,Third qualifying round,,Thu,2023-08-10,22:00,gr,Olympiacos,1,1–0,be,Genk,0,24123,Stadio Georgios Karaiskáki,Glenn Nyberg,Leg 1 of 2,qualification,False,False,,,
Conference League,2023/24,2023,Third qualifying round,,Thu,2023-08-17,17:30,is,Breiðablik,1,1–0,ba,Zrinjski Mostar,0,673,Kópavogsvöllur,Anastasios Papapetrou,Leg 2 of 2; Zrinjski Mostar won,qualification,False,False,,,
Conference League,2023/24,2023,Third qualifying round,,Thu,2023-08-17,19:00,se,BK Häcken,5,5–0,lt,Žalgiris,0,3926,Bravida Arena,António Nobre,Leg 2 of 2; BK Häcken won,qualification,False,False,,,
Conference League,2023/24,2023,Third qualifying round,,Thu,2023-08-17,19:00,fi,HJK Helsinki,1,1–2,az,Qarabağ,2,7612,Bolt Arena,Willy Delajod,Leg 2 of 2; Qarabağ won,qualification,False,False,,,
Conference League,2023/24,2023,Third qualifying round,,Thu,2023-08-17,20:00,be,Genk,1,1–1,gr,Olympiacos,1,11998,Cegeka Arena,Tobias Stieler,Leg 2 of 2; Olympiacos won,qualification,False,False,,,
Conference League,2023/24,2023,Third qualifying round,,Thu,2023-08-17,21:00,ua,Dnipro-1,1,1–1,cz,Slavia Prague,1,5855,Dnipro Arena,Jesús Gil,Leg 2 of 2; Slavia Prague won,qualification,False,False,,,
Conference League,2023/24,2023,Third qualifying round,,Thu,2023-08-17,21:00,bg,Ludogorets,5,5–1,kz,FC Astana,1,5469,Huvepharma Arena,Anthony Taylor,Leg 2 of 2; Ludogorets won,qualification,False,False,,,
Conference League,2023/24,2023,Third qualifying round,,Thu,2023-08-17,21:00,by,BATE Borisov,2,2–2,md,Sheriff Tiraspol,2,,Bolshaya Sportivnaya Arena,Tamás Bognár,Leg 2 of 2; Sheriff Tiraspol won,qualification,False,False,,,
Conference League,2023/24,2023,Play-off round,,Thu,2023-08-24,19:00,se,BK Häcken,2,2–2,sct,Aberdeen,2,4424,Bravida Arena,Filip Glova,Leg 1 of 2,qualification,False,False,,,
Conference League,2023/24,2023,Play-off round,,Thu,2023-08-24,19:00,cz,Slavia Prague,2,2–0,ua,Zorya Luhansk,0,18522,Fortuna Arena,Kristo Tohver,Leg 1 of 2,qualification,False,False,,,
Conference League,2023/24,2023,Play-off round,,Thu,2023-08-24,19:45,fo,KÍ Klaksvík,1,1–1,md,Sheriff Tiraspol,1,3413,Tórsvøllur,Rade Obrenović,Leg 1 of 2,qualification,False,False,,,
Conference League,2023/24,2023,Play-off round,,Thu,2023-08-24,20:00,hr,Dinamo Zagreb,3,3–1,cz,Sparta Prague,1,12170,Stadion Maksimir,Marco Guida,Leg 1 of 2,qualification,False,False,,,
Conference League,2023/24,2023,Play-off round,,Thu,2023-08-24,20:00,si,Olimpija,0,0–2,az,Qarabağ,2,6123,Stadion Stožice,Georgi Kabakov,Leg 1 of 2,qualification,False,False,,,
Conference League,2023/24,2023,Play-off round,,Thu,2023-08-24,20:30,be,Union SG,2,2–0,ch,Lugano,0,7238,Lotto Park,Enea Jorgji,Leg 1 of 2,qualification,False,False,,,
Conference League,2023/24,2023,Play-off round,,Thu,2023-08-24,20:30,sk,Slovan Bratislava,2,2–1,cy,Aris Limassol,1,17564,Štadión Tehelné pole,William Collum,Leg 1 of 2,qualification,False,False,,,
Conference League,2023/24,2023,Play-off round,,Thu,2023-08-24,21:00,bg,Ludogorets,1,1–4,nl,Ajax,4,9880,Huvepharma Arena,Marco Di Bello,Leg 1 of 2,qualification,False,False,,,
Conference League,2023/24,2023,Play-off round,,Thu,2023-08-24,21:00,at,LASK,2,2–1,ba,Zrinjski Mostar,1,8300,voestalpine Stadion,Orel Grinfeeld,Leg 1 of 2,qualification,False,False,,,
Conference League,2023/24,2023,Play-off round,,Thu,2023-08-24,22:00,gr,Olympiacos,3,3–1,rs,Čukarički,1,24332,Stadio Georgios Karaiskáki,Donatas Rumšas,Leg 1 of 2,qualification,False,False,,,
Conference League,2023/24,2023,Play-off round,,Thu,2023-08-31,19:00,cz,Sparta Prague,4,4–1,hr,Dinamo Zagreb,1,17953,epet Arena,Tobias Stieler,Leg 2 of 2; Sparta Prague won,qualification,False,False,,,
Conference League,2023/24,2023,Play-off round,,Thu,2023-08-31,19:00,ua,Zorya Luhansk,2,2–1,cz,Slavia Prague,1,964,Arena Lublin,Jérôme Brisard,Leg 2 of 2; Slavia Prague won,qualification,False,False,,,
Conference League,2023/24,2023,Play-off round,,Thu,2023-08-31,19:45,sct,Aberdeen,1,1–3,se,BK Häcken,3,19237,Pittodrie Stadium,Daniel Siebert,Leg 2 of 2; BK Häcken won,qualification,False,False,,,
Conference League,2023/24,2023,Play-off round,,Thu,2023-08-31,20:00,md,Sheriff Tiraspol,2,2–1,fo,KÍ Klaksvík,1,5493,Bolshaya Sportivnaya Arena,Halil Umut Meler,Leg 2 of 2; Sheriff Tiraspol won,qualification,False,False,,,
Conference League,2023/24,2023,Play-off round,,Thu,2023-08-31,20:00,cy,Aris Limassol,6,6–2,sk,Slovan Bratislava,2,2872,Alphamega Stadium,Erik Lambrechts,Leg 2 of 2; Aris Limassol won,qualification,False,False,,,
Conference League,2023/24,2023,Play-off round,,Thu,2023-08-31,20:00,az,Qarabağ,1,1–1,si,Olimpija,1,27354,Tofiq Bəhramov adına Respublika stadionu,Alejandro Hernández,Leg 2 of 2; Qarabağ won,qualification,False,False,,,
Conference League,2023/24,2023,Play-off round,,Thu,2023-08-31,20:00,rs,Čukarički,0,0–3,gr,Olympiacos,3,6812,Stadion na Banovom brdu,Danny Makkelie,Leg 2 of 2; Olympiacos won,qualification,False,False,,,
Conference League,2023/24,2023,Play-off round,,Thu,2023-08-31,20:00,nl,Ajax,0,0–1,bg,Ludogorets,1,50900,Johan Cruyff ArenA,Ivan Kružliak,Leg 2 of 2; Ajax won,qualification,False,False,,,
Conference League,2023/24,2023,Play-off round,,Thu,2023-08-31,20:30,ch,Lugano,0,0–1,be,Union SG,1,1171,Stade de Genève,Harm Osmers,Leg 2 of 2; Union SG won,qualification,False,False,,,
Conference League,2023/24,2023,Play-off round,,Thu,2023-08-31,21:00,ba,Zrinjski Mostar,1,1–1,at,LASK,1,6520,Stadion Bijeli Brijeg,Tiago Martins,Leg 2 of 2; LASK won,qualification,False,False,,,
Conference League,2024/25,2024,League phase,1,Wed,2024-09-25,18:45,no,Bodø/Glimt,3,3–2,pt,Porto,2,7587,Aspmyra Stadion,Orel Grinfeeld,,main stage,,,,,
Conference League,2024/25,2024,League phase,1,Wed,2024-09-25,18:45,nl,AZ Alkmaar,3,3–2,se,Elfsborg,2,16371,AFAS Stadion,Juxhin Xhaja,,main stage,,,,,
Conference League,2024/25,2024,League phase,1,Wed,2024-09-25,20:00,eng,Manchester Utd,1,1–1,nl,Twente,1,73069,Old Trafford,Simone Sozza,,main stage,,,,,
Conference League,2024/25,2024,League phase,1,Wed,2024-09-25,21:00,be,Anderlecht,2,2–1,hu,Ferencváros,1,15417,Lotto Park,Julian Weinberger,,main stage,,,,,
Conference League,2024/25,2024,League phase,1,Wed,2024-09-25,21:00,dk,Midtjylland,1,1–1,de,Hoffenheim,1,8561,MCH Arena,Nenad Minaković,,main stage,,,,,
Conference League,2024/25,2024,League phase,1,Wed,2024-09-25,21:00,fr,Nice,1,1–1,es,Real Sociedad,1,20545,Allianz Riviera,Morten Krogh,,main stage,,,,,
Conference League,2024/25,2024,League phase,1,Wed,2024-09-25,21:00,ua,Dynamo Kyiv,0,0–3,it,Lazio,3,7751,Volksparkstadion,Tasos Sidiropoulos,,main stage,,,,,
Conference League,2024/25,2024,League phase,1,Wed,2024-09-25,22:00,tr,Galatasaray,3,3–1,gr,PAOK,1,50700,RAMS Park,Alejandro Hernández,,main stage,,,,,
Conference League,2024/25,2024,League phase,1,Wed,2024-09-25,22:00,bg,Ludogorets,0,0–2,cz,Slavia Prague,2,4761,Huvepharma Arena,Jérôme Brisard,,main stage,,,,,
Conference League,2024/25,2024,League phase,1,Thu,2024-09-26,18:45,se,Malmö,0,0–2,sct,Rangers,2,20021,Eleda Stadion,Luís Godinho,,main stage,,,,,
Conference League,2024/25,2024,League phase,1,Thu,2024-09-26,19:45,tr,Fenerbahçe,2,2–1,be,Union SG,1,31760,Ülker Stadyumu Fenerbahçe Şükrü Saracoğl...,Benoît Bastien,,main stage,,,,,
Conference League,2024/25,2024,League phase,1,Thu,2024-09-26,20:00,eng,Tottenham,3,3–0,az,Qarabağ,0,51757,Tottenham Hotspur Stadium,Willy Delajod,,main stage,,,,,
Conference League,2024/25,2024,League phase,1,Thu,2024-09-26,20:00,pt,Braga,2,2–1,il,Maccabi Tel Aviv,1,10519,Estádio Municipal de Braga,Matej Jug,,main stage,,,,,
Conference League,2024/25,2024,League phase,1,Thu,2024-09-26,21:00,it,Roma,1,1–1,es,Athletic Club,1,63072,Stadio Olimpico,Georgi Kabakov,,main stage,,,,,
Conference League,2024/25,2024,League phase,1,Thu,2024-09-26,21:00,de,Frankfurt,3,3–3,cz,Viktoria Plzeň,3,56500,Deutsche Bank Park,Mykola Balakin,,main stage,,,,,
Conference League,2024/25,2024,League phase,1,Thu,2024-09-26,21:00,fr,Lyon,2,2–0,gr,Olympiacos,0,24412,Groupama Stadium,Lawrence Visser,,main stage,,,,,
Conference League,2024/25,2024,League phase,1,Thu,2024-09-26,21:00,nl,Ajax,4,4–0,tr,Beşiktaş,0,54010,Johan Cruijff Arena,John Brooks,,main stage,,,,,
Conference League,2024/25,2024,League phase,1,Thu,2024-09-26,22:00,ro,FCSB,4,4–1,lv,RFS,1,34257,Arena Naţională,Ricardo de Burgos,,main stage,,,,,
Conference League,2024/25,2024,League phase,2,Thu,2024-10-03,18:45,es,Real Sociedad,1,1–2,be,Anderlecht,2,30985,Reale Arena,Marian Barbu,,main stage,,,,,
Conference League,2024/25,2024,League phase,2,Thu,2024-10-03,18:45,hu,Ferencváros,1,1–2,eng,Tottenham,2,20795,Groupama Arena,Igor Pajač,,main stage,,,,,
Conference League,2024/25,2024,League phase,2,Thu,2024-10-03,18:45,cz,Slavia Prague,1,1–1,nl,Ajax,1,19296,Fortuna Arena,Andris Treimanis,,main stage,,,,,
Conference League,2024/25,2024,League phase,2,Thu,2024-10-03,18:45,it,Lazio,4,4–1,fr,Nice,1,27314,Stadio Olimpico,Horațiu Fesnic,,main stage,,,,,
Conference League,2024/25,2024,League phase,2,Thu,2024-10-03,18:45,de,Hoffenheim,2,2–0,ua,Dynamo Kyiv,0,20351,PreZero Arena,Aleksandar Stavrev,,main stage,,,,,
Conference League,2024/25,2024,League phase,2,Thu,2024-10-03,19:45,gr,Olympiacos,3,3–0,pt,Braga,0,30301,Stadio Georgios Karaiskáki,Damian Sylwestrzak,,main stage,,,,,
Conference League,2024/25,2024,League phase,2,Thu,2024-10-03,19:45,il,Maccabi Tel Aviv,0,0–2,dk,Midtjylland,2,200,Stadion Partizana,Giorgi Kruashvili,,main stage,,,,,
Conference League,2024/25,2024,League phase,2,Thu,2024-10-03,19:45,lv,RFS,2,2–2,tr,Galatasaray,2,8502,Stadions Arkādija Grass,Filip Glova,,main stage,,,,,
Conference League,2024/25,2024,League phase,2,Thu,2024-10-03,20:00,pt,Porto,3,3–3,eng,Manchester Utd,3,49211,Estádio do Dragão,Tobias Stieler,,main stage,,,,,
Conference League,2024/25,2024,League phase,2,Thu,2024-10-03,20:00,sct,Rangers,1,1–4,fr,Lyon,4,41981,Ibrox Stadium,Sven Jablonski,,main stage,,,,,
Conference League,2024/25,2024,League phase,2,Thu,2024-10-03,20:45,az,Qarabağ,1,1–2,se,Malmö,2,28234,Tofiq Bəhramov adına Respublika stadionu,Anastasios Papapetrou,,main stage,,,,,
Conference League,2024/25,2024,League phase,2,Thu,2024-10-03,21:00,be,Union SG,0,0–0,no,Bodø/Glimt,0,5576,Lotto Park,Ondřej Berka,,main stage,,,,,
Conference League,2024/25,2024,League phase,2,Thu,2024-10-03,21:00,nl,Twente,1,1–1,tr,Fenerbahçe,1,29000,De Grolsch Veste,Chris Kavanagh,,main stage,,,,,
Conference League,2024/25,2024,League phase,2,Thu,2024-10-03,21:00,cz,Viktoria Plzeň,0,0–0,bg,Ludogorets,0,10317,Doosan Arena,Tamás Bognár,,main stage,,,,,
Conference League,2024/25,2024,League phase,2,Thu,2024-10-03,21:00,se,Elfsborg,1,1–0,it,Roma,0,11978,Borås Arena,Kristo Tohver,,main stage,,,,,
Conference League,2024/25,2024,League phase,2,Thu,2024-10-03,21:00,es,Athletic Club,2,2–0,nl,AZ Alkmaar,0,40328,San Mamés,Balázs Berke,,main stage,,,,,
Conference League,2024/25,2024,League phase,2,Thu,2024-10-03,22:00,gr,PAOK,0,0–1,ro,FCSB,1,14340,Stadio Toumbas,Sascha Stegemann,,main stage,,,,,
Conference League,2024/25,2024,League phase,2,Thu,2024-10-03,22:00,tr,Beşiktaş,1,1–3,de,Frankfurt,3,35305,Tüpraş Stadyumu,John Beaton,,main stage,,,,,
Conference League,2024/25,2024,League phase,3,Wed,2024-10-23,15:30,pt,Braga,1,1–2,no,Bodø/Glimt,2,8253,Estádio Municipal de Braga,Nenad Minaković,,main stage,,,,,
Conference League,2024/25,2024,League phase,3,Wed,2024-10-23,17:30,tr,Galatasaray,4,4–3,se,Elfsborg,3,36938,RAMS Park,Matej Jug,,main stage,,,,,
Conference League,2024/25,2024,League phase,3,Thu,2024-10-24,18:45,hu,Ferencváros,1,1–0,fr,Nice,0,18371,Groupama Arena,Tasos Sidiropoulos,,main stage,,,,,
Conference League,2024/25,2024,League phase,3,Thu,2024-10-24,18:45,dk,Midtjylland,1,1–0,be,Union SG,0,8491,MCH Arena,Sebastian Gishamer,,main stage,,,,,
Conference League,2024/25,2024,League phase,3,Thu,2024-10-24,18:45,de,Frankfurt,1,1–0,lv,RFS,0,56600,Deutsche Bank Park,Allard Lindhout,,main stage,,,,,
Conference League,2024/25,2024,League phase,3,Thu,2024-10-24,18:45,it,Roma,1,1–0,ua,Dynamo Kyiv,0,61624,Stadio Olimpico,Serdar Gözübüyük,,main stage,,,,,
Conference League,2024/25,2024,League phase,3,Thu,2024-10-24,19:45,gr,PAOK,2,2–2,cz,Viktoria Plzeň,2,16144,Stadio Toumbas,Urs Schnyder,,main stage,,,,,
Conference League,2024/25,2024,League phase,3,Thu,2024-10-24,19:45,il,Maccabi Tel Aviv,1,1–2,es,Real Sociedad,2,429,Stadion Partizana,Rohit Saggi,,main stage,,,,,
Conference League,2024/25,2024,League phase,3,Thu,2024-10-24,20:00,pt,Porto,2,2–0,de,Hoffenheim,0,39203,Estádio do Dragão,Damian Sylwestrzak,,main stage,,,,,
Conference League,2024/25,2024,League phase,3,Thu,2024-10-24,20:00,eng,Tottenham,1,1–0,nl,AZ Alkmaar,0,53438,Tottenham Hotspur Stadium,Manfredas Lukjančukas,,main stage,,,,,
Conference League,2024/25,2024,League phase,3,Thu,2024-10-24,20:00,sct,Rangers,4,4–0,ro,FCSB,0,41191,Ibrox Stadium,Marco Di Bello,,main stage,,,,,
Conference League,2024/25,2024,League phase,3,Thu,2024-10-24,20:45,az,Qarabağ,0,0–3,nl,Ajax,3,27520,Tofiq Bəhramov adına Respublika stadionu,Nick Walsh,,main stage,,,,,
Conference League,2024/25,2024,League phase,3,Thu,2024-10-24,21:00,se,Malmö,0,0–1,gr,Olympiacos,1,19478,Eleda Stadion,Simone Sozza,,main stage,,,,,
Conference League,2024/25,2024,League phase,3,Thu,2024-10-24,21:00,be,Anderlecht,2,2–0,bg,Ludogorets,0,18000,Lotto Park,Filip Glova,,main stage,,,,,
Conference League,2024/25,2024,League phase,3,Thu,2024-10-24,21:00,fr,Lyon,0,0–1,tr,Beşiktaş,1,27350,Groupama Stadium,Harm Osmers,,main stage,,,,,
Conference League,2024/25,2024,League phase,3,Thu,2024-10-24,21:00,nl,Twente,0,0–2,it,Lazio,2,29500,De Grolsch Veste,Nikola Dabanović,,main stage,,,,,
Conference League,2024/25,2024,League phase,3,Thu,2024-10-24,21:00,es,Athletic Club,1,1–0,cz,Slavia Prague,0,47776,San Mamés,Morten Krogh,,main stage,,,,,
Conference League,2024/25,2024,League phase,3,Thu,2024-10-24,22:00,tr,Fenerbahçe,1,1–1,eng,Manchester Utd,1,41443,Ülker Stadyumu Fenerbahçe Şükrü Saracoğl...,Clément Turpin,,main stage,,,,,
Conference League,2024/25,2024,League phase,4,Wed,2024-11-06,18:30,tr,Beşiktaş,2,2–1,se,Malmö,1,24652,Tüpraş Stadyumu,Sven Jablonski,,main stage,,,,,
Conference League,2024/25,2024,League phase,4,Thu,2024-11-07,18:45,fr,Nice,2,2–2,nl,Twente,2,11144,Allianz Riviera,Balázs Berke,,main stage,,,,,
Conference League,2024/25,2024,League phase,4,Thu,2024-11-07,18:45,no,Bodø/Glimt,1,1–2,az,Qarabağ,2,6011,Aspmyra Stadion,Luís Godinho,,main stage,,,,,
Conference League,2024/25,2024,League phase,4,Thu,2024-11-07,18:45,de,Frankfurt,1,1–0,cz,Slavia Prague,0,57350,Deutsche Bank Park,Chris Kavanagh,,main stage,,,,,
Conference League,2024/25,2024,League phase,4,Thu,2024-11-07,18:45,be,Union SG,1,1–1,it,Roma,1,13875,Stade Roi Baudouin,Jérôme Brisard,,main stage,,,,,
Conference League,2024/25,2024,League phase,4,Thu,2024-11-07,18:45,se,Elfsborg,1,1–1,pt,Braga,1,9402,Borås Arena,Juxhin Xhaja,,main stage,,,,,
Conference League,2024/25,2024,League phase,4,Thu,2024-11-07,19:45,gr,Olympiacos,1,1–1,sct,Rangers,1,31795,Stadio Georgios Karaiskáki,Sascha Stegemann,,main stage,,,,,
Conference League,2024/25,2024,League phase,4,Thu,2024-11-07,19:45,bg,Ludogorets,1,1–2,es,Athletic Club,2,9725,Huvepharma Arena,Anastasios Papapetrou,,main stage,,,,,
Conference League,2024/25,2024,League phase,4,Thu,2024-11-07,19:45,ro,FCSB,2,2–0,dk,Midtjylland,0,37152,Arena Naţională,Duje Strukan,,main stage,,,,,
Conference League,2024/25,2024,League phase,4,Thu,2024-11-07,20:00,eng,Manchester Utd,2,2–0,gr,PAOK,0,73174,Old Trafford,Radu Petrescu,,main stage,,,,,
Conference League,2024/25,2024,League phase,4,Thu,2024-11-07,20:45,tr,Galatasaray,3,3–2,eng,Tottenham,2,51739,RAMS Park,Lawrence Visser,,main stage,,,,,
Conference League,2024/25,2024,League phase,4,Thu,2024-11-07,21:00,de,Hoffenheim,2,2–2,fr,Lyon,2,18227,PreZero Arena,Marian Barbu,,main stage,,,,,
Conference League,2024/25,2024,League phase,4,Thu,2024-11-07,21:00,it,Lazio,2,2–1,pt,Porto,1,29576,Stadio Olimpico,Georgi Kabakov,,main stage,,,,,
Conference League,2024/25,2024,League phase,4,Thu,2024-11-07,21:00,nl,AZ Alkmaar,3,3–1,tr,Fenerbahçe,1,15383,AFAS Stadion,John Beaton,,main stage,,,,,
Conference League,2024/25,2024,League phase,4,Thu,2024-11-07,21:00,cz,Viktoria Plzeň,2,2–1,es,Real Sociedad,1,11130,Doosan Arena,Andris Treimanis,,main stage,,,,,
Conference League,2024/25,2024,League phase,4,Thu,2024-11-07,21:00,nl,Ajax,5,5–0,il,Maccabi Tel Aviv,0,53719,Johan Cruijff Arena,Ondřej Berka,,main stage,,,,,
Conference League,2024/25,2024,League phase,4,Thu,2024-11-07,22:00,ua,Dynamo Kyiv,0,0–4,hu,Ferencváros,4,5338,Volksparkstadion,Mohammed Al Hakim,,main stage,,,,,
Conference League,2024/25,2024,League phase,4,Thu,2024-11-07,22:00,lv,RFS,1,1–1,be,Anderlecht,1,4820,Stadions Arkādija Grass,Aleksandar Stavrev,,main stage,,,,,
Conference League,2024/25,2024,League phase,5,Thu,2024-11-28,18:45,es,Athletic Club,3,3–0,se,Elfsborg,0,46325,San Mamés,Giorgi Kruashvili,,main stage,,,,,
Conference League,2024/25,2024,League phase,5,Thu,2024-11-28,18:45,it,Lazio,0,0–0,bg,Ludogorets,0,27259,Stadio Olimpico,Duje Strukan,,main stage,,,,,
Conference League,2024/25,2024,League phase,5,Thu,2024-11-28,18:45,be,Anderlecht,2,2–2,pt,Porto,2,17717,Lotto Park,Morten Krogh,,main stage,,,,,
Conference League,2024/25,2024,League phase,5,Thu,2024-11-28,18:45,ua,Dynamo Kyiv,1,1–2,cz,Viktoria Plzeň,2,4456,Volksparkstadion,Luís Godinho,,main stage,,,,,
Conference League,2024/25,2024,League phase,5,Thu,2024-11-28,18:45,nl,AZ Alkmaar,1,1–1,tr,Galatasaray,1,16229,AFAS Stadion,Horațiu Fesnic,,main stage,,,,,
Conference League,2024/25,2024,League phase,5,Thu,2024-11-28,19:45,lv,RFS,0,0–2,gr,PAOK,2,5346,Stadions Arkādija Grass,Julian Weinberger,,main stage,,,,,
Conference League,2024/25,2024,League phase,5,Thu,2024-11-28,20:00,pt,Braga,3,3–0,de,Hoffenheim,0,10010,Estádio Municipal de Braga,Igor Pajač,,main stage,,,,,
Conference League,2024/25,2024,League phase,5,Thu,2024-11-28,20:00,eng,Tottenham,2,2–2,it,Roma,2,53378,Tottenham Hotspur Stadium,Glenn Nyberg,,main stage,,,,,
Conference League,2024/25,2024,League phase,5,Thu,2024-11-28,20:00,eng,Manchester Utd,3,3–2,no,Bodø/Glimt,2,72985,Old Trafford,Lawrence Visser,,main stage,,,,,
Conference League,2024/25,2024,League phase,5,Thu,2024-11-28,20:45,tr,Beşiktaş,1,1–3,il,Maccabi Tel Aviv,3,20124,Nagyerdei Stadion,Simone Sozza,,main stage,,,,,
Conference League,2024/25,2024,League phase,5,Thu,2024-11-28,21:00,fr,Nice,1,1–4,sct,Rangers,4,18008,Allianz Riviera,Ricardo de Burgos,,main stage,,,,,
Conference League,2024/25,2024,League phase,5,Thu,2024-11-28,21:00,cz,Slavia Prague,1,1–2,tr,Fenerbahçe,2,19308,Fortuna Arena,Sascha Stegemann,,main stage,,,,,
Conference League,2024/25,2024,League phase,5,Thu,2024-11-28,21:00,dk,Midtjylland,1,1–2,de,Frankfurt,2,9521,MCH Arena,Craig Pawson,,main stage,,,,,
Conference League,2024/25,2024,League phase,5,Thu,2024-11-28,21:00,nl,Twente,0,0–1,be,Union SG,1,26500,De Grolsch Veste,John Beaton,,main stage,,,,,
Conference League,2024/25,2024,League phase,5,Thu,2024-11-28,21:00,es,Real Sociedad,2,2–0,nl,Ajax,0,32786,Reale Arena,Matej Jug,,main stage,,,,,
Conference League,2024/25,2024,League phase,5,Thu,2024-11-28,21:00,hu,Ferencváros,4,4–1,se,Malmö,1,18891,Groupama Arena,Əliyar Ağayev,,main stage,,,,,
Conference League,2024/25,2024,League phase,5,Thu,2024-11-28,21:45,az,Qarabağ,1,1–4,fr,Lyon,4,22563,Tofiq Bəhramov adına Respublika stadionu,Nenad Minaković,,main stage,,,,,
Conference League,2024/25,2024,League phase,5,Thu,2024-11-28,22:00,ro,FCSB,0,0–0,gr,Olympiacos,0,43572,Arena Naţională,Sebastian Gishamer,,main stage,,,,,
Conference League,2024/25,2024,League phase,6,Wed,2024-12-11,18:30,tr,Fenerbahçe,0,0–2,es,Athletic Club,2,35263,Ülker Stadyumu Fenerbahçe Şükrü Saracoğl...,Irfan Peljto,,main stage,,,,,
Conference League,2024/25,2024,League phase,6,Thu,2024-12-12,18:45,cz,Viktoria Plzeň,1,1–2,eng,Manchester Utd,2,11320,Doosan Arena,Marian Barbu,,main stage,,,,,
Conference League,2024/25,2024,League phase,6,Thu,2024-12-12,18:45,it,Roma,3,3–0,pt,Braga,0,59085,Stadio Olimpico,Daniel Siebert,,main stage,,,,,
Conference League,2024/25,2024,League phase,6,Thu,2024-12-12,18:45,se,Malmö,2,2–2,tr,Galatasaray,2,19489,Eleda Stadion,John Brooks,,main stage,,,,,
Conference League,2024/25,2024,League phase,6,Thu,2024-12-12,18:45,be,Union SG,2,2–1,fr,Nice,1,7501,Stade Roi Baudouin,Chris Kavanagh,,main stage,,,,,
Conference League,2024/25,2024,League phase,6,Thu,2024-12-12,18:45,de,Hoffenheim,0,0–0,ro,FCSB,0,23223,PreZero Arena,Juxhin Xhaja,,main stage,,,,,
Conference League,2024/25,2024,League phase,6,Thu,2024-12-12,19:45,gr,PAOK,5,5–0,hu,Ferencváros,0,18121,Stadio Toumbas,Guillermo Cuadra,,main stage,,,,,
Conference League,2024/25,2024,League phase,6,Thu,2024-12-12,19:45,bg,Ludogorets,2,2–2,nl,AZ Alkmaar,2,4245,Huvepharma Arena,Kristo Tohver,,main stage,,,,,
Conference League,2024/25,2024,League phase,6,Thu,2024-12-12,19:45,gr,Olympiacos,0,0–0,nl,Twente,0,31600,Stadio Georgios Karaiskáki,Jérôme Brisard,,main stage,,,,,
Conference League,2024/25,2024,League phase,6,Thu,2024-12-12,20:00,pt,Porto,2,2–0,dk,Midtjylland,0,36619,Estádio do Dragão,Aleksandar Stavrev,,main stage,,,,,
Conference League,2024/25,2024,League phase,6,Thu,2024-12-12,20:00,sct,Rangers,1,1–1,eng,Tottenham,1,48064,Ibrox Stadium,Sandro Schärer,,main stage,,,,,
Conference League,2024/25,2024,League phase,6,Thu,2024-12-12,21:00,cz,Slavia Prague,1,1–2,be,Anderlecht,2,19167,Fortuna Arena,Anastasios Papapetrou,,main stage,,,,,
Conference League,2024/25,2024,League phase,6,Thu,2024-12-12,21:00,no,Bodø/Glimt,2,2–1,tr,Beşiktaş,1,5813,Aspmyra Stadion,Filip Glova,,main stage,,,,,
Conference League,2024/25,2024,League phase,6,Thu,2024-12-12,21:00,nl,Ajax,1,1–3,it,Lazio,3,50127,Johan Cruijff Arena,Ivan Kružliak,,main stage,,,,,
Conference League,2024/25,2024,League phase,6,Thu,2024-12-12,21:00,es,Real Sociedad,3,3–0,ua,Dynamo Kyiv,0,26457,Reale Arena,Harm Osmers,,main stage,,,,,
Conference League,2024/25,2024,League phase,6,Thu,2024-12-12,21:00,fr,Lyon,3,3–2,de,Frankfurt,2,41091,Groupama Stadium,Andris Treimanis,,main stage,,,,,
Conference League,2024/25,2024,League phase,6,Thu,2024-12-12,21:00,se,Elfsborg,1,1–0,az,Qarabağ,0,6278,Borås Arena,António Nobre,,main stage,,,,,
Conference League,2024/25,2024,League phase,6,Thu,2024-12-12,22:00,il,Maccabi Tel Aviv,2,2–1,lv,RFS,1,253,Stadion Partizana,Tamás Bognár,,main stage,,,,,
Conference League,2024/25,2024,League phase,7,Tue,2025-01-21,18:30,tr,Galatasaray,3,3–3,ua,Dynamo Kyiv,3,45273,RAMS Park,Kristo Tohver,,main stage,,,,,
Conference League,2024/25,2024,League phase,7,Wed,2025-01-22,18:30,tr,Beşiktaş,4,4–1,es,Athletic Club,1,35980,Tüpraş Stadyumu,Julian Weinberger,,main stage,,,,,
Conference League,2024/25,2024,League phase,7,Thu,2025-01-23,17:45,pt,Porto,0,0–1,gr,Olympiacos,1,35357,Estádio do Dragão,Clément Turpin,,main stage,,,,,
Conference League,2024/25,2024,League phase,7,Thu,2025-01-23,18:45,no,Bodø/Glimt,3,3–1,il,Maccabi Tel Aviv,1,3989,Aspmyra Stadion,Ricardo de Burgos,,main stage,,,,,
Conference League,2024/25,2024,League phase,7,Thu,2025-01-23,18:45,se,Malmö,2,2–3,nl,Twente,3,16432,Eleda Stadion,Sascha Stegemann,,main stage,,,,,
Conference League,2024/25,2024,League phase,7,Thu,2025-01-23,18:45,cz,Viktoria Plzeň,2,2–0,be,Anderlecht,0,10972,Doosan Arena,António Nobre,,main stage,,,,,
Conference League,2024/25,2024,League phase,7,Thu,2025-01-23,18:45,nl,AZ Alkmaar,1,1–0,it,Roma,0,18635,AFAS Stadion,Irfan Peljto,,main stage,,,,,
Conference League,2024/25,2024,League phase,7,Thu,2025-01-23,18:45,de,Hoffenheim,2,2–3,eng,Tottenham,3,30150,PreZero Arena,Morten Krogh,,main stage,,,,,
Conference League,2024/25,2024,League phase,7,Thu,2025-01-23,20:00,eng,Manchester Utd,2,2–1,sct,Rangers,1,73288,Old Trafford,Erik Lambrechts,,main stage,,,,,
Conference League,2024/25,2024,League phase,7,Thu,2025-01-23,20:45,tr,Fenerbahçe,0,0–0,fr,Lyon,0,36722,Ülker Stadyumu Fenerbahçe Şükrü Saracoğl...,Simone Sozza,,main stage,,,,,
Conference League,2024/25,2024,League phase,7,Thu,2025-01-23,21:00,be,Union SG,2,2–1,pt,Braga,1,7729,Stade Roi Baudouin,Nick Walsh,,main stage,,,,,
Conference League,2024/25,2024,League phase,7,Thu,2025-01-23,21:00,se,Elfsborg,1,1–0,fr,Nice,0,7566,Borås Arena,Igor Pajač,,main stage,,,,,
Conference League,2024/25,2024,League phase,7,Thu,2025-01-23,21:00,it,Lazio,3,3–1,es,Real Sociedad,1,32635,Stadio Olimpico,Lawrence Visser,,main stage,,,,,
Conference League,2024/25,2024,League phase,7,Thu,2025-01-23,21:00,de,Frankfurt,2,2–0,hu,Ferencváros,0,55500,Deutsche Bank Park,Enea Jorgji,,main stage,,,,,
Conference League,2024/25,2024,League phase,7,Thu,2025-01-23,21:45,az,Qarabağ,2,2–3,ro,FCSB,3,16583,Tofiq Bəhramov adına Respublika stadionu,Filip Glova,,main stage,,,,,
Conference League,2024/25,2024,League phase,7,Thu,2025-01-23,22:00,bg,Ludogorets,0,0–2,dk,Midtjylland,2,3847,Huvepharma Arena,Mohammed Al Hakim,,main stage,,,,,
Conference League,2024/25,2024,League phase,7,Thu,2025-01-23,22:00,gr,PAOK,2,2–0,cz,Slavia Prague,0,17507,Stadio Toumbas,Matej Jug,,main stage,,,,,
Conference League,2024/25,2024,League phase,7,Thu,2025-01-23,22:00,lv,RFS,1,1–0,nl,Ajax,0,10233,Daugavas Stadionā,Marian Barbu,,main stage,,,,,
Conference League,2024/25,2024,League phase,8,Thu,2025-01-30,20:00,pt,Braga,1,1–0,it,Lazio,0,10438,Estádio Municipal de Braga,John Brooks,,main stage,,,,,
Conference League,2024/25,2024,League phase,8,Thu,2025-01-30,20:00,eng,Tottenham,3,3–0,se,Elfsborg,0,57337,Tottenham Hotspur Stadium,Sebastian Gishamer,,main stage,,,,,
Conference League,2024/25,2024,League phase,8,Thu,2025-01-30,20:00,sct,Rangers,2,2–1,be,Union SG,1,46993,Ibrox Stadium,Damian Sylwestrzak,,main stage,,,,,
Conference League,2024/25,2024,League phase,8,Thu,2025-01-30,21:00,dk,Midtjylland,2,2–2,tr,Fenerbahçe,2,9693,MCH Arena,Luís Godinho,,main stage,,,,,
Conference League,2024/25,2024,League phase,8,Thu,2025-01-30,21:00,cz,Slavia Prague,2,2–2,se,Malmö,2,17026,Fortuna Arena,Allard Lindhout,,main stage,,,,,
Conference League,2024/25,2024,League phase,8,Thu,2025-01-30,21:00,it,Roma,2,2–0,de,Frankfurt,0,64458,Stadio Olimpico,Rade Obrenović,,main stage,,,,,
Conference League,2024/25,2024,League phase,8,Thu,2025-01-30,21:00,es,Athletic Club,3,3–1,cz,Viktoria Plzeň,1,45471,San Mamés,Matej Jug,,main stage,,,,,
Conference League,2024/25,2024,League phase,8,Thu,2025-01-30,21:00,nl,Ajax,2,2–1,tr,Galatasaray,1,54100,Johan Cruijff Arena,Jesús Gil,,main stage,,,,,
Conference League,2024/25,2024,League phase,8,Thu,2025-01-30,21:00,hu,Ferencváros,4,4–3,nl,AZ Alkmaar,3,18657,Groupama Arena,Nenad Minaković,,main stage,,,,,
Conference League,2024/25,2024,League phase,8,Thu,2025-01-30,21:00,be,Anderlecht,3,3–4,de,Hoffenheim,4,17839,Lotto Park,Giorgi Kruashvili,,main stage,,,,,
Conference League,2024/25,2024,League phase,8,Thu,2025-01-30,21:00,nl,Twente,1,1–0,tr,Beşiktaş,0,28500,De Grolsch Veste,Szymon Marciniak,,main stage,,,,,
Conference League,2024/25,2024,League phase,8,Thu,2025-01-30,21:00,fr,Nice,1,1–1,no,Bodø/Glimt,1,4294,Allianz Riviera,Juxhin Xhaja,,main stage,,,,,
Conference League,2024/25,2024,League phase,8,Thu,2025-01-30,21:00,es,Real Sociedad,2,2–0,gr,PAOK,0,23872,Reale Arena,John Beaton,,main stage,,,,,
Conference League,2024/25,2024,League phase,8,Thu,2025-01-30,21:00,fr,Lyon,1,1–1,bg,Ludogorets,1,35448,Groupama Stadium,Tasos Sidiropoulos,,main stage,,,,,
Conference League,2024/25,2024,League phase,8,Thu,2025-01-30,22:00,ro,FCSB,0,0–2,eng,Manchester Utd,2,50128,Arena Naţională,Harm Osmers,,main stage,,,,,
Conference League,2024/25,2024,League phase,8,Thu,2025-01-30,22:00,gr,Olympiacos,3,3–0,az,Qarabağ,0,31500,Stadio Georgios Karaiskáki,Radu Petrescu,,main stage,,,,,
Conference League,2024/25,2024,League phase,8,Thu,2025-01-30,22:00,il,Maccabi Tel Aviv,0,0–1,pt,Porto,1,673,Stadion Partizana,Nikola Dabanović,,main stage,,,,,
Conference League,2024/25,2024,League phase,8,Thu,2025-01-30,22:00,ua,Dynamo Kyiv,1,1–0,lv,RFS,0,3698,Volksparkstadion,Orel Grinfeeld,,main stage,,,,,
Conference League,2024/25,2024,Knockout phase play-offs,,Thu,2025-02-13,18:45,dk,Midtjylland,1,1–2,es,Real Sociedad,2,9401,MCH Arena,Orel Grinfeeld,Leg 1 of 2,main stage,False,False,,,
Conference League,2024/25,2024,Knockout phase play-offs,,Thu,2025-02-13,18:45,be,Union SG,0,0–2,nl,Ajax,2,10853,Stade Roi Baudouin,Donatas Rumšas,Leg 1 of 2,main stage,False,False,,,
Conference League,2024/25,2024,Knockout phase play-offs,,Thu,2025-02-13,18:45,hu,Ferencváros,1,1–0,cz,Viktoria Plzeň,0,18519,Groupama Arena,Giorgi Kruashvili,Leg 1 of 2,main stage,False,False,,,
Conference League,2024/25,2024,Knockout phase play-offs,,Thu,2025-02-13,20:00,pt,Porto,1,1–1,it,Roma,1,37129,Estádio do Dragão,Tobias Stieler,Leg 1 of 2,main stage,False,False,,,
Conference League,2024/25,2024,Knockout phase play-offs,,Thu,2025-02-13,20:45,tr,Fenerbahçe,3,3–0,be,Anderlecht,0,34517,Ülker Stadyumu Fenerbahçe Şükrü Saracoğl...,Nikola Dabanović,Leg 1 of 2,main stage,False,False,,,
Conference League,2024/25,2024,Knockout phase play-offs,,Thu,2025-02-13,21:00,nl,AZ Alkmaar,4,4–1,tr,Galatasaray,1,14092,AFAS Stadion,João Pinheiro,Leg 1 of 2,main stage,False,False,,,
Conference League,2024/25,2024,Knockout phase play-offs,,Thu,2025-02-13,21:00,nl,Twente,2,2–1,no,Bodø/Glimt,1,29500,De Grolsch Veste,Sebastian Gishamer,Leg 1 of 2,main stage,False,False,,,
Conference League,2024/25,2024,Knockout phase play-offs,,Thu,2025-02-13,22:00,gr,PAOK,1,1–2,ro,FCSB,2,18343,Stadio Toumbas,Lawrence Visser,Leg 1 of 2,main stage,False,False,,,
Conference League,2024/25,2024,Knockout phase play-offs,,Thu,2025-02-20,18:45,it,Roma,3,3–2,pt,Porto,2,55286,Stadio Olimpico,François Letexier,Leg 2 of 2; Roma won,main stage,False,False,,,
Conference League,2024/25,2024,Knockout phase play-offs,,Thu,2025-02-20,18:45,no,Bodø/Glimt,5,5–2,nl,Twente,2,6417,Aspmyra Stadion,Alejandro Hernández,Leg 2 of 2; Bodø/Glimt won; Required Extra Time,main stage,True,False,,,
Conference League,2024/25,2024,Knockout phase play-offs,,Thu,2025-02-20,19:45,ro,FCSB,2,2–0,gr,PAOK,0,50248,Arena Naţională,Matej Jug,Leg 2 of 2; FCSB won,main stage,False,False,,,
Conference League,2024/25,2024,Knockout phase play-offs,,Thu,2025-02-20,20:45,tr,Galatasaray,2,2–2,nl,AZ Alkmaar,2,37343,RAMS Park,Anthony Taylor,Leg 2 of 2; AZ Alkmaar won,main stage,False,False,,,
Conference League,2024/25,2024,Knockout phase play-offs,,Thu,2025-02-20,21:00,es,Real Sociedad,5,5–2,dk,Midtjylland,2,27728,Reale Arena,Serdar Gözübüyük,Leg 2 of 2; Real Sociedad won,main stage,False,False,,,
Conference League,2024/25,2024,Knockout phase play-offs,,Thu,2025-02-20,21:00,be,Anderlecht,2,2–2,tr,Fenerbahçe,2,13724,Lotto Park,Sandro Schärer,Leg 2 of 2; Fenerbahçe won,main stage,False,False,,,
Conference League,2024/25,2024,Knockout phase play-offs,,Thu,2025-02-20,21:00,cz,Viktoria Plzeň,3,3–0,hu,Ferencváros,0,10415,Doosan Arena,Jérôme Brisard,Leg 2 of 2; Viktoria Plzeň won,main stage,False,False,,,
Conference League,2024/25,2024,Knockout phase play-offs,,Thu,2025-02-20,21:00,nl,Ajax,1,1–2,be,Union SG,2,51835,Johan Cruijff Arena,Chris Kavanagh,Leg 2 of 2; Ajax won; Required Extra Time,main stage,True,False,,,
Conference League,2024/25,2024,Round of 16,,Thu,2025-03-06,18:45,nl,AZ Alkmaar,1,1–0,eng,Tottenham,0,18281,AFAS Stadion,Rade Obrenović,Leg 1 of 2,main stage,False,False,,,
Conference League,2024/25,2024,Round of 16,,Thu,2025-03-06,18:45,es,Real Sociedad,1,1–1,eng,Manchester Utd,1,34391,Reale Arena,Ivan Kružliak,Leg 1 of 2,main stage,False,False,,,
Conference League,2024/25,2024,Round of 16,,Thu,2025-03-06,19:45,ro,FCSB,1,1–3,fr,Lyon,3,53028,Arena Naţională,Tobias Stieler,Leg 1 of 2,main stage,False,False,,,
Conference League,2024/25,2024,Round of 16,,Thu,2025-03-06,20:45,tr,Fenerbahçe,1,1–3,sct,Rangers,3,42090,Ülker Stadyumu Fenerbahçe Şükrü Saracoğl...,Alejandro Hernández,Leg 1 of 2,main stage,False,False,,,
Conference League,2024/25,2024,Round of 16,,Thu,2025-03-06,21:00,nl,Ajax,1,1–2,de,Frankfurt,2,52641,Johan Cruijff Arena,Simone Sozza,Leg 1 of 2,main stage,False,False,,,
Conference League,2024/25,2024,Round of 16,,Thu,2025-03-06,21:00,it,Roma,2,2–1,es,Athletic Club,1,62540,Stadio Olimpico,Sandro Schärer,Leg 1 of 2,main stage,False,False,,,
Conference League,2024/25,2024,Round of 16,,Thu,2025-03-06,21:00,cz,Viktoria Plzeň,1,1–2,it,Lazio,2,11236,Doosan Arena,Donatas Rumšas,Leg 1 of 2,main stage,False,False,,,
Conference League,2024/25,2024,Round of 16,,Thu,2025-03-06,21:00,no,Bodø/Glimt,3,3–0,gr,Olympiacos,0,8050,Aspmyra Stadion,Mykola Balakin,Leg 1 of 2,main stage,False,False,,,
Conference League,2024/25,2024,Round of 16,,Thu,2025-03-13,18:45,it,Lazio,1,1–1,cz,Viktoria Plzeň,1,39547,Stadio Olimpico,Danny Makkelie,Leg 2 of 2; Lazio won,main stage,False,False,,,
Conference League,2024/25,2024,Round of 16,,Thu,2025-03-13,18:45,es,Athletic Club,3,3–1,it,Roma,1,50666,San Mamés,Clément Turpin,Leg 2 of 2; Athletic Club won,main stage,False,False,,,
Conference League,2024/25,2024,Round of 16,,Thu,2025-03-13,18:45,de,Frankfurt,4,4–1,nl,Ajax,1,57500,Deutsche Bank Park,Irfan Peljto,Leg 2 of 2; Frankfurt won,main stage,False,False,,,
Conference League,2024/25,2024,Round of 16,,Thu,2025-03-13,19:45,gr,Olympiacos,2,2–1,no,Bodø/Glimt,1,31850,Stadio Georgios Karaiskáki,Felix Zwayer,Leg 2 of 2; Bodø/Glimt won,main stage,False,False,,,
Conference League,2024/25,2024,Round of 16,,Thu,2025-03-13,20:00,eng,Tottenham,3,3–1,nl,AZ Alkmaar,1,58302,Tottenham Hotspur Stadium,João Pinheiro,Leg 2 of 2; Tottenham won,main stage,False,False,,,
Conference League,2024/25,2024,Round of 16,,Thu,2025-03-13,20:00,sct,Rangers,0,(3) 0–2 (2),tr,Fenerbahçe,2,50061,Ibrox Stadium,Espen Eskås,Leg 2 of 2; Rangers won; Rangers won a penalty shoot-out following extra time,main stage,True,True,3 - 2,3,2
Conference League,2024/25,2024,Round of 16,,Thu,2025-03-13,20:00,eng,Manchester Utd,4,4–1,es,Real Sociedad,1,73189,Old Trafford,Benoît Bastien,Leg 2 of 2; Manchester Utd won,main stage,False,False,,,
Conference League,2024/25,2024,Round of 16,,Thu,2025-03-13,21:00,fr,Lyon,4,4–0,ro,FCSB,0,37322,Groupama Stadium,Anthony Taylor,Leg 2 of 2; Lyon won,main stage,False,False,,,
Conference League,2024/25,2024,Quarter-finals,,Thu,2025-04-10,18:45,no,Bodø/Glimt,2,2–0,it,Lazio,0,8124,Aspmyra Stadion,Michael Oliver,Leg 1 of 2,main stage,False,False,,,
Conference League,2024/25,2024,Quarter-finals,,Thu,2025-04-10,20:00,sct,Rangers,0,0–0,es,Athletic Club,0,49922,Ibrox Stadium,István Kovács,Leg 1 of 2,main stage,False,False,,,
Conference League,2024/25,2024,Quarter-finals,,Thu,2025-04-10,20:00,eng,Tottenham,1,1–1,de,Frankfurt,1,57849,Tottenham Hotspur Stadium,Szymon Marciniak,Leg 1 of 2,main stage,False,False,,,
Conference League,2024/25,2024,Quarter-finals,,Thu,2025-04-10,21:00,fr,Lyon,2,2–2,eng,Manchester Utd,2,58018,Groupama Stadium,Glenn Nyberg,Leg 1 of 2,main stage,False,False,,,
Conference League,2024/25,2024,Quarter-finals,,Thu,2025-04-17,20:00,eng,Manchester Utd,5,5–4,fr,Lyon,4,73228,Old Trafford,Sandro Schärer,Leg 2 of 2; Manchester Utd won; Required Extra Time,main stage,True,False,,,
Conference League,2024/25,2024,Quarter-finals,,Thu,2025-04-17,21:00,es,Athletic Club,2,2–0,sct,Rangers,0,52114,San Mamés,Irfan Peljto,Leg 2 of 2; Athletic Club won,main stage,False,False,,,
Conference League,2024/25,2024,Quarter-finals,,Thu,2025-04-17,21:00,it,Lazio,3,(2) 3–1 (3),no,Bodø/Glimt,1,54873,Stadio Olimpico,Daniel Siebert,Leg 2 of 2; Bodø/Glimt won; Bodø/Glimt won a penalty shoot-out following extra time,main stage,True,True,2 - 3,2,3
Conference League,2024/25,2024,Quarter-finals,,Thu,2025-04-17,21:00,de,Frankfurt,0,0–1,eng,Tottenham,1,57500,Deutsche Bank Park,Davide Massa,Leg 2 of 2; Tottenham won,main stage,False,False,,,
Conference League,2024/25,2024,Semi-finals,,Thu,2025-05-01,20:00,eng,Tottenham,3,3–1,no,Bodø/Glimt,1,61327,Tottenham Hotspur Stadium,Jose Maria Sánchez,Leg 1 of 2,main stage,False,False,,,
Conference League,2024/25,2024,Semi-finals,,Thu,2025-05-01,21:00,es,Athletic Club,0,0–3,eng,Manchester Utd,3,51980,San Mamés,Espen Eskås,Leg 1 of 2,main stage,False,False,,,
Conference League,2024/25,2024,Semi-finals,,Thu,2025-05-08,20:00,eng,Manchester Utd,4,4–1,es,Athletic Club,1,73298,Old Trafford,Daniel Siebert,Leg 2 of 2; Manchester Utd won,main stage,False,False,,,
Conference League,2024/25,2024,Semi-finals,,Thu,2025-05-08,21:00,no,Bodø/Glimt,0,0–2,eng,Tottenham,2,8030,Aspmyra Stadion,Maurizio Mariani,Leg 2 of 2; Tottenham won,main stage,False,False,,,
Conference League,2024/25,2024,Final,,Wed,2025-05-21,21:00,eng,Tottenham,1,1–0,eng,Manchester Utd,0,49924,San Mamés (Neutral Site),Felix Zwayer,,main stage,,,,,
Conference League,2024/25,2024,First qualifying round,,Thu,2024-07-11,19:00,sk,Ružomberok,5,5–2,kz,FC Tobol,2,3025,Futbalový Štadión MFK Ružomberok,Kyriakos Athanasiou,Leg 1 of 2,qualification,False,False,,,
Conference League,2024/25,2024,First qualifying round,,Thu,2024-07-11,19:00,hu,Paks,0,0–4,ro,Corvinul,4,4182,Paksi FC Stadion,Mohammad Aslam,Leg 1 of 2,qualification,False,False,,,
Conference League,2024/25,2024,First qualifying round,,Thu,2024-07-11,19:00,se,Elfsborg,3,3–0,cy,Pafos FC,0,5011,Borås Arena,Dmytro Panchyshyn,Leg 1 of 2,qualification,False,False,,,
Conference League,2024/25,2024,First qualifying round,,Thu,2024-07-11,20:00,md,Sheriff Tiraspol,0,0–1,az,Zira,1,3594,Bolshaya Sportivnaya Arena,Alessandro Dudic,Leg 1 of 2,qualification,False,False,,,
Conference League,2024/25,2024,First qualifying round,,Thu,2024-07-11,20:30,pl,Wisła Kraków,2,2–0,xk,KF Llapi,0,24403,Stadion Miejski im. Henryka Reymana,Marc Nagtegaal,Leg 1 of 2,qualification,False,False,,,
Conference League,2024/25,2024,First qualifying round,,Thu,2024-07-11,21:00,bg,Botev Plovdiv,2,2–1,si,NK Maribor,1,16318,Stadion Hristo Botev,David Dickinson,Leg 1 of 2,qualification,False,False,,,
Conference League,2024/25,2024,First qualifying round,,Thu,2024-07-18,16:30,xk,KF Llapi,1,1–2,pl,Wisła Kraków,2,,Stadiumi i Qytetit,Trustin Farrugia Cann,Leg 2 of 2; Wisła Kraków won,qualification,False,False,,,
Conference League,2024/25,2024,First qualifying round,,Thu,2024-07-18,19:00,cy,Pafos FC,2,2–5,se,Elfsborg,5,3952,Alphamega Stadium,Gal Leibovitz,Leg 2 of 2; Elfsborg won,qualification,False,False,,,
Conference League,2024/25,2024,First qualifying round,,Thu,2024-07-18,20:00,az,Zira,1,(4) 1–2 (5),md,Sheriff Tiraspol,2,4700,Liv Bona Dea Arena,Bulat Sariyev,Leg 2 of 2; Sheriff Tiraspol won; Sheriff Tiraspol won a penalty shoot-out following extra time,qualification,True,True,4 - 5,4,5
Conference League,2024/25,2024,First qualifying round,,Thu,2024-07-18,20:15,si,NK Maribor,2,2–2,bg,Botev Plovdiv,2,8124,Ljudski Vrt,Vitalii Romanov,Leg 2 of 2; Botev Plovdiv won,qualification,False,False,,,
Conference League,2024/25,2024,First qualifying round,,Thu,2024-07-18,21:00,kz,FC Tobol,1,1–0,sk,Ružomberok,0,6830,Qazhymuqan Muńaıtpasov Ortalyq Stadıon,Mikkel Redder,Leg 2 of 2; Ružomberok won,qualification,False,False,,,
Conference League,2024/25,2024,First qualifying round,,Thu,2024-07-18,21:00,ro,Corvinul,0,0–2,hu,Paks,2,8582,Stadionul Municipal,Peter Kráľovič,Leg 2 of 2; Corvinul won,qualification,False,False,,,
Conference League,2024/25,2024,Second qualifying round,,Thu,2024-07-25,18:00,pl,Wisła Kraków,1,1–2,at,Rapid Wien,2,30542,Stadion Miejski im. Henryka Reymana,Mohammed Al-Emara,Leg 1 of 2,qualification,False,False,,,
Conference League,2024/25,2024,Second qualifying round,,Thu,2024-07-25,18:30,sk,Ružomberok,0,0–2,tr,Trabzonspor,2,4544,Futbalový Štadión MFK Ružomberok,Bastian Dankert,Leg 1 of 2,qualification,False,False,,,
Conference League,2024/25,2024,Second qualifying round,,Thu,2024-07-25,19:00,no,Molde,3,3–1,dk,Silkeborg,1,3900,Aker Stadion,Adam Ladebäck,Leg 1 of 2,qualification,False,False,,,
Conference League,2024/25,2024,Second qualifying round,,Thu,2024-07-25,19:30,sct,Kilmarnock,1,1–1,be,Cercle Brugge,1,10410,BBSP Stadium Rugby Park,Martin Dohál,Leg 1 of 2,qualification,False,False,,,
Conference League,2024/25,2024,Second qualifying round,,Thu,2024-07-25,20:00,md,Sheriff Tiraspol,0,0–1,se,Elfsborg,1,3751,Bolshaya Sportivnaya Arena,Marek Radina,Leg 1 of 2,qualification,False,False,,,
Conference League,2024/25,2024,Second qualifying round,,Thu,2024-07-25,20:30,nl,Ajax,1,1–0,rs,Vojvodina,0,53590,Johan Cruijff Arena,César Soto,Leg 1 of 2,qualification,False,False,,,
Conference League,2024/25,2024,Second qualifying round,,Thu,2024-07-25,20:30,pt,Braga,2,2–0,il,M. Petah Tikva,0,14891,Estádio Municipal de Braga,Luca Pairetto,Leg 1 of 2,qualification,False,False,,,
Conference League,2024/25,2024,Second qualifying round,,Thu,2024-07-25,21:00,gr,Panathinaikos,2,2–1,bg,Botev Plovdiv,1,11236,Olympiako Stadio Spyros Louis,David Fuxman,Leg 1 of 2,qualification,False,False,,,
Conference League,2024/25,2024,Second qualifying round,,Thu,2024-07-25,21:00,ro,Corvinul,0,0–0,hr,Rijeka,0,7432,Stadionul Municipal,Philip Farrugia,Leg 1 of 2,qualification,False,False,,,
Conference League,2024/25,2024,Second qualifying round,,Thu,2024-08-01,19:00,se,Elfsborg,2,2–0,md,Sheriff Tiraspol,0,5414,Borås Arena,Luís Godinho,Leg 2 of 2; Elfsborg won,qualification,False,False,,,
Conference League,2024/25,2024,Second qualifying round,,Thu,2024-08-01,19:15,dk,Silkeborg,3,3–2,no,Molde,2,4731,JYSK Park,Luka Bilbija,Leg 2 of 2; Molde won,qualification,False,False,,,
Conference League,2024/25,2024,Second qualifying round,,Thu,2024-08-01,20:00,rs,Vojvodina,1,1–3,nl,Ajax,3,4412,TSC Arena,Arda Kardeşler,Leg 2 of 2; Ajax won,qualification,False,False,,,
Conference League,2024/25,2024,Second qualifying round,,Thu,2024-08-01,20:00,hr,Rijeka,1,1–0,ro,Corvinul,0,4683,Stadion HNK Rijeka,Sivert Øksnes Amland,Leg 2 of 2; Rijeka won,qualification,False,False,,,
Conference League,2024/25,2024,Second qualifying round,,Thu,2024-08-01,20:00,be,Cercle Brugge,1,1–0,sct,Kilmarnock,0,10230,Jan Breydelstadion,Ante Čulina,Leg 2 of 2; Cercle Brugge won,qualification,False,False,,,
Conference League,2024/25,2024,Second qualifying round,,Thu,2024-08-01,20:30,at,Rapid Wien,6,6–1,pl,Wisła Kraków,1,19600,Gerhard-Hanappi-Stadion,Michael Oliver,Leg 2 of 2; Rapid Wien won,qualification,False,False,,,
Conference League,2024/25,2024,Second qualifying round,,Thu,2024-08-01,20:30,il,M. Petah Tikva,0,0–5,pt,Braga,5,211,Stadion Georgi Asparuhov,Evangelos Manouchos,Leg 2 of 2; Braga won,qualification,False,False,,,
Conference League,2024/25,2024,Second qualifying round,,Thu,2024-08-01,20:30,tr,Trabzonspor,1,1–0,sk,Ružomberok,0,26220,Papara Park Stadyumu,Nenad Minaković,Leg 2 of 2; Trabzonspor won,qualification,False,False,,,
Conference League,2024/25,2024,Second qualifying round,,Thu,2024-08-01,21:00,bg,Botev Plovdiv,0,0–4,gr,Panathinaikos,4,17076,Stadion Hristo Botev,Daniel Schlager,Leg 2 of 2; Panathinaikos won,qualification,False,False,,,
Conference League,2024/25,2024,Third qualifying round,,Tue,2024-08-06,19:30,lt,FK Panevėžys,1,1–2,il,Maccabi Tel Aviv,2,6272,FK „Žalgiris“ Namų Stadionas,Əliyar Ağayev,Leg 1 of 2,qualification,False,False,,,
Conference League,2024/25,2024,Third qualifying round,,Tue,2024-08-06,20:00,md,Petrocub,1,1–0,wls,The New Saints,0,1312,Stadionul Zimbru,Mohammed Al Hakim,Leg 1 of 2,qualification,False,False,,,
Conference League,2024/25,2024,Third qualifying round,,Thu,2024-08-08,18:00,fo,KÍ Klaksvík,2,2–1,ba,B. Banja Luka,1,1301,Tórsvøllur,Marek Radina,Leg 1 of 2,qualification,False,False,,,
Conference League,2024/25,2024,Third qualifying round,,Thu,2024-08-08,19:00,no,Molde,3,3–0,be,Cercle Brugge,0,4200,Aker Stadion,Luís Godinho,Leg 1 of 2,qualification,False,False,,,
Conference League,2024/25,2024,Third qualifying round,,Thu,2024-08-08,20:00,hr,Rijeka,1,1–1,se,Elfsborg,1,4867,Stadion HNK Rijeka,Tasos Sidiropoulos,Leg 1 of 2,qualification,False,False,,,
Conference League,2024/25,2024,Third qualifying round,,Thu,2024-08-08,20:00,tr,Trabzonspor,0,0–1,at,Rapid Wien,1,33476,Papara Park Stadyumu,Kristo Tohver,Leg 1 of 2,qualification,False,False,,,
Conference League,2024/25,2024,Third qualifying round,,Thu,2024-08-08,20:00,rs,Partizan,0,0–1,ch,Lugano,1,3163,Stadion Partizana,Sander van der Eijk,Leg 1 of 2,qualification,False,False,,,
Conference League,2024/25,2024,Third qualifying round,,Thu,2024-08-08,20:00,ad,Santa Coloma,0,0–2,lv,RFS,2,369,Estadi Nacional,Igal Frid,Leg 1 of 2,qualification,False,False,,,
Conference League,2024/25,2024,Third qualifying round,,Thu,2024-08-08,20:15,si,NK Celje,1,1–0,ie,Shamrock,0,2478,Stadion Z'dežele,Damian Sylwestrzak,Leg 1 of 2,qualification,False,False,,,
Conference League,2024/25,2024,Third qualifying round,,Thu,2024-08-08,20:30,pt,Braga,0,0–0,ch,Servette FC,0,16603,Estádio Municipal de Braga,Giorgi Kruashvili,Leg 1 of 2,qualification,False,False,,,
Conference League,2024/25,2024,Third qualifying round,,Thu,2024-08-08,20:45,by,Dinamo Minsk,2,2–0,gi,Lincoln FC,0,20,Városi Stadion,Nenad Minaković,Leg 1 of 2,qualification,False,False,,,
Conference League,2024/25,2024,Third qualifying round,,Thu,2024-08-08,21:00,ua,Kryvbas,1,1–2,cz,Viktoria Plzeň,2,1800,Košická Futbalová Aréna,Sebastian Gishamer,Leg 1 of 2,qualification,False,False,,,
Conference League,2024/25,2024,Third qualifying round,,Thu,2024-08-08,21:00,gr,Panathinaikos,0,0–1,nl,Ajax,1,24452,Olympiako Stadio Spyros Louis,Filip Glova,Leg 1 of 2,qualification,False,False,,,
Conference League,2024/25,2024,Third qualifying round,,Tue,2024-08-13,18:30,wls,The New Saints,0,0–0,md,Petrocub,0,851,Park Hall Stadium,Robert Jones,Leg 2 of 2; Petrocub won,qualification,False,False,,,
Conference League,2024/25,2024,Third qualifying round,,Wed,2024-08-14,19:00,lv,RFS,7,7–0,ad,Santa Coloma,0,1614,LNK Sporta Parks,Juxhin Xhaja,Leg 2 of 2; RFS won,qualification,False,False,,,
Conference League,2024/25,2024,Third qualifying round,,Thu,2024-08-15,18:00,at,Rapid Wien,2,2–0,tr,Trabzonspor,0,22500,Allianz Stadion,Manfredas Lukjančukas,Leg 2 of 2; Rapid Wien won,qualification,False,False,,,
Conference League,2024/25,2024,Third qualifying round,,Thu,2024-08-15,18:00,gi,Lincoln FC,2,2–1,by,Dinamo Minsk,1,587,Europa Point Stadium,Anastasios Papapetrou,Leg 2 of 2; Dinamo Minsk won,qualification,False,False,,,
Conference League,2024/25,2024,Third qualifying round,,Thu,2024-08-15,19:00,cz,Viktoria Plzeň,1,1–0,ua,Kryvbas,0,10657,Doosan Arena,Horațiu Fesnic,Leg 2 of 2; Viktoria Plzeň won,qualification,False,False,,,
Conference League,2024/25,2024,Third qualifying round,,Thu,2024-08-15,19:00,se,Elfsborg,2,2–0,hr,Rijeka,0,6035,Borås Arena,Andris Treimanis,Leg 2 of 2; Elfsborg won,qualification,False,False,,,
Conference League,2024/25,2024,Third qualifying round,,Thu,2024-08-15,20:00,be,Cercle Brugge,1,1–0,no,Molde,0,4504,Jan Breydelstadion,Balázs Berke,Leg 2 of 2; Molde won,qualification,False,False,,,
Conference League,2024/25,2024,Third qualifying round,,Thu,2024-08-15,20:00,ie,Shamrock,3,3–1,si,NK Celje,1,6153,Tallaght Stadium,Ovidiu Hațegan,Leg 2 of 2; Shamrock won; Required Extra Time,qualification,True,False,,,
Conference League,2024/25,2024,Third qualifying round,,Thu,2024-08-15,20:15,nl,Ajax,0,(13) 0–1 (12),gr,Panathinaikos,1,54089,Johan Cruijff Arena,Chris Kavanagh,Leg 2 of 2; Ajax won; Ajax won a penalty shoot-out following extra time,qualification,True,True,13 - 12,13,12
Conference League,2024/25,2024,Third qualifying round,,Thu,2024-08-15,20:30,ch,Servette FC,1,1–2,pt,Braga,2,15179,Stade de Genève,Igor Pajač,Leg 2 of 2; Braga won,qualification,False,False,,,
Conference League,2024/25,2024,Third qualifying round,,Thu,2024-08-15,20:30,il,Maccabi Tel Aviv,3,3–0,lt,FK Panevėžys,0,34,Haladás Stadion,Nick Walsh,Leg 2 of 2; Maccabi Tel Aviv won,qualification,False,False,,,
Conference League,2024/25,2024,Third qualifying round,,Thu,2024-08-15,20:30,ch,Lugano,2,2–2,rs,Partizan,2,2268,Stockhorn Arena,Ricardo de Burgos,Leg 2 of 2; Lugano won; Required Extra Time,qualification,True,False,,,
Conference League,2024/25,2024,Third qualifying round,,Thu,2024-08-15,21:00,ba,B. Banja Luka,3,3–1,fo,KÍ Klaksvík,1,5800,Gradski Stadion,Georgi Kabakov,Leg 2 of 2; B. Banja Luka won; Required Extra Time,qualification,True,False,,,
Conference League,2024/25,2024,Play-off round,,Thu,2024-08-22,19:00,cz,Viktoria Plzeň,1,1–0,sct,Hearts,0,10506,Doosan Arena,Sven Jablonski,Leg 1 of 2,qualification,False,False,,,
Conference League,2024/25,2024,Play-off round,,Thu,2024-08-22,19:00,at,LASK,1,1–1,ro,FCSB,1,10650,Raiffeisen Arena,Allard Lindhout,Leg 1 of 2,qualification,False,False,,,
Conference League,2024/25,2024,Play-off round,,Thu,2024-08-22,19:00,no,Molde,0,0–1,se,Elfsborg,1,4115,Aker Stadion,István Kovács,Leg 1 of 2,qualification,False,False,,,
Conference League,2024/25,2024,Play-off round,,Thu,2024-08-22,20:00,lv,RFS,2,2–1,cy,APOEL FC,1,1678,LNK Sporta Parks,Əliyar Ağayev,Leg 1 of 2,qualification,False,False,,,
Conference League,2024/25,2024,Play-off round,,Thu,2024-08-22,20:00,il,Maccabi Tel Aviv,3,3–0,rs,TSC,0,270,Haladás Stadion,Sebastian Gishamer,Leg 1 of 2,qualification,False,False,,,
Conference League,2024/25,2024,Play-off round,,Thu,2024-08-22,20:30,pt,Braga,2,2–1,at,Rapid Wien,1,15868,Estádio Municipal de Braga,Mykola Balakin,Leg 1 of 2,qualification,False,False,,,
Conference League,2024/25,2024,Play-off round,,Thu,2024-08-22,20:30,ch,Lugano,3,3–3,tr,Beşiktaş,3,5270,Stockhorn Arena,Morten Krogh,Leg 1 of 2,qualification,False,False,,,
Conference League,2024/25,2024,Play-off round,,Thu,2024-08-22,20:30,gr,PAOK,4,4–0,ie,Shamrock,0,13871,Stadio Toumbas,Enea Jorgji,Leg 1 of 2,qualification,False,False,,,
Conference League,2024/25,2024,Play-off round,,Thu,2024-08-22,20:45,by,Dinamo Minsk,0,0–1,be,Anderlecht,1,4183,Városi Stadion,Rohit Saggi,Leg 1 of 2,qualification,False,False,,,
Conference League,2024/25,2024,Play-off round,,Thu,2024-08-22,20:45,pl,Jagiellonia,1,1–4,nl,Ajax,4,19553,Chorten Arena,Rade Obrenović,Leg 1 of 2,qualification,False,False,,,
Conference League,2024/25,2024,Play-off round,,Thu,2024-08-22,21:00,hu,Ferencváros,0,0–0,ba,B. Banja Luka,0,13167,Groupama Arena,Nick Walsh,Leg 1 of 2,qualification,False,False,,,
Conference League,2024/25,2024,Play-off round,,Thu,2024-08-22,21:00,bg,Ludogorets,4,4–0,md,Petrocub,0,3965,Huvepharma Arena,Anastasios Papapetrou,Leg 1 of 2,qualification,False,False,,,
Conference League,2024/25,2024,Play-off round,,Thu,2024-08-29,19:00,se,Elfsborg,0,(4) 0–1 (2),no,Molde,1,7619,Borås Arena,Harm Osmers,Leg 2 of 2; Elfsborg won; Elfsborg won a penalty shoot-out following extra time,qualification,True,True,4 - 2,4,2
Conference League,2024/25,2024,Play-off round,,Thu,2024-08-29,19:45,sct,Hearts,0,0–1,cz,Viktoria Plzeň,1,18164,Tynecastle Park,Georgi Kabakov,Leg 2 of 2; Viktoria Plzeň won,qualification,False,False,,,
Conference League,2024/25,2024,Play-off round,,Thu,2024-08-29,20:00,ie,Shamrock,0,0–2,gr,PAOK,2,5079,Tallaght Stadium,Donatas Rumšas,Leg 2 of 2; PAOK won,qualification,False,False,,,
Conference League,2024/25,2024,Play-off round,,Thu,2024-08-29,20:00,md,Petrocub,1,1–2,bg,Ludogorets,2,4576,Stadionul Zimbru,Sascha Stegemann,Leg 2 of 2; Ludogorets won,qualification,False,False,,,
Conference League,2024/25,2024,Play-off round,,Thu,2024-08-29,20:00,cy,APOEL FC,2,(2) 2–1 (4),lv,RFS,1,12988,Stadio GSP (1902),Matej Jug,Leg 2 of 2; RFS won; RFS won a penalty shoot-out following extra time,qualification,True,True,2 - 4,2,4
Conference League,2024/25,2024,Play-off round,,Thu,2024-08-29,20:00,nl,Ajax,3,3–0,pl,Jagiellonia,0,54010,Johan Cruijff Arena,Maurizio Mariani,Leg 2 of 2; Ajax won,qualification,False,False,,,
Conference League,2024/25,2024,Play-off round,,Thu,2024-08-29,20:00,be,Anderlecht,1,1–0,by,Dinamo Minsk,0,17102,Lotto Park,Nikola Dabanović,Leg 2 of 2; Anderlecht won,qualification,False,False,,,
Conference League,2024/25,2024,Play-off round,,Thu,2024-08-29,21:00,ba,B. Banja Luka,1,(2) 1–1 (3),hu,Ferencváros,1,7833,Gradski Stadion,Erik Lambrechts,Leg 2 of 2; Ferencváros won; Ferencváros won a penalty shoot-out following extra time,qualification,True,True,2 - 3,2,3
Conference League,2024/25,2024,Play-off round,,Thu,2024-08-29,21:00,at,Rapid Wien,2,2–2,pt,Braga,2,21400,Allianz Stadion,Anthony Taylor,Leg 2 of 2; Braga won,qualification,False,False,,,
Conference League,2024/25,2024,Play-off round,,Thu,2024-08-29,21:00,tr,Beşiktaş,5,5–1,ch,Lugano,1,35370,Tüpraş Stadyumu,Radu Petrescu,Leg 2 of 2; Beşiktaş won,qualification,False,False,,,
Conference League,2024/25,2024,Play-off round,,Thu,2024-08-29,21:00,rs,TSC,1,1–5,il,Maccabi Tel Aviv,5,2016,TSC Arena,João Pinheiro,Leg 2 of 2; Maccabi Tel Aviv won,qualification,False,False,,,
Conference League,2024/25,2024,Play-off round,,Thu,2024-08-29,21:30,ro,FCSB,1,1–0,at,LASK,0,21523,Stadionul Steaua,Felix Zwayer,Leg 2 of 2; FCSB won,qualification,False,False,,,
Conference League,2025/26,2025,League phase,1,Wed,2025-09-24,18:45,dk,Midtjylland,2,2–0,at,Sturm Graz,0,8331,MCH Arena,Orel Grinfeeld,,main stage,,,,,
Conference League,2025/26,2025,League phase,1,Wed,2025-09-24,19:45,gr,PAOK,0,0–0,il,Maccabi Tel Aviv,0,19667,Stadio Toumbas,Sven Jablonski,,main stage,,,,,
Conference League,2025/26,2025,League phase,1,Wed,2025-09-24,20:00,pt,Braga,1,1–0,nl,Feyenoord,0,12769,Estádio Municipal de Braga,Nikola Dabanović,,main stage,,,,,
Conference League,2025/26,2025,League phase,1,Wed,2025-09-24,21:00,de,Freiburg,2,2–1,ch,Basel,1,34300,Europa-Park Stadion,Luís Godinho,,main stage,,,,,
Conference League,2025/26,2025,League phase,1,Wed,2025-09-24,21:00,hr,Dinamo Zagreb,3,3–1,tr,Fenerbahçe,1,13926,Stadion Maksimir,Jérôme Brisard,,main stage,,,,,
Conference League,2025/26,2025,League phase,1,Wed,2025-09-24,21:00,se,Malmö,1,1–2,bg,Ludogorets,2,11478,Eleda Stadion,Manfredas Lukjančukas,,main stage,,,,,
Conference League,2025/26,2025,League phase,1,Wed,2025-09-24,21:00,es,Real Betis,2,2–2,eng,Nottingham,2,57257,Estadio La Cartuja de Sevilla,Sascha Stegemann,,main stage,,,,,
Conference League,2025/26,2025,League phase,1,Wed,2025-09-24,21:00,fr,Nice,1,1–2,it,Roma,2,23089,Allianz Riviera,Guillermo Cuadra,,main stage,,,,,
Conference League,2025/26,2025,League phase,1,Wed,2025-09-24,21:00,rs,Red Star,1,1–1,sct,Celtic,1,35721,Stadion Rajko Mitić,Radu Petrescu,,main stage,,,,,
Conference League,2025/26,2025,League phase,1,Thu,2025-09-25,18:45,fr,Lille,2,2–1,no,Brann,1,17529,Decathlon Arena - Stade Pierre-Mauroy,Allard Lindhout,,main stage,,,,,
Conference League,2025/26,2025,League phase,1,Thu,2025-09-25,18:45,nl,Go Ahead Eagles,0,0–1,ro,FCSB,1,9578,De Adelaarshorst,Kristo Tohver,,main stage,,,,,
Conference League,2025/26,2025,League phase,1,Thu,2025-09-25,20:00,eng,Aston Villa,1,1–0,it,Bologna,0,30909,Villa Park,Jesús Gil,,main stage,,,,,
Conference League,2025/26,2025,League phase,1,Thu,2025-09-25,20:00,sct,Rangers,0,0–1,be,Genk,1,37898,Ibrox Stadium,Matej Jug,,main stage,,,,,
Conference League,2025/26,2025,League phase,1,Thu,2025-09-25,21:00,de,Stuttgart,2,2–1,es,Celta Vigo,1,58000,MHPArena,Nick Walsh,,main stage,,,,,
Conference League,2025/26,2025,League phase,1,Thu,2025-09-25,21:00,nl,Utrecht,0,0–1,fr,Lyon,1,22083,Stadion Galgenwaard,Horațiu Fesnic,,main stage,,,,,
Conference League,2025/26,2025,League phase,1,Thu,2025-09-25,21:00,hu,Ferencváros,1,1–1,cz,Viktoria Plzeň,1,16117,Groupama Arena,Sander van der Eijk,,main stage,,,,,
Conference League,2025/26,2025,League phase,1,Thu,2025-09-25,21:00,at,RB Salzburg,0,0–1,pt,Porto,1,9993,Red Bull Arena,Vassilis Fotias,,main stage,,,,,
Conference League,2025/26,2025,League phase,1,Thu,2025-09-25,21:00,ch,Young Boys,1,1–4,gr,Panathinaikos,4,20023,Stadion Wankdorf,Ricardo de Burgos,,main stage,,,,,
Conference League,2025/26,2025,League phase,2,Thu,2025-10-02,17:45,sct,Celtic,0,0–2,pt,Braga,2,46232,Celtic Park,Tobias Stieler,,main stage,,,,,
Conference League,2025/26,2025,League phase,2,Thu,2025-10-02,18:45,no,Brann,1,1–0,nl,Utrecht,0,15366,Brann Stadion,Əliyar Ağayev,,main stage,,,,,
Conference League,2025/26,2025,League phase,2,Thu,2025-10-02,18:45,cz,Viktoria Plzeň,3,3–0,se,Malmö,0,10811,Doosan Arena,Enea Jorgji,,main stage,,,,,
Conference League,2025/26,2025,League phase,2,Thu,2025-10-02,18:45,it,Bologna,1,1–1,de,Freiburg,1,24428,Stadio Renato Dall'Ara,Nenad Minaković,,main stage,,,,,
Conference League,2025/26,2025,League phase,2,Thu,2025-10-02,18:45,it,Roma,0,0–1,fr,Lille,1,61561,Stadio Olimpico,Erik Lambrechts,,main stage,,,,,
Conference League,2025/26,2025,League phase,2,Thu,2025-10-02,19:45,bg,Ludogorets,0,0–2,es,Real Betis,2,5844,Huvepharma Arena,Julian Weinberger,,main stage,,,,,
Conference League,2025/26,2025,League phase,2,Thu,2025-10-02,19:45,ro,FCSB,0,0–2,ch,Young Boys,2,25056,Arena Naţională,Mohammed Al Hakim,,main stage,,,,,
Conference League,2025/26,2025,League phase,2,Thu,2025-10-02,19:45,gr,Panathinaikos,1,1–2,nl,Go Ahead Eagles,2,18808,Olympiako Stadio Spyros Louis,Sebastian Gishamer,,main stage,,,,,
Conference League,2025/26,2025,League phase,2,Thu,2025-10-02,19:45,tr,Fenerbahçe,2,2–1,fr,Nice,1,35523,Ülker Stadyumu Fenerbahçe Şükrü Saracoğl...,Srđan Jovanović,,main stage,,,,,
Conference League,2025/26,2025,League phase,2,Thu,2025-10-02,20:00,pt,Porto,2,2–1,rs,Red Star,1,42812,Estádio do Dragão,Harm Osmers,,main stage,,,,,
Conference League,2025/26,2025,League phase,2,Thu,2025-10-02,20:00,eng,Nottingham,2,2–3,dk,Midtjylland,3,29323,The City Ground,Willy Delajod,,main stage,,,,,
Conference League,2025/26,2025,League phase,2,Thu,2025-10-02,21:00,fr,Lyon,2,2–0,at,RB Salzburg,0,31767,Groupama Stadium,Andris Treimanis,,main stage,,,,,
Conference League,2025/26,2025,League phase,2,Thu,2025-10-02,21:00,ch,Basel,2,2–0,de,Stuttgart,0,33650,St. Jakob-Park,Davide Massa,,main stage,,,,,
Conference League,2025/26,2025,League phase,2,Thu,2025-10-02,21:00,il,Maccabi Tel Aviv,1,1–3,hr,Dinamo Zagreb,3,255,TSC Arena,António Nobre,,main stage,,,,,
Conference League,2025/26,2025,League phase,2,Thu,2025-10-02,21:00,be,Genk,0,0–1,hu,Ferencváros,1,10630,Cegeka Arena,Tasos Sidiropoulos,,main stage,,,,,
Conference League,2025/26,2025,League phase,2,Thu,2025-10-02,21:00,at,Sturm Graz,2,2–1,sct,Rangers,1,15532,Merkur Arena,Halil Umut Meler,,main stage,,,,,
Conference League,2025/26,2025,League phase,2,Thu,2025-10-02,21:00,nl,Feyenoord,0,0–2,eng,Aston Villa,2,42634,Stadion Feijenoord,Rade Obrenović,,main stage,,,,,
Conference League,2025/26,2025,League phase,2,Thu,2025-10-02,21:00,es,Celta Vigo,3,3–1,gr,PAOK,1,20849,Estadio Abanca Balaídos,Igor Pajač,,main stage,,,,,
Conference League,2025/26,2025,League phase,3,Thu,2025-10-23,17:45,pt,Braga,2,2–0,rs,Red Star,0,10056,Estádio Municipal de Braga,Espen Eskås,,main stage,,,,,
Conference League,2025/26,2025,League phase,3,Thu,2025-10-23,18:45,at,RB Salzburg,2,2–3,hu,Ferencváros,3,8342,Red Bull Arena,Goga Kikacheishvili,,main stage,,,,,
Conference League,2025/26,2025,League phase,3,Thu,2025-10-23,18:45,no,Brann,3,3–0,sct,Rangers,0,15800,Brann Stadion,Vassilis Fotias,,main stage,,,,,
Conference League,2025/26,2025,League phase,3,Thu,2025-10-23,18:45,be,Genk,0,0–0,es,Real Betis,0,16780,Cegeka Arena,Elçin Məsiyev,,main stage,,,,,
Conference League,2025/26,2025,League phase,3,Thu,2025-10-23,18:45,nl,Go Ahead Eagles,2,2–1,eng,Aston Villa,1,9598,De Adelaarshorst,Filip Glova,,main stage,,,,,
Conference League,2025/26,2025,League phase,3,Thu,2025-10-23,18:45,fr,Lyon,2,2–0,ch,Basel,0,35586,Groupama Stadium,Manfredas Lukjančukas,,main stage,,,,,
Conference League,2025/26,2025,League phase,3,Thu,2025-10-23,19:45,tr,Fenerbahçe,1,1–0,de,Stuttgart,0,38891,Ülker Stadyumu Fenerbahçe Şükrü Saracoğl...,Jakob Kehlet,,main stage,,,,,
Conference League,2025/26,2025,League phase,3,Thu,2025-10-23,19:45,ro,FCSB,1,1–2,it,Bologna,2,27643,Arena Naţională,Andris Treimanis,,main stage,,,,,
Conference League,2025/26,2025,League phase,3,Thu,2025-10-23,20:00,eng,Nottingham,2,2–0,pt,Porto,0,29195,The City Ground,Radu Petrescu,,main stage,,,,,
Conference League,2025/26,2025,League phase,3,Thu,2025-10-23,20:00,sct,Celtic,2,2–1,at,Sturm Graz,1,48278,Celtic Park,Juan Martínez,,main stage,,,,,
Conference League,2025/26,2025,League phase,3,Thu,2025-10-23,21:00,se,Malmö,1,1–1,hr,Dinamo Zagreb,1,14212,Eleda Stadion,Willy Delajod,,main stage,,,,,
Conference League,2025/26,2025,League phase,3,Thu,2025-10-23,21:00,il,Maccabi Tel Aviv,0,0–3,dk,Midtjylland,3,487,TSC Arena,Georgi Kabakov,,main stage,,,,,
Conference League,2025/26,2025,League phase,3,Thu,2025-10-23,21:00,es,Celta Vigo,2,2–1,fr,Nice,1,20631,Estadio Abanca Balaídos,Sander van der Eijk,,main stage,,,,,
Conference League,2025/26,2025,League phase,3,Thu,2025-10-23,21:00,de,Freiburg,2,2–0,nl,Utrecht,0,34195,Europa-Park Stadion,Rohit Saggi,,main stage,,,,,
Conference League,2025/26,2025,League phase,3,Thu,2025-10-23,21:00,ch,Young Boys,3,3–2,bg,Ludogorets,2,17526,Stadion Wankdorf,Mohammad Al Emara,,main stage,,,,,
Conference League,2025/26,2025,League phase,3,Thu,2025-10-23,21:00,nl,Feyenoord,3,3–1,gr,Panathinaikos,1,37169,Stadion Feijenoord,Harm Osmers,,main stage,,,,,
Conference League,2025/26,2025,League phase,3,Thu,2025-10-23,21:00,it,Roma,1,1–2,cz,Viktoria Plzeň,2,52263,Stadio Olimpico,Halil Umut Meler,,main stage,,,,,
Conference League,2025/26,2025,League phase,3,Thu,2025-10-23,21:00,fr,Lille,3,3–4,gr,PAOK,4,23666,Decathlon Arena - Stade Pierre-Mauroy,Nikola Dabanović,,main stage,,,,,
Conference League,2025/26,2025,League phase,4,Thu,2025-11-06,18:45,hr,Dinamo Zagreb,0,0–3,es,Celta Vigo,3,19431,Stadion Maksimir,Anastasios Papapetrou,,main stage,,,,,
Conference League,2025/26,2025,League phase,4,Thu,2025-11-06,18:45,fr,Nice,1,1–3,de,Freiburg,3,15274,Allianz Riviera,Tasos Sidiropoulos,,main stage,,,,,
Conference League,2025/26,2025,League phase,4,Thu,2025-11-06,18:45,rs,Red Star,1,1–0,fr,Lille,0,32711,Stadion Rajko Mitić,John Brooks,,main stage,,,,,
Conference League,2025/26,2025,League phase,4,Thu,2025-11-06,18:45,nl,Utrecht,1,1–1,pt,Porto,1,23053,Stadion Galgenwaard,John Beaton,,main stage,,,,,
Conference League,2025/26,2025,League phase,4,Thu,2025-11-06,18:45,at,RB Salzburg,2,2–0,nl,Go Ahead Eagles,0,10852,Red Bull Arena,Giorgi Kruashvili,,main stage,,,,,
Conference League,2025/26,2025,League phase,4,Thu,2025-11-06,18:45,at,Sturm Graz,0,0–0,eng,Nottingham,0,16192,Merkur Arena,Mykola Balakin,,main stage,,,,,
Conference League,2025/26,2025,League phase,4,Thu,2025-11-06,18:45,se,Malmö,0,0–1,gr,Panathinaikos,1,12531,Eleda Stadion,Nick Walsh,,main stage,,,,,
Conference League,2025/26,2025,League phase,4,Thu,2025-11-06,18:45,dk,Midtjylland,3,3–1,sct,Celtic,1,10387,MCH Arena,Nenad Minaković,,main stage,,,,,
Conference League,2025/26,2025,League phase,4,Thu,2025-11-06,18:45,ch,Basel,3,3–1,ro,FCSB,1,21925,St. Jakob-Park,Juxhin Xhaja,,main stage,,,,,
Conference League,2025/26,2025,League phase,4,Thu,2025-11-06,20:00,pt,Braga,3,3–4,be,Genk,4,11265,Estádio Municipal de Braga,Balázs Berke,,main stage,,,,,
Conference League,2025/26,2025,League phase,4,Thu,2025-11-06,20:00,sct,Rangers,0,0–2,it,Roma,2,41847,Ibrox Stadium,Morten Krogh,,main stage,,,,,
Conference League,2025/26,2025,League phase,4,Thu,2025-11-06,20:00,eng,Aston Villa,2,2–0,il,Maccabi Tel Aviv,0,29429,Villa Park,Julian Weinberger,,main stage,,,,,
Conference League,2025/26,2025,League phase,4,Thu,2025-11-06,21:00,cz,Viktoria Plzeň,0,0–0,tr,Fenerbahçe,0,11090,Doosan Arena,Allard Lindhout,,main stage,,,,,
Conference League,2025/26,2025,League phase,4,Thu,2025-11-06,21:00,it,Bologna,0,0–0,no,Brann,0,22508,Stadio Renato Dall'Ara,Daniel Schlager,,main stage,,,,,
Conference League,2025/26,2025,League phase,4,Thu,2025-11-06,21:00,hu,Ferencváros,3,3–1,bg,Ludogorets,1,18789,Groupama Arena,Mohammed Al Hakim,,main stage,,,,,
Conference League,2025/26,2025,League phase,4,Thu,2025-11-06,21:00,de,Stuttgart,2,2–0,nl,Feyenoord,0,60000,MHPArena,Horațiu Feșnic,,main stage,,,,,
Conference League,2025/26,2025,League phase,4,Thu,2025-11-06,21:00,es,Real Betis,2,2–0,fr,Lyon,0,55836,Estadio La Cartuja de Sevilla,Matej Jug,,main stage,,,,,
Conference League,2025/26,2025,League phase,4,Thu,2025-11-06,22:00,gr,PAOK,4,4–0,ch,Young Boys,0,21608,Stadio Toumbas,Srđan Jovanović,,main stage,,,,,
Conference League,2025/26,2025,League phase,5,Thu,2025-11-27,17:45,eng,Aston Villa,2,2–1,ch,Young Boys,1,32158,Villa Park,Georgi Kabakov,,main stage,,,,,
Conference League,2025/26,2025,League phase,5,Thu,2025-11-27,17:45,pt,Porto,3,3–0,fr,Nice,0,37254,Estádio do Dragão,Matej Jug,,main stage,,,,,
Conference League,2025/26,2025,League phase,5,Thu,2025-11-27,18:45,cz,Viktoria Plzeň,0,0–0,de,Freiburg,0,10182,Doosan Arena,Morten Krogh,,main stage,,,,,
Conference League,2025/26,2025,League phase,5,Thu,2025-11-27,18:45,fr,Lille,4,4–0,hr,Dinamo Zagreb,0,22146,Decathlon Arena - Stade Pierre-Mauroy,John Beaton,,main stage,,,,,
Conference League,2025/26,2025,League phase,5,Thu,2025-11-27,18:45,nl,Feyenoord,1,1–3,sct,Celtic,3,31582,Stadion Feijenoord,Sebastian Gishamer,,main stage,,,,,
Conference League,2025/26,2025,League phase,5,Thu,2025-11-27,18:45,it,Roma,2,2–1,dk,Midtjylland,1,61653,Stadio Olimpico,Nikola Dabanović,,main stage,,,,,
Conference League,2025/26,2025,League phase,5,Thu,2025-11-27,19:45,bg,Ludogorets,3,3–2,es,Celta Vigo,2,4779,Huvepharma Arena,Balázs Berke,,main stage,,,,,
Conference League,2025/26,2025,League phase,5,Thu,2025-11-27,19:45,gr,PAOK,1,1–1,no,Brann,1,16005,Stadio Toumbas,Sascha Stegemann,,main stage,,,,,
Conference League,2025/26,2025,League phase,5,Thu,2025-11-27,20:00,eng,Nottingham,3,3–0,se,Malmö,0,28941,The City Ground,Harm Osmers,,main stage,,,,,
Conference League,2025/26,2025,League phase,5,Thu,2025-11-27,20:00,sct,Rangers,1,1–1,pt,Braga,1,38014,Ibrox Stadium,Allard Lindhout,,main stage,,,,,
Conference League,2025/26,2025,League phase,5,Thu,2025-11-27,20:45,tr,Fenerbahçe,1,1–1,hu,Ferencváros,1,37898,Ülker Stadyumu Fenerbahçe Şükrü Saracoğl...,Ricardo de Burgos,,main stage,,,,,
Conference League,2025/26,2025,League phase,5,Thu,2025-11-27,21:00,rs,Red Star,1,1–0,ro,FCSB,0,26054,Stadion Rajko Mitić,Jérôme Brisard,,main stage,,,,,
Conference League,2025/26,2025,League phase,5,Thu,2025-11-27,21:00,it,Bologna,4,4–1,at,RB Salzburg,1,21025,Stadio Renato Dall'Ara,Igor Pajač,,main stage,,,,,
Conference League,2025/26,2025,League phase,5,Thu,2025-11-27,21:00,es,Real Betis,2,2–1,nl,Utrecht,1,46170,Estadio La Cartuja de Sevilla,Nenad Minaković,,main stage,,,,,
Conference League,2025/26,2025,League phase,5,Thu,2025-11-27,21:00,nl,Go Ahead Eagles,0,0–4,de,Stuttgart,4,9448,De Adelaarshorst,Mohammed Al Hakim,,main stage,,,,,
Conference League,2025/26,2025,League phase,5,Thu,2025-11-27,21:00,il,Maccabi Tel Aviv,0,0–6,fr,Lyon,6,320,TSC Arena,Kristo Tohver,,main stage,,,,,
Conference League,2025/26,2025,League phase,5,Thu,2025-11-27,21:00,be,Genk,2,2–1,ch,Basel,1,13104,Cegeka Arena,Orel Grinfeeld,,main stage,,,,,
Conference League,2025/26,2025,League phase,5,Thu,2025-11-27,22:00,gr,Panathinaikos,2,2–1,at,Sturm Graz,1,21013,Olympiako Stadio Spyros Louis,Simone Sozza,,main stage,,,,,
Conference League,2025/26,2025,League phase,6,Thu,2025-12-11,18:45,ch,Young Boys,1,1–0,fr,Lille,0,20168,Stadion Wankdorf,Sander van der Eijk,,main stage,,,,,
Conference League,2025/26,2025,League phase,6,Thu,2025-12-11,18:45,hr,Dinamo Zagreb,1,1–3,es,Real Betis,3,11437,Stadion Maksimir,Goga Kikacheishvili,,main stage,,,,,
Conference League,2025/26,2025,League phase,6,Thu,2025-12-11,18:45,nl,Utrecht,1,1–2,eng,Nottingham,2,22865,Stadion Galgenwaard,Irfan Peljto,,main stage,,,,,
Conference League,2025/26,2025,League phase,6,Thu,2025-12-11,18:45,dk,Midtjylland,1,1–0,be,Genk,0,9820,MCH Arena,Vassilis Fotias,,main stage,,,,,
Conference League,2025/26,2025,League phase,6,Thu,2025-12-11,18:45,de,Stuttgart,4,4–1,il,Maccabi Tel Aviv,1,57000,MHPArena,Marian Barbu,,main stage,,,,,
Conference League,2025/26,2025,League phase,6,Thu,2025-12-11,18:45,fr,Nice,0,0–1,pt,Braga,1,12169,Allianz Riviera,Giorgi Kruashvili,,main stage,,,,,
Conference League,2025/26,2025,League phase,6,Thu,2025-12-11,18:45,at,Sturm Graz,0,0–1,rs,Red Star,1,16077,Merkur Arena,Damian Sylwestrzak,,main stage,,,,,
Conference League,2025/26,2025,League phase,6,Thu,2025-12-11,18:45,hu,Ferencváros,2,2–1,sct,Rangers,1,19567,Groupama Arena,Anastasios Papapetrou,,main stage,,,,,
Conference League,2025/26,2025,League phase,6,Thu,2025-12-11,19:45,bg,Ludogorets,3,3–3,gr,PAOK,3,6433,Huvepharma Arena,Horațiu Feșnic,,main stage,,,,,
Conference League,2025/26,2025,League phase,6,Thu,2025-12-11,20:00,pt,Porto,2,2–1,se,Malmö,1,33364,Estádio do Dragão,Rohit Saggi,,main stage,,,,,
Conference League,2025/26,2025,League phase,6,Thu,2025-12-11,20:00,sct,Celtic,0,0–3,it,Roma,3,56188,Celtic Park,István Kovács,,main stage,,,,,
Conference League,2025/26,2025,League phase,6,Thu,2025-12-11,21:00,fr,Lyon,2,2–1,nl,Go Ahead Eagles,1,26403,Groupama Stadium,Juxhin Xhaja,,main stage,,,,,
Conference League,2025/26,2025,League phase,6,Thu,2025-12-11,21:00,es,Celta Vigo,1,1–2,it,Bologna,2,20302,Estadio Abanca Balaídos,Radu Petrescu,,main stage,,,,,
Conference League,2025/26,2025,League phase,6,Thu,2025-12-11,21:00,ch,Basel,1,1–2,eng,Aston Villa,2,27509,St. Jakob-Park,Halil Umut Meler,,main stage,,,,,
Conference League,2025/26,2025,League phase,6,Thu,2025-12-11,21:00,de,Freiburg,1,1–0,at,RB Salzburg,0,31016,Europa-Park Stadion,Elçin Məsiyev,,main stage,,,,,
Conference League,2025/26,2025,League phase,6,Thu,2025-12-11,21:00,no,Brann,0,0–4,tr,Fenerbahçe,4,15620,Brann Stadion,Willy Delajod,,main stage,,,,,
Conference League,2025/26,2025,League phase,6,Thu,2025-12-11,22:00,gr,Panathinaikos,0,0–0,cz,Viktoria Plzeň,0,17335,Olympiako Stadio Spyros Louis,António Nobre,,main stage,,,,,
Conference League,2025/26,2025,League phase,6,Thu,2025-12-11,22:00,ro,FCSB,4,4–3,nl,Feyenoord,3,22857,Arena Naţională,Mykola Balakin,,main stage,,,,,
Conference League,2025/26,2025,League phase,7,Thu,2026-01-22,18:45,de,Freiburg,1,1–0,il,Maccabi Tel Aviv,0,17956,Europa-Park Stadion,Mohammed Al Hakim,,main stage,,,,,
Conference League,2025/26,2025,League phase,7,Thu,2026-01-22,18:45,se,Malmö,0,0–1,rs,Red Star,1,16852,Eleda Stadion,Sascha Stegemann,,main stage,,,,,
Conference League,2025/26,2025,League phase,7,Thu,2026-01-22,18:45,it,Bologna,2,2–2,sct,Celtic,2,23791,Stadio Renato Dall'Ara,Vassilis Fotias,,main stage,,,,,
Conference League,2025/26,2025,League phase,7,Thu,2026-01-22,18:45,ch,Young Boys,0,0–1,fr,Lyon,1,22746,Stadion Wankdorf,Əliyar Ağayev,,main stage,,,,,
Conference League,2025/26,2025,League phase,7,Thu,2026-01-22,18:45,nl,Feyenoord,3,3–0,at,Sturm Graz,0,33385,Stadion Feijenoord,Halil Umut Meler,,main stage,,,,,
Conference League,2025/26,2025,League phase,7,Thu,2026-01-22,18:45,cz,Viktoria Plzeň,1,1–1,pt,Porto,1,11108,Doosan Arena,Andris Treimanis,,main stage,,,,,
Conference League,2025/26,2025,League phase,7,Thu,2026-01-22,18:45,no,Brann,3,3–3,dk,Midtjylland,3,15385,Brann Stadion,Georgi Kabakov,,main stage,,,,,
Conference League,2025/26,2025,League phase,7,Thu,2026-01-22,19:45,gr,PAOK,2,2–0,es,Real Betis,0,22221,Stadio Toumbas,Simone Sozza,,main stage,,,,,
Conference League,2025/26,2025,League phase,7,Thu,2026-01-22,20:00,sct,Rangers,1,1–0,bg,Ludogorets,0,28738,Ibrox Stadium,Manfredas Lukjančukas,,main stage,,,,,
Conference League,2025/26,2025,League phase,7,Thu,2026-01-22,20:00,pt,Braga,1,1–0,eng,Nottingham,0,12377,Estádio Municipal de Braga,Igor Pajač,,main stage,,,,,
Conference League,2025/26,2025,League phase,7,Thu,2026-01-22,20:45,tr,Fenerbahçe,0,0–1,eng,Aston Villa,1,41414,Ülker Stadyumu Fenerbahçe Şükrü Saracoğl...,Luís Godinho,,main stage,,,,,
Conference League,2025/26,2025,League phase,7,Thu,2026-01-22,21:00,hu,Ferencváros,1,1–1,gr,Panathinaikos,1,17879,Groupama Arena,Mykola Balakin,,main stage,,,,,
Conference League,2025/26,2025,League phase,7,Thu,2026-01-22,21:00,es,Celta Vigo,2,2–1,fr,Lille,1,20015,Estadio Abanca Balaídos,Harm Osmers,,main stage,,,,,
Conference League,2025/26,2025,League phase,7,Thu,2026-01-22,21:00,fr,Nice,3,3–1,nl,Go Ahead Eagles,1,13037,Allianz Riviera,Oleksii Derevinskyi,,main stage,,,,,
Conference League,2025/26,2025,League phase,7,Thu,2026-01-22,21:00,at,RB Salzburg,3,3–1,ch,Basel,1,6741,Red Bull Arena,Anastasios Papapetrou,,main stage,,,,,
Conference League,2025/26,2025,League phase,7,Thu,2026-01-22,21:00,hr,Dinamo Zagreb,4,4–1,ro,FCSB,1,9040,Stadion Maksimir,Sander van der Eijk,,main stage,,,,,
Conference League,2025/26,2025,League phase,7,Thu,2026-01-22,21:00,it,Roma,2,2–0,de,Stuttgart,0,65183,Stadio Olimpico,John Brooks,,main stage,,,,,
Conference League,2025/26,2025,League phase,7,Thu,2026-01-22,21:50,nl,Utrecht,0,0–2,be,Genk,2,21416,Stadion Galgenwaard,Rob Hennessy,,main stage,,,,,
Conference League,2025/26,2025,League phase,8,Thu,2026-01-29,20:00,sct,Celtic,4,4–2,nl,Utrecht,2,55559,Celtic Park,Mohammad Al Emara,,main stage,,,,,
Conference League,2025/26,2025,League phase,8,Thu,2026-01-29,20:00,eng,Aston Villa,3,3–2,at,RB Salzburg,2,37457,Villa Park,Rohit Saggi,,main stage,,,,,
Conference League,2025/26,2025,League phase,8,Thu,2026-01-29,20:00,pt,Porto,3,3–1,sct,Rangers,1,38213,Estádio do Dragão,Jasper Vergoote,,main stage,,,,,
Conference League,2025/26,2025,League phase,8,Thu,2026-01-29,20:00,eng,Nottingham,4,4–0,hu,Ferencváros,0,26304,The City Ground,Sebastian Gishamer,,main stage,,,,,
Conference League,2025/26,2025,League phase,8,Thu,2026-01-29,21:00,be,Genk,2,2–1,se,Malmö,1,11450,Cegeka Arena,Horațiu Feșnic,,main stage,,,,,
Conference League,2025/26,2025,League phase,8,Thu,2026-01-29,21:00,fr,Lyon,4,4–2,gr,PAOK,2,26149,Groupama Stadium,Ricardo de Burgos,,main stage,,,,,
Conference League,2025/26,2025,League phase,8,Thu,2026-01-29,21:00,il,Maccabi Tel Aviv,0,0–3,it,Bologna,3,81,TSC Arena,Goga Kikacheishvili,,main stage,,,,,
Conference League,2025/26,2025,League phase,8,Thu,2026-01-29,21:00,ch,Basel,0,0–1,cz,Viktoria Plzeň,1,20454,St. Jakob-Park,Giorgi Kruashvili,,main stage,,,,,
Conference League,2025/26,2025,League phase,8,Thu,2026-01-29,21:00,de,Stuttgart,3,3–2,ch,Young Boys,2,57000,MHPArena,Javier Alberola,,main stage,,,,,
Conference League,2025/26,2025,League phase,8,Thu,2026-01-29,21:00,dk,Midtjylland,2,2–0,hr,Dinamo Zagreb,0,8297,MCH Arena,Elçin Məsiyev,,main stage,,,,,
Conference League,2025/26,2025,League phase,8,Thu,2026-01-29,21:00,es,Real Betis,2,2–1,nl,Feyenoord,1,42688,Estadio La Cartuja de Sevilla,Nikola Dabanović,,main stage,,,,,
Conference League,2025/26,2025,League phase,8,Thu,2026-01-29,21:00,fr,Lille,1,1–0,de,Freiburg,0,22583,Decathlon Arena - Stade Pierre-Mauroy,Damian Sylwestrzak,,main stage,,,,,
Conference League,2025/26,2025,League phase,8,Thu,2026-01-29,21:00,nl,Go Ahead Eagles,0,0–0,pt,Braga,0,9480,De Adelaarshorst,Willy Delajod,,main stage,,,,,
Conference League,2025/26,2025,League phase,8,Thu,2026-01-29,21:00,rs,Red Star,1,1–1,es,Celta Vigo,1,39116,Stadion Rajko Mitić,Andrea Colombo,,main stage,,,,,
Conference League,2025/26,2025,League phase,8,Thu,2026-01-29,21:00,at,Sturm Graz,1,1–0,no,Brann,0,19752,Merkur Arena,Juxhin Xhaja,,main stage,,,,,
Conference League,2025/26,2025,League phase,8,Thu,2026-01-29,22:00,bg,Ludogorets,1,1–0,fr,Nice,0,4792,Huvepharma Arena,Ondřej Berka,,main stage,,,,,
Conference League,2025/26,2025,League phase,8,Thu,2026-01-29,22:00,gr,Panathinaikos,1,1–1,it,Roma,1,27432,Olympiako Stadio Spyros Louis,Juan Martínez,,main stage,,,,,
Conference League,2025/26,2025,League phase,8,Thu,2026-01-29,22:00,ro,FCSB,1,1–1,tr,Fenerbahçe,1,27752,Arena Naţională,Nenad Minaković,,main stage,,,,,
Conference League,2025/26,2025,Knockout phase play-offs,,Thu,2026-02-19,18:45,hr,Dinamo Zagreb,1,1–3,be,Genk,3,10554,Stadion Maksimir,Halil Umut Meler,Leg 1 of 2,main stage,False,False,,,
Conference League,2025/26,2025,Knockout phase play-offs,,Thu,2026-02-19,18:45,no,Brann,0,0–1,it,Bologna,1,15680,Brann Stadion,Rade Obrenović,Leg 1 of 2,main stage,False,False,,,
Conference League,2025/26,2025,Knockout phase play-offs,,Thu,2026-02-19,19:45,gr,PAOK,1,1–2,es,Celta Vigo,2,20448,Stadio Toumbas,Ivan Kružliak,Leg 1 of 2,main stage,False,False,,,
Conference League,2025/26,2025,Knockout phase play-offs,,Thu,2026-02-19,20:00,sct,Celtic,1,1–4,de,Stuttgart,4,52901,Celtic Park,Erik Lambrechts,Leg 1 of 2,main stage,False,False,,,
Conference League,2025/26,2025,Knockout phase play-offs,,Thu,2026-02-19,20:45,tr,Fenerbahçe,0,0–3,eng,Nottingham,3,39840,Ülker Stadyumu Fenerbahçe Şükrü Saracoğl...,Sandro Schärer,Leg 1 of 2,main stage,False,False,,,
Conference League,2025/26,2025,Knockout phase play-offs,,Thu,2026-02-19,21:00,fr,Lille,0,0–1,rs,Red Star,1,22087,Decathlon Arena - Stade Pierre-Mauroy,Sven Jablonski,Leg 1 of 2,main stage,False,False,,,
Conference League,2025/26,2025,Knockout phase play-offs,,Thu,2026-02-19,22:00,gr,Panathinaikos,2,2–2,cz,Viktoria Plzeň,2,20227,Olympiako Stadio Spyros Louis,Nick Walsh,Leg 1 of 2,main stage,False,False,,,
Conference League,2025/26,2025,Knockout phase play-offs,,Thu,2026-02-19,22:00,bg,Ludogorets,2,2–1,hu,Ferencváros,1,3145,Huvepharma Arena,Tobias Stieler,Leg 1 of 2,main stage,False,False,,,
Conference League,2025/26,2025,Knockout phase play-offs,,Thu,2026-02-26,18:45,cz,Viktoria Plzeň,1,(3) 1–1 (4),gr,Panathinaikos,1,11244,Doosan Arena,Donatas Rumšas,Leg 2 of 2; Panathinaikos won; Panathinaikos won a penalty shoot-out following extra time,main stage,True,True,3 - 4,3,4
Conference League,2025/26,2025,Knockout phase play-offs,,Thu,2026-02-26,18:45,rs,Red Star,0,0–2,fr,Lille,2,46477,Stadion Rajko Mitić,Anthony Taylor,Leg 2 of 2; Lille won; Required Extra Time,main stage,True,False,,,
Conference League,2025/26,2025,Knockout phase play-offs,,Thu,2026-02-26,18:45,hu,Ferencváros,2,2–0,bg,Ludogorets,0,17989,Groupama Arena,Chris Kavanagh,Leg 2 of 2; Ferencváros won,main stage,False,False,,,
Conference League,2025/26,2025,Knockout phase play-offs,,Thu,2026-02-26,18:45,de,Stuttgart,0,0–1,sct,Celtic,1,58500,MHPArena,Irfan Peljto,Leg 2 of 2; Stuttgart won,main stage,False,False,,,
Conference League,2025/26,2025,Knockout phase play-offs,,Thu,2026-02-26,20:00,eng,Nottingham,1,1–2,tr,Fenerbahçe,2,26883,The City Ground,Maurizio Mariani,Leg 2 of 2; Nottingham won,main stage,False,False,,,
Conference League,2025/26,2025,Knockout phase play-offs,,Thu,2026-02-26,21:00,it,Bologna,1,1–0,no,Brann,0,19710,Stadio Renato Dall'Ara,Benoît Bastien,Leg 2 of 2; Bologna won,main stage,False,False,,,
Conference League,2025/26,2025,Knockout phase play-offs,,Thu,2026-02-26,21:00,be,Genk,3,3–3,hr,Dinamo Zagreb,3,11225,Cegeka Arena,Felix Zwayer,Leg 2 of 2; Genk won; Required Extra Time,main stage,True,False,,,
Conference League,2025/26,2025,Knockout phase play-offs,,Thu,2026-02-26,21:00,es,Celta Vigo,1,1–0,gr,PAOK,0,21344,Estadio Abanca Balaídos,Marco Guida,Leg 2 of 2; Celta Vigo won,main stage,False,False,,,
Conference League,2025/26,2025,Round of 16,,Thu,2026-03-12,18:45,fr,Lille,0,0–1,eng,Aston Villa,1,40187,Decathlon Arena - Stade Pierre-Mauroy,Jose Maria Sánchez,Leg 1 of 2,main stage,False,False,,,
Conference League,2025/26,2025,Round of 16,,Thu,2026-03-12,18:45,it,Bologna,1,1–1,it,Roma,1,26277,Stadio Renato Dall'Ara,Sven Jablonski,Leg 1 of 2,main stage,False,False,,,
Conference League,2025/26,2025,Round of 16,,Thu,2026-03-12,18:45,de,Stuttgart,1,1–2,pt,Porto,2,60000,MHPArena,Donatas Rumšas,Leg 1 of 2,main stage,False,False,,,
Conference League,2025/26,2025,Round of 16,,Thu,2026-03-12,19:45,gr,Panathinaikos,1,1–0,es,Real Betis,0,27479,Olympiako Stadio Spyros Louis,Szymon Marciniak,Leg 1 of 2,main stage,False,False,,,
Conference League,2025/26,2025,Round of 16,,Thu,2026-03-12,20:00,eng,Nottingham,0,0–1,dk,Midtjylland,1,29502,The City Ground,Rade Obrenović,Leg 1 of 2,main stage,False,False,,,
Conference League,2025/26,2025,Round of 16,,Thu,2026-03-12,21:00,hu,Ferencváros,2,2–0,pt,Braga,0,19859,Groupama Arena,Nick Walsh,Leg 1 of 2,main stage,False,False,,,
Conference League,2025/26,2025,Round of 16,,Thu,2026-03-12,21:00,es,Celta Vigo,1,1–1,fr,Lyon,1,21673,Estadio Abanca Balaídos,Erik Lambrechts,Leg 1 of 2,main stage,False,False,,,
Conference League,2025/26,2025,Round of 16,,Thu,2026-03-12,21:00,be,Genk,1,1–0,de,Freiburg,0,15550,Cegeka Arena,Chris Kavanagh,Leg 1 of 2,main stage,False,False,,,
Conference League,2025/26,2025,Round of 16,,Wed,2026-03-18,15:30,pt,Braga,4,4–0,hu,Ferencváros,0,15078,Estádio Municipal de Braga,Glenn Nyberg,Leg 2 of 2; Braga won,main stage,False,False,,,
Conference League,2025/26,2025,Round of 16,,Thu,2026-03-19,18:45,dk,Midtjylland,1,(0) 1–2 (3),eng,Nottingham,2,10554,MCH Arena,Felix Zwayer,Leg 2 of 2; Nottingham won; Nottingham won a penalty shoot-out following extra time,main stage,True,True,0 - 3,0,3
Conference League,2025/26,2025,Round of 16,,Thu,2026-03-19,18:45,de,Freiburg,5,5–1,be,Genk,1,33000,Europa-Park Stadion,Michael Oliver,Leg 2 of 2; Freiburg won,main stage,False,False,,,
Conference League,2025/26,2025,Round of 16,,Thu,2026-03-19,18:45,fr,Lyon,0,0–2,es,Celta Vigo,2,41764,Groupama Stadium,Irfan Peljto,Leg 2 of 2; Celta Vigo won,main stage,False,False,,,
Conference League,2025/26,2025,Round of 16,,Thu,2026-03-19,20:00,pt,Porto,2,2–0,de,Stuttgart,0,40675,Estádio do Dragão,Anthony Taylor,Leg 2 of 2; Porto won,main stage,False,False,,,
Conference League,2025/26,2025,Round of 16,,Thu,2026-03-19,20:00,eng,Aston Villa,2,2–0,fr,Lille,0,37583,Villa Park,Davide Massa,Leg 2 of 2; Aston Villa won,main stage,False,False,,,
Conference League,2025/26,2025,Round of 16,,Thu,2026-03-19,21:00,es,Real Betis,4,4–0,gr,Panathinaikos,0,60207,Estadio La Cartuja de Sevilla,Tobias Stieler,Leg 2 of 2; Real Betis won,main stage,False,False,,,
Conference League,2025/26,2025,Round of 16,,Thu,2026-03-19,21:00,it,Roma,3,3–4,it,Bologna,4,63908,Stadio Olimpico,István Kovács,Leg 2 of 2; Bologna won; Required Extra Time,main stage,True,False,,,
Conference League,2025/26,2025,Quarter-finals,,Wed,2026-04-08,17:45,pt,Braga,1,1–1,es,Real Betis,1,20847,Estádio Municipal de Braga,Felix Zwayer,Leg 1 of 2,main stage,False,False,,,
Conference League,2025/26,2025,Quarter-finals,,Thu,2026-04-09,20:00,pt,Porto,1,1–1,eng,Nottingham,1,46479,Estádio do Dragão,Marco Guida,Leg 1 of 2,main stage,False,False,,,
Conference League,2025/26,2025,Quarter-finals,,Thu,2026-04-09,21:00,de,Freiburg,3,3–0,es,Celta Vigo,0,32600,Europa-Park Stadion,Glenn Nyberg,Leg 1 of 2,main stage,False,False,,,
Conference League,2025/26,2025,Quarter-finals,,Thu,2026-04-09,21:00,it,Bologna,1,1–3,eng,Aston Villa,3,31142,Stadio Renato Dall'Ara,Sandro Schärer,Leg 1 of 2,main stage,False,False,,,
Conference League,2025/26,2025,Quarter-finals,,Thu,2026-04-16,18:45,es,Celta Vigo,1,1–3,de,Freiburg,3,21981,Estadio Abanca Balaídos,Anthony Taylor,Leg 2 of 2; Freiburg won,main stage,False,False,,,
Conference League,2025/26,2025,Quarter-finals,,Thu,2026-04-16,20:00,eng,Aston Villa,4,4–0,it,Bologna,0,41662,Villa Park,Jose Maria Sánchez,Leg 2 of 2; Aston Villa won,main stage,False,False,,,
Conference League,2025/26,2025,Quarter-finals,,Thu,2026-04-16,20:00,eng,Nottingham,1,1–0,pt,Porto,0,29560,The City Ground,Danny Makkelie,Leg 2 of 2; Nottingham won,main stage,False,False,,,
Conference League,2025/26,2025,Quarter-finals,,Thu,2026-04-16,21:00,es,Real Betis,2,2–4,pt,Braga,4,66694,Estadio La Cartuja de Sevilla,Davide Massa,Leg 2 of 2; Braga won,main stage,False,False,,,
Conference League,2025/26,2025,Semi-finals,,Thu,2026-04-30,20:00,pt,Braga,2,2–1,de,Freiburg,1,27161,Estádio Municipal de Braga,Anthony Taylor,Leg 1 of 2,main stage,False,False,,,
Conference League,2025/26,2025,Semi-finals,,Thu,2026-04-30,20:00,eng,Nottingham,1,1–0,eng,Aston Villa,0,29790,The City Ground,João Pinheiro,Leg 1 of 2,main stage,False,False,,,
Conference League,2025/26,2025,Semi-finals,,Thu,2026-05-07,20:00,eng,Aston Villa,4,4–0,eng,Nottingham,0,43028,Villa Park,Glenn Nyberg,Leg 2 of 2; Aston Villa won,main stage,False,False,,,
Conference League,2025/26,2025,Semi-finals,,Thu,2026-05-07,21:00,de,Freiburg,3,3–1,pt,Braga,1,33700,Europa-Park Stadion,Davide Massa,Leg 2 of 2; Freiburg won,main stage,False,False,,,
Conference League,2025/26,2025,Final,,Wed,2026-05-20,22:00,de,Freiburg,0,0–3,eng,Aston Villa,3,37324,Tüpraş Stadyumu (Neutral Site),François Letexier,,main stage,,,,,
Conference League,2025/26,2025,First qualifying round,,Thu,2025-07-10,19:00,hu,Paks,0,0–0,ro,CFR Cluj,0,3916,Paksi FC Stadion,Pavle Ilić,Leg 1 of 2,qualification,False,False,,,
Conference League,2025/26,2025,First qualifying round,,Thu,2025-07-10,19:30,cy,AEK Larnaca,1,1–0,rs,Partizan,0,4127,AEK Arena - George Karapatakis,Jakob Karlsen,Leg 1 of 2,qualification,False,False,,,
Conference League,2025/26,2025,First qualifying round,,Thu,2025-07-10,20:00,md,Sheriff Tiraspol,4,4–0,xk,FC Prishtina,0,6223,Bolshaya Sportivnaya Arena,Dario Bel,Leg 1 of 2,qualification,False,False,,,
Conference League,2025/26,2025,First qualifying round,,Thu,2025-07-10,20:00,ua,Shakhtar D.,6,6–0,fi,Ilves,0,650,Stadion Stožice,Marc Nagtegaal,Leg 1 of 2,qualification,False,False,,,
Conference League,2025/26,2025,First qualifying round,,Thu,2025-07-10,20:00,az,Sabah FK,2,2–3,si,NK Celje,3,7000,Bank Respublika Arena,Daniyar Sakhi,Leg 1 of 2,qualification,False,False,,,
Conference League,2025/26,2025,First qualifying round,,Thu,2025-07-10,20:15,sk,Spartak Trnava,0,0–1,se,BK Häcken,1,10125,City Arena Trnava,Bence Csonka,Leg 1 of 2,qualification,False,False,,,
Conference League,2025/26,2025,First qualifying round,,Thu,2025-07-10,20:30,bg,Levski Sofia,0,0–0,il,H. Be'er Sheva,0,15467,Stadion Georgi Asparuhov,Ladislav Szikszay,Leg 1 of 2,qualification,False,False,,,
Conference League,2025/26,2025,First qualifying round,,Thu,2025-07-10,21:00,pl,Legia Warsaw,1,1–0,kz,FC Aktobe,0,12239,Stadion Miejski Legii Warszawa im. Marsz...,Dalibor Černý,Leg 1 of 2,qualification,False,False,,,
Conference League,2025/26,2025,First qualifying round,,Thu,2025-07-17,19:00,se,BK Häcken,2,2–2,sk,Spartak Trnava,2,3636,Bravida Arena,Ívar Orri Kristjánsson,Leg 2 of 2; BK Häcken won,qualification,False,False,,,
Conference League,2025/26,2025,First qualifying round,,Thu,2025-07-17,19:00,fi,Ilves,0,0–0,ua,Shakhtar D.,0,7315,Tammelan Stadion,Mohammad Aslam,Leg 2 of 2; Shakhtar D. won,qualification,False,False,,,
Conference League,2025/26,2025,First qualifying round,,Thu,2025-07-17,20:00,si,NK Celje,3,3–3,az,Sabah FK,3,3068,Stadion Z'dežele,Dragomir Draganov,Leg 2 of 2; NK Celje won; Required Extra Time,qualification,True,False,,,
Conference League,2025/26,2025,First qualifying round,,Thu,2025-07-17,20:00,il,H. Be'er Sheva,1,(1) 1–1 (3),bg,Levski Sofia,1,721,Városi stadion,Florian Badstübner,Leg 2 of 2; Levski Sofia won; Levski Sofia won a penalty shoot-out following extra time,qualification,True,True,1 - 3,1,3
Conference League,2025/26,2025,First qualifying round,,Thu,2025-07-17,20:00,xk,FC Prishtina,2,2–1,md,Sheriff Tiraspol,1,1320,Stadiumi Fadil Vokrri,Henrik Nalbandyan,Leg 2 of 2; Sheriff Tiraspol won,qualification,False,False,,,
Conference League,2025/26,2025,First qualifying round,,Thu,2025-07-17,20:30,ro,CFR Cluj,3,3–0,hu,Paks,0,6512,Stadionul Dr. Constantin Rădulescu,Kyriakos Athanasiou,Leg 2 of 2; CFR Cluj won,qualification,False,False,,,
Conference League,2025/26,2025,First qualifying round,,Thu,2025-07-17,21:00,rs,Partizan,2,(5) 2–1 (6),cy,AEK Larnaca,1,23253,Stadion Partizana,Gustavo Correia,Leg 2 of 2; AEK Larnaca won; AEK Larnaca won a penalty shoot-out following extra time,qualification,True,True,5 - 6,5,6
Conference League,2025/26,2025,First qualifying round,,Thu,2025-07-17,21:00,kz,FC Aktobe,0,0–1,pl,Legia Warsaw,1,12190,Ortalıq Stadion,Granit Maqedonci,Leg 2 of 2; Legia Warsaw won,qualification,False,False,,,
Conference League,2025/26,2025,Second qualifying round,,Thu,2025-07-24,19:00,cz,Baník Ostrava,2,2–2,pl,Legia Warsaw,2,15047,Městský stadion - Vítkovice Aréna,Christian-Petru Ciochirca,Leg 1 of 2,qualification,False,False,,,
Conference League,2025/26,2025,Second qualifying round,,Thu,2025-07-24,19:30,dk,Midtjylland,1,1–1,sct,Hibernian,1,8863,MCH Arena,Robert Schröder,Leg 1 of 2,qualification,False,False,,,
Conference League,2025/26,2025,Second qualifying round,,Thu,2025-07-24,20:00,be,Anderlecht,1,1–0,se,BK Häcken,0,12291,Lotto Park,Eldorjan Hamiti,Leg 1 of 2,qualification,False,False,,,
Conference League,2025/26,2025,Second qualifying round,,Thu,2025-07-24,20:00,md,Sheriff Tiraspol,1,1–3,nl,Utrecht,3,2674,Stadionul Central Nisporeni,Philip Farrugia,Leg 1 of 2,qualification,False,False,,,
Conference League,2025/26,2025,Second qualifying round,,Thu,2025-07-24,20:00,si,NK Celje,1,1–1,cy,AEK Larnaca,1,3145,Stadion Z'dežele,Bastien Dechepy,Leg 1 of 2,qualification,False,False,,,
Conference League,2025/26,2025,Second qualifying round,,Thu,2025-07-24,20:30,bg,Levski Sofia,0,0–0,pt,Braga,0,16040,Stadion Georgi Asparuhov,Matteo Marchetti,Leg 1 of 2,qualification,False,False,,,
Conference League,2025/26,2025,Second qualifying round,,Thu,2025-07-24,20:30,ch,Lugano,0,0–0,ro,CFR Cluj,0,941,Stockhorn Arena,Darren England,Leg 1 of 2,qualification,False,False,,,
Conference League,2025/26,2025,Second qualifying round,,Thu,2025-07-24,21:00,tr,Beşiktaş,2,2–4,ua,Shakhtar D.,4,31739,Tüpraş Stadyumu,Georgi Kabakov,Leg 1 of 2,qualification,False,False,,,
Conference League,2025/26,2025,Second qualifying round,,Thu,2025-07-31,19:00,se,BK Häcken,2,(4) 2–1 (2),be,Anderlecht,1,4016,Bravida Arena,Patrik Kolarić,Leg 2 of 2; BK Häcken won; BK Häcken won a penalty shoot-out following extra time,qualification,True,True,4 - 2,4,2
Conference League,2025/26,2025,Second qualifying round,,Thu,2025-07-31,19:30,cy,AEK Larnaca,2,2–1,si,NK Celje,1,4108,AEK Arena - George Karapatakis,Chris Kavanagh,Leg 2 of 2; AEK Larnaca won,qualification,False,False,,,
Conference League,2025/26,2025,Second qualifying round,,Thu,2025-07-31,20:00,sct,Hibernian,1,1–2,dk,Midtjylland,2,19536,Easter Road Stadium,Gustavo Correia,Leg 2 of 2; Midtjylland won; Required Extra Time,qualification,True,False,,,
Conference League,2025/26,2025,Second qualifying round,,Thu,2025-07-31,20:00,pt,Braga,1,1–0,bg,Levski Sofia,0,16711,Estádio Municipal de Braga,Lothar D'Hondt,Leg 2 of 2; Braga won; Required Extra Time,qualification,True,False,,,
Conference League,2025/26,2025,Second qualifying round,,Thu,2025-07-31,20:00,nl,Utrecht,4,4–1,md,Sheriff Tiraspol,1,21611,Stadion Galgenwaard,Chrysovalantis Theouli,Leg 2 of 2; Utrecht won,qualification,False,False,,,
Conference League,2025/26,2025,Second qualifying round,,Thu,2025-07-31,20:00,ua,Shakhtar D.,2,2–0,tr,Beşiktaş,0,12828,Stadion Miejski im. Henryka Reymana,Juan Martínez,Leg 2 of 2; Shakhtar D. won,qualification,False,False,,,
Conference League,2025/26,2025,Second qualifying round,,Thu,2025-07-31,20:30,ro,CFR Cluj,1,1–0,ch,Lugano,0,8564,Stadionul Dr. Constantin Rădulescu,Allard Lindhout,Leg 2 of 2; CFR Cluj won; Required Extra Time,qualification,True,False,,,
Conference League,2025/26,2025,Second qualifying round,,Thu,2025-07-31,21:00,pl,Legia Warsaw,2,2–1,cz,Baník Ostrava,1,20226,Stadion Miejski Legii Warszawa im. Marsz...,Novak Simović,Leg 2 of 2; Legia Warsaw won,qualification,False,False,,,
Conference League,2025/26,2025,Third qualifying round,,Tue,2025-08-05,19:00,mt,Ħamrun Spartans,1,1–2,il,Maccabi Tel Aviv,2,1097,Ta'Qali National Stadium,Kristo Tohver,Leg 1 of 2,qualification,False,False,,,
Conference League,2025/26,2025,Third qualifying round,,Wed,2025-08-06,20:00,lv,RFS,1,1–2,fi,KuPS,2,1584,LNK Sporta Parks,Əliyar Ağayev,Leg 1 of 2,qualification,False,False,,,
Conference League,2025/26,2025,Third qualifying round,,Wed,2025-08-06,20:45,hr,Rijeka,1,1–2,ie,Shelbourne FC,2,6495,Stadion HNK Rijeka,Ricardo de Burgos,Leg 1 of 2,qualification,False,False,,,
Conference League,2025/26,2025,Third qualifying round,,Thu,2025-08-07,18:00,gi,Lincoln FC,1,1–1,am,FC Noah,1,728,Europa Point Stadium,Filip Glova,Leg 1 of 2,qualification,False,False,,,
Conference League,2025/26,2025,Third qualifying round,,Thu,2025-08-07,18:00,no,Fredrikstad,1,1–3,dk,Midtjylland,3,8779,Nye Fredrikstad Stadion,Igor Pajač,Leg 1 of 2,qualification,False,False,,,
Conference League,2025/26,2025,Third qualifying round,,Thu,2025-08-07,19:00,se,BK Häcken,0,0–2,no,Brann,2,4516,Bravida Arena,Georgi Kabakov,Leg 1 of 2,qualification,False,False,,,
Conference League,2025/26,2025,Third qualifying round,,Thu,2025-08-07,19:30,ro,CFR Cluj,1,1–2,pt,Braga,2,10383,Stadionul Dr. Constantin Rădulescu,Elçin Məsiyev,Leg 1 of 2,qualification,False,False,,,
Conference League,2025/26,2025,Third qualifying round,,Thu,2025-08-07,19:30,cy,AEK Larnaca,4,4–1,pl,Legia Warsaw,1,4102,AEK Arena - George Karapatakis,Horațiu Fesnic,Leg 1 of 2,qualification,False,False,,,
Conference League,2025/26,2025,Third qualifying round,,Thu,2025-08-07,20:00,ba,Zrinjski Mostar,1,1–1,is,Breiðablik,1,5600,Stadion Bijeli Brijeg,Enea Jorgji,Leg 1 of 2,qualification,False,False,,,
Conference League,2025/26,2025,Third qualifying round,,Thu,2025-08-07,20:30,gr,PAOK,0,0–0,at,RZ Pellets WAC,0,21340,Stadio Toumbas,Morten Krogh,Leg 1 of 2,qualification,False,False,,,
Conference League,2025/26,2025,Third qualifying round,,Thu,2025-08-07,20:30,ch,Servette FC,1,1–3,nl,Utrecht,3,11744,Stade de Genève,Harm Osmers,Leg 1 of 2,qualification,False,False,,,
Conference League,2025/26,2025,Third qualifying round,,Thu,2025-08-07,21:00,gr,Panathinaikos,0,0–0,ua,Shakhtar D.,0,20636,Olympiako Stadio Spyros Louis,Erik Lambrechts,Leg 1 of 2,qualification,False,False,,,
Conference League,2025/26,2025,Third qualifying round,,Thu,2025-08-07,21:30,ro,FCSB,3,3–2,xk,KF Drita,2,13825,Arena Naţională,Damian Sylwestrzak,Leg 1 of 2,qualification,False,False,,,
Conference League,2025/26,2025,Third qualifying round,,Tue,2025-08-12,19:45,ie,Shelbourne FC,1,1–3,hr,Rijeka,3,3655,Tolka Park,Marian Barbu,Leg 2 of 2; Rijeka won,qualification,False,False,,,
Conference League,2025/26,2025,Third qualifying round,,Thu,2025-08-14,17:30,is,Breiðablik,1,1–2,ba,Zrinjski Mostar,2,1252,Kópavogsvöllur,Anastasios Papapetrou,Leg 2 of 2; Zrinjski Mostar won,qualification,False,False,,,
Conference League,2025/26,2025,Third qualifying round,,Thu,2025-08-14,18:00,dk,Midtjylland,2,2–0,no,Fredrikstad,0,8464,MCH Arena,Julian Weinberger,Leg 2 of 2; Midtjylland won,qualification,False,False,,,
Conference League,2025/26,2025,Third qualifying round,,Thu,2025-08-14,18:00,fi,KuPS,1,1–0,lv,RFS,0,3022,Väre Areena,Balázs Berke,Leg 2 of 2; KuPS won,qualification,False,False,,,
Conference League,2025/26,2025,Third qualifying round,,Thu,2025-08-14,19:00,no,Brann,0,0–1,se,BK Häcken,1,14750,Brann Stadion,Nick Walsh,Leg 2 of 2; Brann won,qualification,False,False,,,
Conference League,2025/26,2025,Third qualifying round,,Thu,2025-08-14,19:00,at,RZ Pellets WAC,0,0–1,gr,PAOK,1,6720,28 Black Arena,Orel Grinfeeld,Leg 2 of 2; PAOK won; Required Extra Time,qualification,True,False,,,
Conference League,2025/26,2025,Third qualifying round,,Thu,2025-08-14,19:30,pt,Braga,2,2–0,ro,CFR Cluj,0,16168,Estádio Municipal de Braga,Sascha Stegemann,Leg 2 of 2; Braga won,qualification,False,False,,,
Conference League,2025/26,2025,Third qualifying round,,Thu,2025-08-14,20:00,ua,Shakhtar D.,0,(3) 0–0 (4),gr,Panathinaikos,0,13387,Stadion Miejski im. Henryka Reymana,Daniel Siebert,Leg 2 of 2; Panathinaikos won; Panathinaikos won a penalty shoot-out following extra time,qualification,True,True,3 - 4,3,4
Conference League,2025/26,2025,Third qualifying round,,Thu,2025-08-14,20:00,xk,KF Drita,1,1–3,ro,FCSB,3,6530,Stadiumi Fadil Vokrri,Sandro Schärer,Leg 2 of 2; FCSB won,qualification,False,False,,,
Conference League,2025/26,2025,Third qualifying round,,Thu,2025-08-14,20:00,il,Maccabi Tel Aviv,3,3–1,mt,Ħamrun Spartans,1,145,TSC Arena,Rohit Saggi,Leg 2 of 2; Maccabi Tel Aviv won,qualification,False,False,,,
Conference League,2025/26,2025,Third qualifying round,,Thu,2025-08-14,20:00,nl,Utrecht,2,2–1,ch,Servette FC,1,21800,Stadion Galgenwaard,Chris Kavanagh,Leg 2 of 2; Utrecht won,qualification,False,False,,,
Conference League,2025/26,2025,Third qualifying round,,Thu,2025-08-14,21:00,am,FC Noah,0,(5) 0–0 (6),gi,Lincoln FC,0,3100,Kotaik,Sebastian Gishamer,Leg 2 of 2; Lincoln FC won; Lincoln FC won a penalty shoot-out following extra time,qualification,True,True,5 - 6,5,6
Conference League,2025/26,2025,Third qualifying round,,Thu,2025-08-14,21:00,pl,Legia Warsaw,2,2–1,cy,AEK Larnaca,1,23673,Stadion Miejski Legii Warszawa im. Marsz...,Andris Treimanis,Leg 2 of 2; AEK Larnaca won,qualification,False,False,,,
Conference League,2025/26,2025,Play-off round,,Thu,2025-08-21,18:30,dk,Midtjylland,4,4–0,fi,KuPS,0,7408,MCH Arena,Srđan Jovanović,Leg 1 of 2,qualification,False,False,,,
Conference League,2025/26,2025,Play-off round,,Thu,2025-08-21,19:00,no,Brann,2,2–1,cy,AEK Larnaca,1,14750,Brann Stadion,Marco Guida,Leg 1 of 2,qualification,False,False,,,
Conference League,2025/26,2025,Play-off round,,Thu,2025-08-21,19:00,se,Malmö,3,3–0,cz,Sigma Olomouc,0,12355,Eleda Stadion,Tobias Stieler,Leg 1 of 2,qualification,False,False,,,
Conference League,2025/26,2025,Play-off round,,Thu,2025-08-21,19:45,sct,Aberdeen,2,2–2,ro,FCSB,2,17551,Pittodrie Stadium,Serdar Gözübüyük,Leg 1 of 2,qualification,False,False,,,
Conference League,2025/26,2025,Play-off round,,Thu,2025-08-21,20:00,ba,Zrinjski Mostar,0,0–2,nl,Utrecht,2,4400,Stadion Bijeli Brijeg,Georgi Kabakov,Leg 1 of 2,qualification,False,False,,,
Conference League,2025/26,2025,Play-off round,,Thu,2025-08-21,20:00,gi,Lincoln FC,0,0–4,pt,Braga,4,1988,Estádio Algarve,Morten Krogh,Leg 1 of 2,qualification,False,False,,,
Conference League,2025/26,2025,Play-off round,,Thu,2025-08-21,20:00,mk,FK Shkëndija,2,2–1,bg,Ludogorets,1,3720,Nationala Arena Toše Proeski,Chris Kavanagh,Leg 1 of 2,qualification,False,False,,,
Conference League,2025/26,2025,Play-off round,,Thu,2025-08-21,20:15,il,Maccabi Tel Aviv,3,3–1,ua,Dynamo Kyiv,1,115,TSC Arena,Giorgi Kruashvili,Leg 1 of 2,qualification,False,False,,,
Conference League,2025/26,2025,Play-off round,,Thu,2025-08-21,20:15,sk,Slovan Bratislava,0,0–1,ch,Young Boys,1,15008,Štadión Tehelné pole,Sascha Stegemann,Leg 1 of 2,qualification,False,False,,,
Conference League,2025/26,2025,Play-off round,,Thu,2025-08-21,20:30,pl,Lech Poznań,1,1–5,be,Genk,5,25443,ENEA Stadion,Donatas Rumšas,Leg 1 of 2,qualification,False,False,,,
Conference League,2025/26,2025,Play-off round,,Thu,2025-08-21,20:45,hr,Rijeka,1,1–0,gr,PAOK,0,6882,Stadion HNK Rijeka,Ivan Kružliak,Leg 1 of 2,qualification,False,False,,,
Conference League,2025/26,2025,Play-off round,,Thu,2025-08-21,21:00,gr,Panathinaikos,2,2–1,tr,Samsunspor,1,24000,Olympiako Stadio Spyros Louis,Juan Martínez,Leg 1 of 2,qualification,False,False,,,
Conference League,2025/26,2025,Play-off round,,Wed,2025-08-27,19:30,cy,AEK Larnaca,0,0–4,no,Brann,4,4665,AEK Arena - George Karapatakis,Danny Makkelie,Leg 2 of 2; Brann won,qualification,False,False,,,
Conference League,2025/26,2025,Play-off round,,Thu,2025-08-28,18:00,fi,KuPS,0,0–2,dk,Midtjylland,2,1734,Väre Areena,Simone Sozza,Leg 2 of 2; Midtjylland won,qualification,False,False,,,
Conference League,2025/26,2025,Play-off round,,Thu,2025-08-28,18:30,cz,Sigma Olomouc,0,0–2,se,Malmö,2,9508,Andrův stadion,Radu Petrescu,Leg 2 of 2; Malmö won,qualification,False,False,,,
Conference League,2025/26,2025,Play-off round,,Thu,2025-08-28,20:00,be,Genk,1,1–2,pl,Lech Poznań,2,12913,Cegeka Arena,Davide Massa,Leg 2 of 2; Genk won,qualification,False,False,,,
Conference League,2025/26,2025,Play-off round,,Thu,2025-08-28,20:00,ua,Dynamo Kyiv,1,1–0,il,Maccabi Tel Aviv,0,1537,Motor Lublin Arena,Nikola Dabanović,Leg 2 of 2; Maccabi Tel Aviv won,qualification,False,False,,,
Conference League,2025/26,2025,Play-off round,,Thu,2025-08-28,20:00,pt,Braga,5,5–1,gi,Lincoln FC,1,12125,Estádio Municipal de Braga,Erik Lambrechts,Leg 2 of 2; Braga won,qualification,False,False,,,
Conference League,2025/26,2025,Play-off round,,Thu,2025-08-28,20:00,nl,Utrecht,0,0–0,ba,Zrinjski Mostar,0,21594,Stadion Galgenwaard,Benoît Bastien,Leg 2 of 2; Utrecht won,qualification,False,False,,,
Conference League,2025/26,2025,Play-off round,,Thu,2025-08-28,20:00,tr,Samsunspor,0,0–0,gr,Panathinaikos,0,24914,Yeni 19 Mayıs Stadyumu,Irfan Peljto,Leg 2 of 2; Panathinaikos won,qualification,False,False,,,
Conference League,2025/26,2025,Play-off round,,Thu,2025-08-28,20:00,ch,Young Boys,3,3–2,sk,Slovan Bratislava,2,13806,Stadion Wankdorf,Rade Obrenović,Leg 2 of 2; Young Boys won,qualification,False,False,,,
Conference League,2025/26,2025,Play-off round,,Thu,2025-08-28,20:30,gr,PAOK,5,5–0,hr,Rijeka,0,24223,Stadio Toumbas,Jose Maria Sánchez,Leg 2 of 2; PAOK won,qualification,False,False,,,
Conference League,2025/26,2025,Play-off round,,Thu,2025-08-28,20:30,bg,Ludogorets,4,4–1,mk,FK Shkëndija,1,4784,Huvepharma Arena,Urs Schnyder,Leg 2 of 2; Ludogorets won; Required Extra Time,qualification,True,False,,,
Conference League,2025/26,2025,Play-off round,,Thu,2025-08-28,21:30,ro,FCSB,3,3–0,sct,Aberdeen,0,35341,Arena Naţională,Espen Eskås,Leg 2 of 2; FCSB won,qualification,False,False,,,
Conference League,2026/27,2026,,1,Wed,2026-09-16,19:45,cy,AC Omonia,1,1–0,es,Celta Vigo,0,11271,Neo GSP,Balázs Berke,,main stage,,,,,
Conference League,2026/27,2026,,1,Wed,2026-09-16,20:00,eng,Sunderland,1,1–0,nl,AZ Alkmaar,0,45555,Stadium of Light,Jérémie Pignard,,main stage,,,,,
Conference League,2026/27,2026,,1,Wed,2026-09-16,20:45,am,Ararat-Armenia,1,1–4,cz,Sparta Prague,4,11400,Vazgen Sargsyan anvan Hanrapetakan Marza...,Mohammed Al Hakim,,main stage,,,,,
Conference League,2026/27,2026,,1,Wed,2026-09-16,21:00,it,Milan,0,0–2,pt,Benfica,2,68393,Stadio Giuseppe Meazza,Jarred Gillett,,main stage,,,,,
Conference League,2026/27,2026,,1,Wed,2026-09-16,21:00,at,Sturm Graz,0,0–0,fr,Rennes,0,13109,Merkur Arena,Manfredas Lukjančukas,,main stage,,,,,
Conference League,2026/27,2026,,1,Wed,2026-09-16,21:00,de,Leverkusen,2,2–0,si,NK Celje,0,27945,BayArena,Jasper Vergoote,,main stage,,,,,
Conference League,2026/27,2026,,1,Wed,2026-09-16,21:00,be,Anderlecht,1,1–2,fr,Lyon,2,16337,Lotto Park,Ricardo de Burgos,,main stage,,,,,
Conference League,2026/27,2026,,1,Wed,2026-09-16,22:00,il,H. Be'er Sheva,0,0–0,hr,Dinamo Zagreb,0,1102,Superbet Arena-Giulești,John Brooks,,main stage,,,,,
Conference League,2026/27,2026,,1,Wed,2026-09-16,22:00,gr,Olympiacos,2,2–1,pl,Jagiellonia,1,30540,Stadio Georgios Karaiskáki,Harm Osmers,,main stage,,,,,
Conference League,2026/27,2026,,1,Thu,2026-09-17,19:45,bg,Levski Sofia,0,0–1,at,RB Salzburg,1,22378,Stadion Vasil Levski,Mohammad Al Emara,,main stage,,,,,
Conference League,2026/27,2026,,1,Thu,2026-09-17,19:45,gr,OFI Crete,2,2–0,de,Hoffenheim,0,14909,Pankritio Stadio,Javier Alberola,,main stage,,,,,
Conference League,2026/27,2026,,1,Thu,2026-09-17,20:00,eng,Crystal Palace,4,4–0,pl,Lech Poznań,0,18117,Selhurst Park,Michal Očenáš,,main stage,,,,,
Conference League,2026/27,2026,,1,Thu,2026-09-17,20:00,sct,Celtic,1,1–3,hu,Ferencváros,3,48223,Celtic Park,Patrik Kolarić,,main stage,,,,,
Conference League,2026/27,2026,,1,Thu,2026-09-17,21:00,no,Lillestrøm,1,1–2,pt,Torreense,2,6568,Åråsen Stadion,Ondřej Berka,,main stage,,,,,
Conference League,2026/27,2026,,1,Thu,2026-09-17,21:00,es,Real Sociedad,1,1–2,eng,Bournemouth,2,30020,Reale Arena,Paweł Raczkowski,,main stage,,,,,
Conference League,2026/27,2026,,1,Thu,2026-09-17,21:00,it,Juventus,5,5–0,nl,NEC Nijmegen,0,41407,Allianz Stadium,Oleksii Derevinskyi,,main stage,,,,,
Conference League,2026/27,2026,,1,Thu,2026-09-17,21:00,cz,Viktoria Plzeň,0,0–3,be,Union SG,3,8211,Doosan Arena,Igal Frid,,main stage,,,,,
Conference League,2026/27,2026,,1,Thu,2026-09-17,22:00,tr,Beşiktaş,4,4–1,fr,Marseille,1,39831,Tüpraş Stadyumu,Andrea Colombo,,main stage,,,,,
Conference League,2026/27,2026,,2,Thu,2026-10-15,17:45,pt,Torreense,,,eng,Sunderland,,,Estádio Dr. Magalhães Pessoa,,,main stage,,,,,
Conference League,2026/27,2026,,2,Thu,2026-10-15,18:45,fr,Lyon,,,eng,Crystal Palace,,,Groupama Stadium,,,main stage,,,,,
Conference League,2026/27,2026,,2,Thu,2026-10-15,18:45,nl,AZ Alkmaar,,,il,H. Be'er Sheva,,,AFAS Stadion,,,main stage,,,,,
Conference League,2026/27,2026,,2,Thu,2026-10-15,18:45,at,RB Salzburg,,,it,Milan,,,Red Bull Arena,,,main stage,,,,,
Conference League,2026/27,2026,,2,Thu,2026-10-15,18:45,pl,Lech Poznań,,,de,Leverkusen,,,ENEA Stadion,,,main stage,,,,,
Conference League,2026/27,2026,,2,Thu,2026-10-15,18:45,si,NK Celje,,,cy,AC Omonia,,,Stadion Z'dežele,,,main stage,,,,,
Conference League,2026/27,2026,,2,Thu,2026-10-15,18:45,cz,Sparta Prague,,,no,Lillestrøm,,,epet Arena,,,main stage,,,,,
Conference League,2026/27,2026,,2,Thu,2026-10-15,18:45,be,Union SG,,,es,Real Sociedad,,,King Power at Den Dreef Stadion,,,main stage,,,,,
Conference League,2026/27,2026,,2,Thu,2026-10-15,20:00,pt,Benfica,,,sct,Celtic,,,Estádio do Sport Lisboa e Benfica,,,main stage,,,,,
Conference League,2026/27,2026,,2,Thu,2026-10-15,20:00,eng,Bournemouth,,,at,Sturm Graz,,,Vitality Stadium,,,main stage,,,,,
Conference League,2026/27,2026,,2,Thu,2026-10-15,21:00,hu,Ferencváros,,,cz,Viktoria Plzeň,,,Groupama Arena,,,main stage,,,,,
Conference League,2026/27,2026,,2,Thu,2026-10-15,21:00,fr,Marseille,,,gr,Olympiacos,,,Orange Vélodrome,,,main stage,,,,,
Conference League,2026/27,2026,,2,Thu,2026-10-15,21:00,nl,NEC Nijmegen,,,bg,Levski Sofia,,,Goffertstadion,,,main stage,,,,,
Conference League,2026/27,2026,,2,Thu,2026-10-15,21:00,es,Celta Vigo,,,it,Juventus,,,Estadio Abanca Balaídos,,,main stage,,,,,
Conference League,2026/27,2026,,2,Thu,2026-10-15,21:00,fr,Rennes,,,gr,OFI Crete,,,Roazhon Park,,,main stage,,,,,
Conference League,2026/27,2026,,2,Thu,2026-10-15,21:00,hr,Dinamo Zagreb,,,be,Anderlecht,,,Stadion Maksimir,,,main stage,,,,,
Conference League,2026/27,2026,,2,Thu,2026-10-15,21:00,pl,Jagiellonia,,,am,Ararat-Armenia,,,Chorten Arena,,,main stage,,,,,
Conference League,2026/27,2026,,2,Thu,2026-10-15,21:00,de,Hoffenheim,,,tr,Beşiktaş,,,PreZero Arena,,,main stage,,,,,
Conference League,2026/27,2026,,3,Thu,2026-10-22,18:45,hu,Ferencváros,,,pt,Torreense,,,Groupama Arena,,,main stage,,,,,
Conference League,2026/27,2026,,3,Thu,2026-10-22,18:45,hr,Dinamo Zagreb,,,nl,NEC Nijmegen,,,Stadion Maksimir,,,main stage,,,,,
Conference League,2026/27,2026,,3,Thu,2026-10-22,18:45,pl,Lech Poznań,,,eng,Sunderland,,,ENEA Stadion,,,main stage,,,,,
Conference League,2026/27,2026,,3,Thu,2026-10-22,18:45,it,Juventus,,,fr,Rennes,,,Allianz Stadium,,,main stage,,,,,
Conference League,2026/27,2026,,3,Thu,2026-10-22,18:45,at,Sturm Graz,,,fr,Marseille,,,Merkur Arena,,,main stage,,,,,
Conference League,2026/27,2026,,3,Thu,2026-10-22,18:45,be,Union SG,,,il,H. Be'er Sheva,,,King Power at Den Dreef Stadion,,,main stage,,,,,
Conference League,2026/27,2026,,3,Thu,2026-10-22,19:45,gr,OFI Crete,,,de,Leverkusen,,,Pankritio Stadio,,,main stage,,,,,
Conference League,2026/27,2026,,3,Thu,2026-10-22,20:00,sct,Celtic,,,es,Celta Vigo,,,Celtic Park,,,main stage,,,,,
Conference League,2026/27,2026,,3,Thu,2026-10-22,20:00,eng,Bournemouth,,,it,Milan,,,Vitality Stadium,,,main stage,,,,,
Conference League,2026/27,2026,,3,Thu,2026-10-22,20:45,am,Ararat-Armenia,,,nl,AZ Alkmaar,,,Vahagn Tumasyan Stadium,,,main stage,,,,,
Conference League,2026/27,2026,,3,Thu,2026-10-22,21:00,de,Hoffenheim,,,fr,Lyon,,,PreZero Arena,,,main stage,,,,,
Conference League,2026/27,2026,,3,Thu,2026-10-22,21:00,cz,Viktoria Plzeň,,,bg,Levski Sofia,,,Doosan Arena,,,main stage,,,,,
Conference League,2026/27,2026,,3,Thu,2026-10-22,21:00,si,NK Celje,,,at,RB Salzburg,,,Stadion Z'dežele,,,main stage,,,,,
Conference League,2026/27,2026,,3,Thu,2026-10-22,21:00,pl,Jagiellonia,,,be,Anderlecht,,,Chorten Arena,,,main stage,,,,,
Conference League,2026/27,2026,,3,Thu,2026-10-22,21:00,no,Lillestrøm,,,es,Real Sociedad,,,Åråsen Stadion,,,main stage,,,,,
Conference League,2026/27,2026,,3,Thu,2026-10-22,22:00,cy,AC Omonia,,,pt,Benfica,,,Neo GSP,,,main stage,,,,,
Conference League,2026/27,2026,,3,Thu,2026-10-22,22:00,tr,Beşiktaş,,,eng,Crystal Palace,,,Tüpraş Stadyumu,,,main stage,,,,,
Conference League,2026/27,2026,,3,Thu,2026-10-22,22:00,gr,Olympiacos,,,cz,Sparta Prague,,,Stadio Georgios Karaiskáki,,,main stage,,,,,
Conference League,2026/27,2026,,4,Thu,2026-11-05,17:45,eng,Crystal Palace,,,de,Hoffenheim,,,Selhurst Park,,,main stage,,,,,
Conference League,2026/27,2026,,4,Thu,2026-11-05,18:45,fr,Rennes,,,gr,Olympiacos,,,Roazhon Park,,,main stage,,,,,
Conference League,2026/27,2026,,4,Thu,2026-11-05,18:45,es,Real Sociedad,,,fr,Lyon,,,Reale Arena,,,main stage,,,,,
Conference League,2026/27,2026,,4,Thu,2026-11-05,18:45,cz,Sparta Prague,,,eng,Bournemouth,,,epet Arena,,,main stage,,,,,
Conference League,2026/27,2026,,4,Thu,2026-11-05,18:45,it,Milan,,,hu,Ferencváros,,,Stadio Giuseppe Meazza,,,main stage,,,,,
Conference League,2026/27,2026,,4,Thu,2026-11-05,18:45,no,Lillestrøm,,,cz,Viktoria Plzeň,,,Åråsen Stadion,,,main stage,,,,,
Conference League,2026/27,2026,,4,Thu,2026-11-05,18:45,be,Anderlecht,,,at,RB Salzburg,,,Lotto Park,,,main stage,,,,,
Conference League,2026/27,2026,,4,Thu,2026-11-05,18:45,nl,NEC Nijmegen,,,cy,AC Omonia,,,Goffertstadion,,,main stage,,,,,
Conference League,2026/27,2026,,4,Thu,2026-11-05,19:45,bg,Levski Sofia,,,pl,Jagiellonia,,,Stadion Georgi Asparuhov,,,main stage,,,,,
Conference League,2026/27,2026,,4,Thu,2026-11-05,20:00,pt,Torreense,,,am,Ararat-Armenia,,,Estádio Dr. Magalhães Pessoa,,,main stage,,,,,
Conference League,2026/27,2026,,4,Thu,2026-11-05,20:00,pt,Benfica,,,pl,Lech Poznań,,,Estádio do Sport Lisboa e Benfica,,,main stage,,,,,
Conference League,2026/27,2026,,4,Thu,2026-11-05,20:00,sct,Celtic,,,tr,Beşiktaş,,,Celtic Park,,,main stage,,,,,
Conference League,2026/27,2026,,4,Thu,2026-11-05,20:00,eng,Sunderland,,,hr,Dinamo Zagreb,,,Stadium of Light,,,main stage,,,,,
Conference League,2026/27,2026,,4,Thu,2026-11-05,21:00,es,Celta Vigo,,,be,Union SG,,,Estadio Abanca Balaídos,,,main stage,,,,,
Conference League,2026/27,2026,,4,Thu,2026-11-05,21:00,nl,AZ Alkmaar,,,it,Juventus,,,AFAS Stadion,,,main stage,,,,,
Conference League,2026/27,2026,,4,Thu,2026-11-05,21:00,at,Sturm Graz,,,si,NK Celje,,,Merkur Arena,,,main stage,,,,,
Conference League,2026/27,2026,,4,Thu,2026-11-05,21:00,de,Leverkusen,,,fr,Marseille,,,BayArena,,,main stage,,,,,
Conference League,2026/27,2026,,4,Thu,2026-11-05,22:00,il,H. Be'er Sheva,,,gr,OFI Crete,,,Superbet Arena-Giulești,,,main stage,,,,,
Conference League,2026/27,2026,,5,Thu,2026-11-26,18:45,fr,Marseille,,,bg,Levski Sofia,,,Orange Vélodrome,,,main stage,,,,,
Conference League,2026/27,2026,,5,Thu,2026-11-26,18:45,cz,Viktoria Plzeň,,,pt,Benfica,,,Doosan Arena,,,main stage,,,,,
Conference League,2026/27,2026,,5,Thu,2026-11-26,18:45,hr,Dinamo Zagreb,,,de,Leverkusen,,,Stadion Maksimir,,,main stage,,,,,
Conference League,2026/27,2026,,5,Thu,2026-11-26,18:45,at,RB Salzburg,,,am,Ararat-Armenia,,,Red Bull Arena,,,main stage,,,,,
Conference League,2026/27,2026,,5,Thu,2026-11-26,18:45,es,Celta Vigo,,,eng,Bournemouth,,,Estadio Abanca Balaídos,,,main stage,,,,,
Conference League,2026/27,2026,,5,Thu,2026-11-26,18:45,be,Union SG,,,pl,Lech Poznań,,,King Power at Den Dreef Stadion,,,main stage,,,,,
Conference League,2026/27,2026,,5,Thu,2026-11-26,19:45,gr,Olympiacos,,,it,Milan,,,Stadio Georgios Karaiskáki,,,main stage,,,,,
Conference League,2026/27,2026,,5,Thu,2026-11-26,20:00,pt,Torreense,,,sct,Celtic,,,Estádio Dr. Magalhães Pessoa,,,main stage,,,,,
Conference League,2026/27,2026,,5,Thu,2026-11-26,20:00,eng,Sunderland,,,pl,Jagiellonia,,,Stadium of Light,,,main stage,,,,,
Conference League,2026/27,2026,,5,Thu,2026-11-26,20:00,eng,Crystal Palace,,,es,Real Sociedad,,,Selhurst Park,,,main stage,,,,,
Conference League,2026/27,2026,,5,Thu,2026-11-26,20:45,tr,Beşiktaş,,,il,H. Be'er Sheva,,,Tüpraş Stadyumu,,,main stage,,,,,
Conference League,2026/27,2026,,5,Thu,2026-11-26,21:00,hu,Ferencváros,,,si,NK Celje,,,Groupama Arena,,,main stage,,,,,
Conference League,2026/27,2026,,5,Thu,2026-11-26,21:00,cz,Sparta Prague,,,nl,AZ Alkmaar,,,epet Arena,,,main stage,,,,,
Conference League,2026/27,2026,,5,Thu,2026-11-26,21:00,it,Juventus,,,cy,AC Omonia,,,Allianz Stadium,,,main stage,,,,,
Conference League,2026/27,2026,,5,Thu,2026-11-26,21:00,fr,Lyon,,,no,Lillestrøm,,,Groupama Stadium,,,main stage,,,,,
Conference League,2026/27,2026,,5,Thu,2026-11-26,21:00,nl,NEC Nijmegen,,,fr,Rennes,,,Goffertstadion,,,main stage,,,,,
Conference League,2026/27,2026,,5,Thu,2026-11-26,21:00,de,Hoffenheim,,,at,Sturm Graz,,,PreZero Arena,,,main stage,,,,,
Conference League,2026/27,2026,,5,Thu,2026-11-26,22:00,gr,OFI Crete,,,be,Anderlecht,,,Pankritio Stadio,,,main stage,,,,,
Conference League,2026/27,2026,,6,Thu,2026-12-10,18:45,pl,Jagiellonia,,,eng,Crystal Palace,,,Chorten Arena,,,main stage,,,,,
Conference League,2026/27,2026,,6,Thu,2026-12-10,18:45,nl,AZ Alkmaar,,,at,Sturm Graz,,,AFAS Stadion,,,main stage,,,,,
Conference League,2026/27,2026,,6,Thu,2026-12-10,18:45,fr,Marseille,,,es,Celta Vigo,,,Orange Vélodrome,,,main stage,,,,,
Conference League,2026/27,2026,,6,Thu,2026-12-10,18:45,fr,Rennes,,,hr,Dinamo Zagreb,,,Roazhon Park,,,main stage,,,,,
Conference League,2026/27,2026,,6,Thu,2026-12-10,18:45,be,Anderlecht,,,de,Hoffenheim,,,Lotto Park,,,main stage,,,,,
Conference League,2026/27,2026,,6,Thu,2026-12-10,19:45,cy,AC Omonia,,,sct,Celtic,,,Neo GSP,,,main stage,,,,,
Conference League,2026/27,2026,,6,Thu,2026-12-10,19:45,il,H. Be'er Sheva,,,it,Juventus,,,Superbet Arena-Giulești,,,main stage,,,,,
Conference League,2026/27,2026,,6,Thu,2026-12-10,20:00,pt,Benfica,,,gr,OFI Crete,,,Estádio do Sport Lisboa e Benfica,,,main stage,,,,,
Conference League,2026/27,2026,,6,Thu,2026-12-10,20:00,eng,Bournemouth,,,cz,Viktoria Plzeň,,,Vitality Stadium,,,main stage,,,,,
Conference League,2026/27,2026,,6,Thu,2026-12-10,21:00,at,RB Salzburg,,,cz,Sparta Prague,,,Red Bull Arena,,,main stage,,,,,
Conference League,2026/27,2026,,6,Thu,2026-12-10,21:00,de,Leverkusen,,,tr,Beşiktaş,,,BayArena,,,main stage,,,,,
Conference League,2026/27,2026,,6,Thu,2026-12-10,21:00,pl,Lech Poznań,,,hu,Ferencváros,,,ENEA Stadion,,,main stage,,,,,
Conference League,2026/27,2026,,6,Thu,2026-12-10,21:00,es,Real Sociedad,,,pt,Torreense,,,Reale Arena,,,main stage,,,,,
Conference League,2026/27,2026,,6,Thu,2026-12-10,21:00,it,Milan,,,eng,Sunderland,,,Stadio Giuseppe Meazza,,,main stage,,,,,
Conference League,2026/27,2026,,6,Thu,2026-12-10,21:00,fr,Lyon,,,be,Union SG,,,Groupama Stadium,,,main stage,,,,,
Conference League,2026/27,2026,,6,Thu,2026-12-10,21:00,si,NK Celje,,,gr,Olympiacos,,,Stadion Z'dežele,,,main stage,,,,,
Conference League,2026/27,2026,,6,Thu,2026-12-10,21:45,am,Ararat-Armenia,,,nl,NEC Nijmegen,,,Vahagn Tumasyan Stadium,,,main stage,,,,,
Conference League,2026/27,2026,,6,Thu,2026-12-10,22:00,bg,Levski Sofia,,,no,Lillestrøm,,,Stadion Georgi Asparuhov,,,main stage,,,,,
Conference League,2026/27,2026,,7,Thu,2027-01-21,18:45,nl,NEC Nijmegen,,,pt,Benfica,,,Goffertstadion,,,main stage,,,,,
Conference League,2026/27,2026,,7,Thu,2027-01-21,18:45,hu,Ferencváros,,,it,Juventus,,,Groupama Arena,,,main stage,,,,,
Conference League,2026/27,2026,,7,Thu,2027-01-21,18:45,pl,Jagiellonia,,,fr,Lyon,,,Chorten Arena,,,main stage,,,,,
Conference League,2026/27,2026,,7,Thu,2027-01-21,18:45,es,Real Sociedad,,,cz,Viktoria Plzeň,,,Reale Arena,,,main stage,,,,,
Conference League,2026/27,2026,,7,Thu,2027-01-21,18:45,no,Lillestrøm,,,eng,Bournemouth,,,Åråsen Stadion,,,main stage,,,,,
Conference League,2026/27,2026,,7,Thu,2027-01-21,18:45,at,Sturm Graz,,,gr,OFI Crete,,,Merkur Arena,,,main stage,,,,,
Conference League,2026/27,2026,,7,Thu,2027-01-21,19:45,gr,Olympiacos,,,de,Hoffenheim,,,Stadio Georgios Karaiskáki,,,main stage,,,,,
Conference League,2026/27,2026,,7,Thu,2027-01-21,20:00,sct,Celtic,,,fr,Marseille,,,Celtic Park,,,main stage,,,,,
Conference League,2026/27,2026,,7,Thu,2027-01-21,20:00,eng,Crystal Palace,,,cz,Sparta Prague,,,Selhurst Park,,,main stage,,,,,
Conference League,2026/27,2026,,7,Thu,2027-01-21,20:45,tr,Beşiktaş,,,be,Union SG,,,Tüpraş Stadyumu,,,main stage,,,,,
Conference League,2026/27,2026,,7,Thu,2027-01-21,21:00,nl,AZ Alkmaar,,,hr,Dinamo Zagreb,,,AFAS Stadion,,,main stage,,,,,
Conference League,2026/27,2026,,7,Thu,2027-01-21,21:00,pl,Lech Poznań,,,pt,Torreense,,,ENEA Stadion,,,main stage,,,,,
Conference League,2026/27,2026,,7,Thu,2027-01-21,21:00,be,Anderlecht,,,eng,Sunderland,,,Lotto Park,,,main stage,,,,,
Conference League,2026/27,2026,,7,Thu,2027-01-21,21:00,de,Leverkusen,,,at,RB Salzburg,,,BayArena,,,main stage,,,,,
Conference League,2026/27,2026,,7,Thu,2027-01-21,21:00,fr,Rennes,,,cy,AC Omonia,,,Roazhon Park,,,main stage,,,,,
Conference League,2026/27,2026,,7,Thu,2027-01-21,21:45,am,Ararat-Armenia,,,si,NK Celje,,,Vahagn Tumasyan Stadium,,,main stage,,,,,
Conference League,2026/27,2026,,7,Thu,2027-01-21,22:00,il,H. Be'er Sheva,,,es,Celta Vigo,,,Superbet Arena-Giulești,,,main stage,,,,,
Conference League,2026/27,2026,,7,Thu,2027-01-21,22:00,bg,Levski Sofia,,,it,Milan,,,Stadion Georgi Asparuhov,,,main stage,,,,,
Conference League,2026/27,2026,,8,Thu,2027-01-28,20:00,eng,Sunderland,,,bg,Levski Sofia,,,Stadium of Light,,,main stage,,,,,
Conference League,2026/27,2026,,8,Thu,2027-01-28,20:00,eng,Bournemouth,,,il,H. Be'er Sheva,,,Vitality Stadium,,,main stage,,,,,
Conference League,2026/27,2026,,8,Thu,2027-01-28,20:00,pt,Benfica,,,nl,AZ Alkmaar,,,Estádio do Sport Lisboa e Benfica,,,main stage,,,,,
Conference League,2026/27,2026,,8,Thu,2027-01-28,20:00,pt,Torreense,,,gr,Olympiacos,,,Estádio Dr. Magalhães Pessoa,,,main stage,,,,,
Conference League,2026/27,2026,,8,Thu,2027-01-28,21:00,fr,Lyon,,,de,Leverkusen,,,Groupama Stadium,,,main stage,,,,,
Conference League,2026/27,2026,,8,Thu,2027-01-28,21:00,si,NK Celje,,,nl,NEC Nijmegen,,,Stadion Z'dežele,,,main stage,,,,,
Conference League,2026/27,2026,,8,Thu,2027-01-28,21:00,it,Milan,,,am,Ararat-Armenia,,,Stadio Giuseppe Meazza,,,main stage,,,,,
Conference League,2026/27,2026,,8,Thu,2027-01-28,21:00,de,Hoffenheim,,,hu,Ferencváros,,,PreZero Arena,,,main stage,,,,,
Conference League,2026/27,2026,,8,Thu,2027-01-28,21:00,fr,Marseille,,,be,Anderlecht,,,Orange Vélodrome,,,main stage,,,,,
Conference League,2026/27,2026,,8,Thu,2027-01-28,21:00,at,RB Salzburg,,,eng,Crystal Palace,,,Red Bull Arena,,,main stage,,,,,
Conference League,2026/27,2026,,8,Thu,2027-01-28,21:00,it,Juventus,,,es,Real Sociedad,,,Allianz Stadium,,,main stage,,,,,
Conference League,2026/27,2026,,8,Thu,2027-01-28,21:00,cz,Sparta Prague,,,fr,Rennes,,,epet Arena,,,main stage,,,,,
Conference League,2026/27,2026,,8,Thu,2027-01-28,21:00,cz,Viktoria Plzeň,,,pl,Jagiellonia,,,Doosan Arena,,,main stage,,,,,
Conference League,2026/27,2026,,8,Thu,2027-01-28,21:00,es,Celta Vigo,,,no,Lillestrøm,,,Estadio Abanca Balaídos,,,main stage,,,,,
Conference League,2026/27,2026,,8,Thu,2027-01-28,21:00,hr,Dinamo Zagreb,,,at,Sturm Graz,,,Stadion Maksimir,,,main stage,,,,,
Conference League,2026/27,2026,,8,Thu,2027-01-28,21:00,be,Union SG,,,sct,Celtic,,,King Power at Den Dreef Stadion,,,main stage,,,,,
Conference League,2026/27,2026,,8,Thu,2027-01-28,22:00,gr,OFI Crete,,,pl,Lech Poznań,,,Pankritio Stadio,,,main stage,,,,,
Conference League,2026/27,2026,,8,Thu,2027-01-28,22:00,cy,AC Omonia,,,tr,Beşiktaş,,,Neo GSP,,,main stage,,,,,
Conference League,2026/27,2026,First qualifying round,,Thu,2026-07-09,19:00,ua,Dynamo Kyiv,0,0–0,ro,Univ. Cluj,0,1795,Motor Lublin Arena,Joonas Jaanovits,Leg 1 of 2,qualification,False,False,,,
Conference League,2026/27,2026,First qualifying round,,Thu,2026-07-09,20:00,hr,Hajduk Split,2,2–0,sk,MŠK Žilina,0,22352,Gradski stadion u Poljudu,Kyriakos Athanasiou,Leg 1 of 2,qualification,False,False,,,
Conference League,2026/27,2026,First qualifying round,,Thu,2026-07-09,20:00,az,Qarabağ,3,3–0,is,ÍF Vestri,0,23549,Tofiq Bəhramov adına Respublika stadionu,Roman Jitari,Leg 1 of 2,qualification,False,False,,,
Conference League,2026/27,2026,First qualifying round,,Thu,2026-07-09,20:00,md,Sheriff Tiraspol,0,0–0,si,Aluminij,0,5634,Bolshaya Sportivnaya Arena,Arnes Talic,Leg 1 of 2,qualification,False,False,,,
Conference League,2026/27,2026,First qualifying round,,Thu,2026-07-09,20:00,rs,Vojvodina,1,1–2,hu,Ferencváros,2,6557,Stadion Karađorđe,Mathieu Vernice,Leg 1 of 2,qualification,False,False,,,
Conference League,2026/27,2026,First qualifying round,,Thu,2026-07-09,21:00,bg,CSKA Sofia,3,3–2,ie,Derry City,2,12713,Stadion Vasil Levski,Visar Kastrati,Leg 1 of 2,qualification,False,False,,,
Conference League,2026/27,2026,First qualifying round,,Thu,2026-07-16,18:30,ie,Derry City,1,1–2,bg,CSKA Sofia,2,4155,The Ryan McBride Brandywell Stadium,Jasmin Šabotić,Leg 2 of 2; CSKA Sofia won,qualification,False,False,,,
Conference League,2026/27,2026,First qualifying round,,Thu,2026-07-16,20:00,is,ÍF Vestri,0,0–3,az,Qarabağ,3,474,AVIS Völlurinn,Marek Radina,Leg 2 of 2; Qarabağ won,qualification,False,False,,,
Conference League,2026/27,2026,First qualifying round,,Thu,2026-07-16,20:00,si,Aluminij,0,0–1,md,Sheriff Tiraspol,1,2000,Ljudski Vrt,Anojen Kanagasingam,Leg 2 of 2; Sheriff Tiraspol won,qualification,False,False,,,
Conference League,2026/27,2026,First qualifying round,,Thu,2026-07-16,20:15,hu,Ferencváros,3,3–0,rs,Vojvodina,0,13901,Groupama Arena,Vitālijs Spasjoņņikovs,Leg 2 of 2; Ferencváros won,qualification,False,False,,,
Conference League,2026/27,2026,First qualifying round,,Thu,2026-07-16,20:30,ro,Univ. Cluj,0,(2) 0–0 (4),ua,Dynamo Kyiv,0,20043,Cluj Arena,Iwan Griffith,Leg 2 of 2; Dynamo Kyiv won; Dynamo Kyiv won a penalty shoot-out following extra time,qualification,True,True,2 - 4,2,4
Conference League,2026/27,2026,First qualifying round,,Thu,2026-07-16,20:30,sk,MŠK Žilina,2,2–1,hr,Hajduk Split,1,7823,Štadión Pod Dubňom,Horațiu Feșnic,Leg 2 of 2; Hajduk Split won,qualification,False,False,,,
Conference League,2026/27,2026,Second qualifying round,,Thu,2026-07-23,19:00,se,Hammarby,1,1–1,be,Anderlecht,1,23572,3Arena,Don Robertson,Leg 1 of 2,qualification,False,False,,,
Conference League,2026/27,2026,Second qualifying round,,Thu,2026-07-23,19:00,ua,Dynamo Kyiv,2,2–3,gr,PAOK,3,3225,Motor Lublin Arena,Sandi Putros,Leg 1 of 2,qualification,False,False,,,
Conference League,2026/27,2026,Second qualifying round,,Thu,2026-07-23,19:00,no,Tromsø,0,0–1,cz,Hradec Králové,1,5082,Romssa Arena,Snir Levi,Leg 1 of 2,qualification,False,False,,,
Conference League,2026/27,2026,Second qualifying round,,Thu,2026-07-23,20:00,md,Sheriff Tiraspol,0,0–5,il,Maccabi Tel Aviv,5,7157,Bolshaya Sportivnaya Arena,Kyriakos Athanasiou,Leg 1 of 2,qualification,False,False,,,
Conference League,2026/27,2026,Second qualifying round,,Thu,2026-07-23,20:00,nl,Twente,1,1–2,hu,Ferencváros,2,27500,De Grolsch Veste,Damian Kos,Leg 1 of 2,qualification,False,False,,,
Conference League,2026/27,2026,Second qualifying round,,Thu,2026-07-23,20:00,az,Qarabağ,0,0–0,bg,CSKA Sofia,0,23813,Tofiq Bəhramov adına Respublika stadionu,Daniele Chiffi,Leg 1 of 2,qualification,False,False,,,
Conference League,2026/27,2026,Second qualifying round,,Thu,2026-07-23,20:00,ch,St. Gallen,2,2–1,pt,Benfica,1,17179,Kybunpark,Luca Pairetto,Leg 1 of 2,qualification,False,False,,,
Conference League,2026/27,2026,Second qualifying round,,Thu,2026-07-23,21:00,hr,Hajduk Split,2,2–0,cy,Pafos FC,0,27752,Gradski stadion u Poljudu,Robert Harvey,Leg 1 of 2,qualification,False,False,,,
Conference League,2026/27,2026,Second qualifying round,,Thu,2026-07-23,21:00,tr,Beşiktaş,1,1–0,dk,Midtjylland,0,31471,Tüpraş Stadyumu,Ricardo de Burgos,Leg 1 of 2,qualification,False,False,,,
Conference League,2026/27,2026,Second qualifying round,,Thu,2026-07-30,19:00,dk,Midtjylland,0,0–2,tr,Beşiktaş,2,10227,MCH Arena,John Brooks,Leg 2 of 2; Beşiktaş won,qualification,False,False,,,
Conference League,2026/27,2026,Second qualifying round,,Thu,2026-07-30,19:00,cz,Hradec Králové,3,3–1,no,Tromsø,1,9300,Malšovická Aréna,Nikola Dabanović,Leg 2 of 2; Hradec Králové won,qualification,False,False,,,
Conference League,2026/27,2026,Second qualifying round,,Thu,2026-07-30,20:00,cy,Pafos FC,4,4–0,hr,Hajduk Split,0,4169,Alphamega Stadium,Paweł Raczkowski,Leg 2 of 2; Pafos FC won; Required Extra Time,qualification,True,False,,,
Conference League,2026/27,2026,Second qualifying round,,Thu,2026-07-30,20:00,il,Maccabi Tel Aviv,1,1–0,md,Sheriff Tiraspol,0,1012,Adjarabet Arena,Mikkel Redder,Leg 2 of 2; Maccabi Tel Aviv won,qualification,False,False,,,
Conference League,2026/27,2026,Second qualifying round,,Thu,2026-07-30,20:00,pt,Benfica,5,5–0,ch,St. Gallen,0,59563,Estádio do Sport Lisboa e Benfica,Florian Badstübner,Leg 2 of 2; Benfica won,qualification,False,False,,,
Conference League,2026/27,2026,Second qualifying round,,Thu,2026-07-30,20:30,hu,Ferencváros,2,2–2,nl,Twente,2,17201,Groupama Arena,Viktor Kopievskii,Leg 2 of 2; Ferencváros won,qualification,False,False,,,
Conference League,2026/27,2026,Second qualifying round,,Thu,2026-07-30,20:30,be,Anderlecht,3,3–1,se,Hammarby,1,18095,Lotto Park,Danilo Nikolić,Leg 2 of 2; Anderlecht won,qualification,False,False,,,
Conference League,2026/27,2026,Second qualifying round,,Thu,2026-07-30,20:45,gr,PAOK,2,2–0,ua,Dynamo Kyiv,0,18760,Stadio Toumbas,Damian Sylwestrzak,Leg 2 of 2; PAOK won,qualification,False,False,,,
Conference League,2026/27,2026,Second qualifying round,,Thu,2026-07-30,21:00,bg,CSKA Sofia,0,(5) 0–0 (4),az,Qarabağ,0,16172,Stadion Vasil Levski,Bram Van Driessche,Leg 2 of 2; CSKA Sofia won; CSKA Sofia won a penalty shoot-out following extra time,qualification,True,True,5 - 4,5,4
Conference League,2026/27,2026,Third qualifying round,,Tue,2026-08-04,20:00,ie,Shamrock,3,3–1,al,FK Egnatia,1,5047,Tallaght Stadium,Andris Treimanis,Leg 1 of 2,qualification,False,False,,,
Conference League,2026/27,2026,Third qualifying round,,Tue,2026-08-04,20:00,nir,Larne FC,0,0–0,ge,Iberia 1999,0,1967,Inver Park,Mohammad Al Emara,Leg 1 of 2,qualification,False,False,,,
Conference League,2026/27,2026,Third qualifying round,,Wed,2026-08-05,20:15,hu,Ferencváros,1,1–0,pl,Górnik Zabrze,0,12870,Groupama Arena,Javier Alberola,Leg 1 of 2,qualification,False,False,,,
Conference League,2026/27,2026,Third qualifying round,,Thu,2026-08-06,18:00,pl,Jagiellonia,2,2–1,sct,Rangers,1,19931,Chorten Arena,Nikola Dabanović,Leg 1 of 2,qualification,False,False,,,
Conference League,2026/27,2026,Third qualifying round,,Thu,2026-08-06,18:00,fi,KuPS,1,1–1,ro,CS U Craiova,1,1757,Väre Areena,Ondřej Berka,Leg 1 of 2,qualification,False,False,,,
Conference League,2026/27,2026,Third qualifying round,,Thu,2026-08-06,19:00,il,Maccabi Tel Aviv,0,0–3,bg,CSKA Sofia,3,119,Adjarabet Arena,Manfredas Lukjančukas,Leg 1 of 2,qualification,False,False,,,
Conference League,2026/27,2026,Third qualifying round,,Thu,2026-08-06,19:00,pl,Lech Poznań,1,1–0,fo,KÍ Klaksvík,0,16541,ENEA Stadion,Orel Grinfeeld,Leg 1 of 2,qualification,False,False,,,
Conference League,2026/27,2026,Third qualifying round,,Thu,2026-08-06,19:00,gi,Lincoln FC,1,1–1,cy,AC Omonia,1,716,Europa Point Stadium,Əliyar Ağayev,Leg 1 of 2,qualification,False,False,,,
Conference League,2026/27,2026,Third qualifying round,,Thu,2026-08-06,19:00,cz,Hradec Králové,0,0–1,tr,Beşiktaş,1,9300,Malšovická Aréna,Horațiu Feșnic,Leg 1 of 2,qualification,False,False,,,
Conference League,2026/27,2026,Third qualifying round,,Thu,2026-08-06,19:00,at,RB Salzburg,1,1–0,cy,Pafos FC,0,7704,Red Bull Arena,Damian Sylwestrzak,Leg 1 of 2,qualification,False,False,,,
Conference League,2026/27,2026,Third qualifying round,,Thu,2026-08-06,20:00,ch,Thun,3,3–0,is,KV,0,6167,Stockhorn Arena,Giorgi Kruashvili,Leg 1 of 2,qualification,False,False,,,
Conference League,2026/27,2026,Third qualifying round,,Thu,2026-08-06,20:00,pt,Benfica,6,6–1,sct,Hearts,1,60776,Estádio do Sport Lisboa e Benfica,Marian Barbu,Leg 1 of 2,qualification,False,False,,,
Conference League,2026/27,2026,Third qualifying round,,Thu,2026-08-06,20:45,gr,PAOK,0,0–1,be,Anderlecht,1,19161,Stadio Toumbas,Juan Martínez,Leg 1 of 2,qualification,False,False,,,
Conference League,2026/27,2026,Third qualifying round,,Tue,2026-08-11,20:00,ge,Iberia 1999,2,2–1,nir,Larne FC,1,40833,Mikheil Meskhis Sakhelobis Stadioni,Rohit Saggi,Leg 2 of 2; Iberia 1999 won; Required Extra Time,qualification,True,False,,,
Conference League,2026/27,2026,Third qualifying round,,Thu,2026-08-13,17:30,is,KV,3,3–2,ch,Thun,2,1108,Víkingsvöllur,Luís Godinho,Leg 2 of 2; Thun won,qualification,False,False,,,
Conference League,2026/27,2026,Third qualifying round,,Thu,2026-08-13,19:00,pl,Górnik Zabrze,1,1–1,hu,Ferencváros,1,23348,Stadion im. Ernesta Pohla,Andrea Colombo,Leg 2 of 2; Ferencváros won,qualification,False,False,,,
Conference League,2026/27,2026,Third qualifying round,,Thu,2026-08-13,19:30,sct,Rangers,1,1–1,pl,Jagiellonia,1,41636,Ibrox Stadium,Vassilis Fotias,Leg 2 of 2; Jagiellonia won,qualification,False,False,,,
Conference League,2026/27,2026,Third qualifying round,,Thu,2026-08-13,19:45,sct,Hearts,1,1–1,pt,Benfica,1,17068,Tynecastle Park,Sander van der Eijk,Leg 2 of 2; Benfica won,qualification,False,False,,,
Conference League,2026/27,2026,Third qualifying round,,Thu,2026-08-13,20:00,cy,Pafos FC,3,3–3,at,RB Salzburg,3,6183,Alphamega Stadium,João Pinheiro,Leg 2 of 2; RB Salzburg won,qualification,False,False,,,
Conference League,2026/27,2026,Third qualifying round,,Thu,2026-08-13,20:00,ro,CS U Craiova,2,2–1,fi,KuPS,1,22132,Stadionul Ion Oblemenco,Nenad Minaković,Leg 2 of 2; CS U Craiova won,qualification,False,False,,,
Conference League,2026/27,2026,Third qualifying round,,Thu,2026-08-13,20:00,cy,AC Omonia,1,1–0,gi,Lincoln FC,0,10691,Neo GSP,Sebastian Gishamer,Leg 2 of 2; AC Omonia won,qualification,False,False,,,
Conference League,2026/27,2026,Third qualifying round,,Thu,2026-08-13,20:00,tr,Beşiktaş,1,1–0,cz,Hradec Králové,0,30929,Tüpraş Stadyumu,Urs Schnyder,Leg 2 of 2; Beşiktaş won,qualification,False,False,,,
Conference League,2026/27,2026,Third qualifying round,,Thu,2026-08-13,20:30,be,Anderlecht,3,3–2,gr,PAOK,2,17976,Lotto Park,Simone Sozza,Leg 2 of 2; Anderlecht won,qualification,False,False,,,
Conference League,2026/27,2026,Third qualifying round,,Thu,2026-08-13,21:00,bg,CSKA Sofia,1,1–3,il,Maccabi Tel Aviv,3,23653,Stadion Vasil Levski,Daniel Schlager,Leg 2 of 2; CSKA Sofia won,qualification,False,False,,,
Conference League,2026/27,2026,Third qualifying round,,Thu,2026-08-13,21:00,al,FK Egnatia,5,5–1,ie,Shamrock,1,4000,Egnatia Arena,Georgi Kabakov,Leg 2 of 2; FK Egnatia won,qualification,False,False,,,
Conference League,2026/27,2026,Third qualifying round,,Fri,2026-08-14,19:00,fo,KÍ Klaksvík,0,0–5,pl,Lech Poznań,5,1465,Tórsvøllur,Igor Pajač,Leg 2 of 2; Lech Poznań won,qualification,False,False,,,
Conference League,2026/27,2026,Play-off round,,Thu,2026-08-20,18:00,se,Mjällby,0,0–1,at,RB Salzburg,1,3079,Strandvallen A-Plan,Mykola Balakin,Leg 1 of 2,qualification,False,False,,,
Conference League,2026/27,2026,Play-off round,,Thu,2026-08-20,18:00,pl,Jagiellonia,4,4–0,ge,Iberia 1999,0,19108,Chorten Arena,Ricardo de Burgos,Leg 1 of 2,qualification,False,False,,,
Conference League,2026/27,2026,Play-off round,,Thu,2026-08-20,19:00,al,FK Egnatia,0,0–0,no,Lillestrøm,0,4000,Egnatia Arena,Willy Delajod,Leg 1 of 2,qualification,False,False,,,
Conference League,2026/27,2026,Play-off round,,Thu,2026-08-20,19:00,pl,Lech Poznań,7,7–0,ch,Thun,0,22241,ENEA Stadion,Sebastian Gishamer,Leg 1 of 2,qualification,False,False,,,
Conference League,2026/27,2026,Play-off round,,Thu,2026-08-20,20:00,kz,FC Kairat,0,0–3,be,Anderlecht,3,17563,Ortalıq Stadion,Chris Kavanagh,Leg 1 of 2,qualification,False,False,,,
Conference League,2026/27,2026,Play-off round,,Thu,2026-08-20,20:00,tr,Beşiktaş,3,3–0,lt,Kauno Žalgiris,0,31494,Tüpraş Stadyumu,Tobias Stieler,Leg 1 of 2,qualification,False,False,,,
Conference League,2026/27,2026,Play-off round,,Thu,2026-08-20,20:00,rs,Red Star,3,3–0,cz,Viktoria Plzeň,0,31418,Stadion Rajko Mitić,Espen Eskås,Leg 1 of 2,qualification,False,False,,,
Conference League,2026/27,2026,Play-off round,,Thu,2026-08-20,20:00,pt,Benfica,3,3–1,dk,AGF,1,59147,Estádio do Sport Lisboa e Benfica,Marco Guida,Leg 1 of 2,qualification,False,False,,,
Conference League,2026/27,2026,Play-off round,,Thu,2026-08-20,20:00,be,Sint-Truiden,1,1–0,cy,AC Omonia,0,6214,Daio Wasabi Stayen Stadium,Georgi Kabakov,Leg 1 of 2,qualification,False,False,,,
Conference League,2026/27,2026,Play-off round,,Thu,2026-08-20,20:00,tr,Trabzonspor,0,0–1,hu,Ferencváros,1,32569,Papara Park Stadyumu,Igor Pajač,Leg 1 of 2,qualification,False,False,,,
Conference League,2026/27,2026,Play-off round,,Thu,2026-08-20,20:00,ro,CS U Craiova,1,1–1,am,Ararat-Armenia,1,22712,Stadionul Ion Oblemenco,Nick Walsh,Leg 1 of 2,qualification,False,False,,,
Conference League,2026/27,2026,Play-off round,,Thu,2026-08-20,21:00,gr,OFI Crete,3,3–0,bg,CSKA Sofia,0,12668,Pankritio Stadio,Srđan Jovanović,Leg 1 of 2,qualification,False,False,,,
Conference League,2026/27,2026,Play-off round,,Thu,2026-08-27,19:00,cz,Viktoria Plzeň,5,5–1,rs,Red Star,1,9238,Doosan Arena,Danny Makkelie,Leg 2 of 2; Viktoria Plzeň won; Required Extra Time,qualification,True,False,,,
Conference League,2026/27,2026,Play-off round,,Thu,2026-08-27,19:00,at,RB Salzburg,3,3–0,se,Mjällby,0,7654,Red Bull Arena,Irfan Peljto,Leg 2 of 2; RB Salzburg won,qualification,False,False,,,
Conference League,2026/27,2026,Play-off round,,Thu,2026-08-27,19:00,no,Lillestrøm,2,2–1,al,FK Egnatia,1,8010,Åråsen Stadion,João Pinheiro,Leg 2 of 2; Lillestrøm won; Required Extra Time,qualification,True,False,,,
Conference League,2026/27,2026,Play-off round,,Thu,2026-08-27,20:00,ge,Iberia 1999,1,1–2,pl,Jagiellonia,2,3014,Mikheil Meskhis Sakhelobis Stadioni,Simone Sozza,Leg 2 of 2; Jagiellonia won,qualification,False,False,,,
Conference League,2026/27,2026,Play-off round,,Thu,2026-08-27,20:00,am,Ararat-Armenia,1,1–0,ro,CS U Craiova,0,9280,Vazgen Sargsyan anvan Hanrapetakan Marza...,Donatas Rumšas,Leg 2 of 2; Ararat-Armenia won,qualification,False,False,,,
Conference League,2026/27,2026,Play-off round,,Thu,2026-08-27,20:00,cy,AC Omonia,4,4–2,be,Sint-Truiden,2,15008,Neo GSP,Damian Sylwestrzak,Leg 2 of 2; AC Omonia won,qualification,False,False,,,
Conference League,2026/27,2026,Play-off round,,Thu,2026-08-27,20:00,lt,Kauno Žalgiris,1,1–0,tr,Beşiktaş,0,7079,S. Dariaus ir S. Girėno stadionas,Jesús Gil,Leg 2 of 2; Beşiktaş won,qualification,False,False,,,
Conference League,2026/27,2026,Play-off round,,Thu,2026-08-27,20:00,ch,Thun,2,2–2,pl,Lech Poznań,2,5223,Stockhorn Arena,Halil Umut Meler,Leg 2 of 2; Lech Poznań won,qualification,False,False,,,
Conference League,2026/27,2026,Play-off round,,Thu,2026-08-27,20:00,dk,AGF,1,1–3,pt,Benfica,3,8945,Cepheus Park Randers,Daniel Siebert,Leg 2 of 2; Benfica won,qualification,False,False,,,
Conference League,2026/27,2026,Play-off round,,Thu,2026-08-27,20:30,hu,Ferencváros,4,4–0,tr,Trabzonspor,0,21011,Groupama Arena,Rade Obrenović,Leg 2 of 2; Ferencváros won,qualification,False,False,,,
Conference League,2026/27,2026,Play-off round,,Thu,2026-08-27,20:30,be,Anderlecht,3,3–0,kz,FC Kairat,0,16861,Lotto Park,Espen Eskås,Leg 2 of 2; Anderlecht won,qualification,False,False,,,
Conference League,2026/27,2026,Play-off round,,Thu,2026-08-27,21:00,bg,CSKA Sofia,0,0–2,gr,OFI Crete,2,12668,Stadion Vasil Levski,Ivan Kružliak,Leg 2 of 2; OFI Crete won,qualification,False,False,,,
